site,time,obs_permil,mix_c14_nuclear,mix_c14_ocedis,mix_c14_biodis,mix_c14_ocean,mix_c14_biosphere,mix_c14_fossil,mix_bg_D14C
CBW,2018-01-01 11:00:00,-11.220633430211858,6.738062287109705,0.03390800266266123,0.16247038931889676,-0.0007779703307114017,0.03822058461365961,-19.254712419767923,1.08800628017432
CBW,2018-01-02 11:00:00,-11.220633430211858,6.738062287109705,0.03390800266266123,0.16247038931889676,-0.0007779703307114017,0.03822058461365961,-19.254712419767923,1.08800628017432
CBW,2018-01-03 11:00:00,-11.220633430211858,6.738062287109705,0.03390800266266123,0.16247038931889676,-0.0007779703307114017,0.03822058461365961,-19.254712419767923,1.08800628017432
CBW,2018-01-04 11:00:00,-11.220633430211858,6.738062287109705,0.03390800266266123,0.16247038931889676,-0.0007779703307114017,0.03822058461365961,-19.254712419767923,1.08800628017432
CBW,2018-01-05 11:00:00,-11.220633430211858,6.738062287109705,0.03390800266266123,0.16247038931889676,-0.0007779703307114017,0.03822058461365961,-19.254712419767923,1.08800628017432
CBW,2018-01-06 11:00:00,-11.220633430211858,6.738062287109705,0.03390800266266123,0.16247038931889676,-0.0007779703307114017,0.03822058461365961,-19.254712419767923,1.08800628017432
CBW,2018-01-07 11:00:00,-11.220633430211858,6.738062287109705,0.03390800266266123,0.16247038931889676,-0.0007779703307114017,0.03822058461365961,-19.254712419767923,1.08800628017432
CBW,2018-01-08 11:00:00,-11.220633430211858,6.738062287109705,0.03390800266266123,0.16247038931889676,-0.0007779703307114017,0.03822058461365961,-19.254712419767923,1.08800628017432
CBW,2018-01-09 11:00:00,-11.220633430211858,6.738062287109705,0.03390800266266123,0.16247038931889676,-0.0007779703307114017,0.03822058461365961,-19.254712419767923,1.08800628017432
CBW,2018-01-10 11:00:00,-11.220633430211858,6.738062287109705,0.03390800266266123,0.16247038931889676,-0.0007779703307114017,0.03822058461365961,-19.254712419767923,1.08800628017432
CBW,2018-01-11 11:00:00,-11.220633430211858,6.738062287109705,0.03390800266266123,0.16247038931889676,-0.0007779703307114017,0.03822058461365961,-19.254712419767923,1.08800628017432
CBW,2018-01-12 11:00:00,-11.220633430211858,6.738062287109705,0.03390800266266123,0.16247038931889676,-0.0007779703307114017,0.03822058461365961,-19.254712419767923,1.08800628017432
CBW,2018-01-13 11:00:00,-11.220633430211858,6.738062287109705,0.03390800266266123,0.16247038931889676,-0.0007779703307114017,0.03822058461365961,-19.254712419767923,1.08800628017432
CBW,2018-01-14 11:00:00,-11.220633430211858,6.738062287109705,0.03390800266266123,0.16247038931889676,-0.0007779703307114017,0.03822058461365961,-19.254712419767923,1.08800628017432
CBW,2018-01-15 11:00:00,-11.220633430211858,6.738062287109705,0.03390800266266123,0.16247038931889676,-0.0007779703307114017,0.03822058461365961,-19.254712419767923,1.08800628017432
CBW,2018-01-15 11:00:00,-23.275760596493306,3.8864638543819003,0.010055046805357393,0.3140802506230713,-0.00042315137698195225,0.0947842485964777,-27.968000313693878,0.4041011534575303
CBW,2018-01-16 11:00:00,-23.275760596493306,3.8864638543819003,0.010055046805357393,0.3140802506230713,-0.00042315137698195225,0.0947842485964777,-27.968000313693878,0.4041011534575303
CBW,2018-01-17 11:00:00,-23.275760596493306,3.8864638543819003,0.010055046805357393,0.3140802506230713,-0.00042315137698195225,0.0947842485964777,-27.968000313693878,0.4041011534575303
CBW,2018-01-18 11:00:00,-23.275760596493306,3.8864638543819003,0.010055046805357393,0.3140802506230713,-0.00042315137698195225,0.0947842485964777,-27.968000313693878,0.4041011534575303
CBW,2018-01-19 11:00:00,-23.275760596493306,3.8864638543819003,0.010055046805357393,0.3140802506230713,-0.00042315137698195225,0.0947842485964777,-27.968000313693878,0.4041011534575303
CBW,2018-01-20 11:00:00,-23.275760596493306,3.8864638543819003,0.010055046805357393,0.3140802506230713,-0.00042315137698195225,0.0947842485964777,-27.968000313693878,0.4041011534575303
CBW,2018-01-21 11:00:00,-23.275760596493306,3.8864638543819003,0.010055046805357393,0.3140802506230713,-0.00042315137698195225,0.0947842485964777,-27.968000313693878,0.4041011534575303
CBW,2018-01-22 11:00:00,-23.275760596493306,3.8864638543819003,0.010055046805357393,0.3140802506230713,-0.00042315137698195225,0.0947842485964777,-27.968000313693878,0.4041011534575303
CBW,2018-01-23 11:00:00,-23.275760596493306,3.8864638543819003,0.010055046805357393,0.3140802506230713,-0.00042315137698195225,0.0947842485964777,-27.968000313693878,0.4041011534575303
CBW,2018-01-24 11:00:00,-23.275760596493306,3.8864638543819003,0.010055046805357393,0.3140802506230713,-0.00042315137698195225,0.0947842485964777,-27.968000313693878,0.4041011534575303
CBW,2018-01-25 11:00:00,-23.275760596493306,3.8864638543819003,0.010055046805357393,0.3140802506230713,-0.00042315137698195225,0.0947842485964777,-27.968000313693878,0.4041011534575303
CBW,2018-01-26 11:00:00,-23.275760596493306,3.8864638543819003,0.010055046805357393,0.3140802506230713,-0.00042315137698195225,0.0947842485964777,-27.968000313693878,0.4041011534575303
CBW,2018-01-27 11:00:00,-23.275760596493306,3.8864638543819003,0.010055046805357393,0.3140802506230713,-0.00042315137698195225,0.0947842485964777,-27.968000313693878,0.4041011534575303
CBW,2018-01-28 11:00:00,-23.275760596493306,3.8864638543819003,0.010055046805357393,0.3140802506230713,-0.00042315137698195225,0.0947842485964777,-27.968000313693878,0.4041011534575303
CBW,2018-01-29 11:00:00,-23.275760596493306,3.8864638543819003,0.010055046805357393,0.3140802506230713,-0.00042315137698195225,0.0947842485964777,-27.968000313693878,0.4041011534575303
CBW,2018-01-29 11:00:00,-9.815420901006442,3.7226048955023434,0.015878614351135675,0.1045432917107593,-0.0005661894436421132,0.03353071760523026,-13.101518512833346,-0.6006324166856252
CBW,2018-01-30 11:00:00,-9.815420901006442,3.7226048955023434,0.015878614351135675,0.1045432917107593,-0.0005661894436421132,0.03353071760523026,-13.101518512833346,-0.6006324166856252
CBW,2018-01-31 11:00:00,-9.815420901006442,3.7226048955023434,0.015878614351135675,0.1045432917107593,-0.0005661894436421132,0.03353071760523026,-13.101518512833346,-0.6006324166856252
CBW,2018-02-01 11:00:00,-9.815420901006442,3.7226048955023434,0.015878614351135675,0.1045432917107593,-0.0005661894436421132,0.03353071760523026,-13.101518512833346,-0.6006324166856252
CBW,2018-02-02 11:00:00,-9.815420901006442,3.7226048955023434,0.015878614351135675,0.1045432917107593,-0.0005661894436421132,0.03353071760523026,-13.101518512833346,-0.6006324166856252
CBW,2018-02-03 11:00:00,-9.815420901006442,3.7226048955023434,0.015878614351135675,0.1045432917107593,-0.0005661894436421132,0.03353071760523026,-13.101518512833346,-0.6006324166856252
CBW,2018-02-04 11:00:00,-9.815420901006442,3.7226048955023434,0.015878614351135675,0.1045432917107593,-0.0005661894436421132,0.03353071760523026,-13.101518512833346,-0.6006324166856252
CBW,2018-02-05 11:00:00,-9.815420901006442,3.7226048955023434,0.015878614351135675,0.1045432917107593,-0.0005661894436421132,0.03353071760523026,-13.101518512833346,-0.6006324166856252
CBW,2018-02-06 11:00:00,-9.815420901006442,3.7226048955023434,0.015878614351135675,0.1045432917107593,-0.0005661894436421132,0.03353071760523026,-13.101518512833346,-0.6006324166856252
CBW,2018-02-07 11:00:00,-9.815420901006442,3.7226048955023434,0.015878614351135675,0.1045432917107593,-0.0005661894436421132,0.03353071760523026,-13.101518512833346,-0.6006324166856252
CBW,2018-02-08 11:00:00,-9.815420901006442,3.7226048955023434,0.015878614351135675,0.1045432917107593,-0.0005661894436421132,0.03353071760523026,-13.101518512833346,-0.6006324166856252
CBW,2018-02-09 11:00:00,-9.815420901006442,3.7226048955023434,0.015878614351135675,0.1045432917107593,-0.0005661894436421132,0.03353071760523026,-13.101518512833346,-0.6006324166856252
CBW,2018-02-10 11:00:00,-9.815420901006442,3.7226048955023434,0.015878614351135675,0.1045432917107593,-0.0005661894436421132,0.03353071760523026,-13.101518512833346,-0.6006324166856252
CBW,2018-02-11 11:00:00,-9.815420901006442,3.7226048955023434,0.015878614351135675,0.1045432917107593,-0.0005661894436421132,0.03353071760523026,-13.101518512833346,-0.6006324166856252
CBW,2018-02-12 11:00:00,-9.815420901006442,3.7226048955023434,0.015878614351135675,0.1045432917107593,-0.0005661894436421132,0.03353071760523026,-13.101518512833346,-0.6006324166856252
CBW,2018-02-12 11:00:00,-15.328800101284726,3.6066874864325027,0.007342928531848549,0.21089277122542466,-0.00028048342744297874,0.04718195066489321,-18.652645456068957,-0.562253566250533
CBW,2018-02-13 11:00:00,-15.328800101284726,3.6066874864325027,0.007342928531848549,0.21089277122542466,-0.00028048342744297874,0.04718195066489321,-18.652645456068957,-0.562253566250533
CBW,2018-02-14 11:00:00,-15.328800101284726,3.6066874864325027,0.007342928531848549,0.21089277122542466,-0.00028048342744297874,0.04718195066489321,-18.652645456068957,-0.562253566250533
CBW,2018-02-15 11:00:00,-15.328800101284726,3.6066874864325027,0.007342928531848549,0.21089277122542466,-0.00028048342744297874,0.04718195066489321,-18.652645456068957,-0.562253566250533
CBW,2018-02-16 11:00:00,-15.328800101284726,3.6066874864325027,0.007342928531848549,0.21089277122542466,-0.00028048342744297874,0.04718195066489321,-18.652645456068957,-0.562253566250533
CBW,2018-02-17 11:00:00,-15.328800101284726,3.6066874864325027,0.007342928531848549,0.21089277122542466,-0.00028048342744297874,0.04718195066489321,-18.652645456068957,-0.562253566250533
CBW,2018-02-18 11:00:00,-15.328800101284726,3.6066874864325027,0.007342928531848549,0.21089277122542466,-0.00028048342744297874,0.04718195066489321,-18.652645456068957,-0.562253566250533
CBW,2018-02-19 11:00:00,-15.328800101284726,3.6066874864325027,0.007342928531848549,0.21089277122542466,-0.00028048342744297874,0.04718195066489321,-18.652645456068957,-0.562253566250533
CBW,2018-02-20 11:00:00,-15.328800101284726,3.6066874864325027,0.007342928531848549,0.21089277122542466,-0.00028048342744297874,0.04718195066489321,-18.652645456068957,-0.562253566250533
CBW,2018-02-21 11:00:00,-15.328800101284726,3.6066874864325027,0.007342928531848549,0.21089277122542466,-0.00028048342744297874,0.04718195066489321,-18.652645456068957,-0.562253566250533
CBW,2018-02-22 11:00:00,-15.328800101284726,3.6066874864325027,0.007342928531848549,0.21089277122542466,-0.00028048342744297874,0.04718195066489321,-18.652645456068957,-0.562253566250533
CBW,2018-02-23 11:00:00,-15.328800101284726,3.6066874864325027,0.007342928531848549,0.21089277122542466,-0.00028048342744297874,0.04718195066489321,-18.652645456068957,-0.562253566250533
CBW,2018-02-24 11:00:00,-15.328800101284726,3.6066874864325027,0.007342928531848549,0.21089277122542466,-0.00028048342744297874,0.04718195066489321,-18.652645456068957,-0.562253566250533
CBW,2018-02-25 11:00:00,-15.328800101284726,3.6066874864325027,0.007342928531848549,0.21089277122542466,-0.00028048342744297874,0.04718195066489321,-18.652645456068957,-0.562253566250533
CBW,2018-02-26 11:00:00,-15.328800101284726,3.6066874864325027,0.007342928531848549,0.21089277122542466,-0.00028048342744297874,0.04718195066489321,-18.652645456068957,-0.562253566250533
CBW,2018-02-26 11:00:00,-18.081474351171032,2.467408889717116,0.0033611781999833656,0.2590580228429987,5.5379631868130646e-05,0.03644038528010182,-19.41099125653251,-1.4731093886944262
CBW,2018-02-27 11:00:00,-18.081474351171032,2.467408889717116,0.0033611781999833656,0.2590580228429987,5.5379631868130646e-05,0.03644038528010182,-19.41099125653251,-1.4731093886944262
CBW,2018-02-28 11:00:00,-18.081474351171032,2.467408889717116,0.0033611781999833656,0.2590580228429987,5.5379631868130646e-05,0.03644038528010182,-19.41099125653251,-1.4731093886944262
CBW,2018-03-01 11:00:00,-18.081474351171032,2.467408889717116,0.0033611781999833656,0.2590580228429987,5.5379631868130646e-05,0.03644038528010182,-19.41099125653251,-1.4731093886944262
CBW,2018-03-02 11:00:00,-18.081474351171032,2.467408889717116,0.0033611781999833656,0.2590580228429987,5.5379631868130646e-05,0.03644038528010182,-19.41099125653251,-1.4731093886944262
CBW,2018-03-03 11:00:00,-18.081474351171032,2.467408889717116,0.0033611781999833656,0.2590580228429987,5.5379631868130646e-05,0.03644038528010182,-19.41099125653251,-1.4731093886944262
CBW,2018-03-04 11:00:00,-18.081474351171032,2.467408889717116,0.0033611781999833656,0.2590580228429987,5.5379631868130646e-05,0.03644038528010182,-19.41099125653251,-1.4731093886944262
CBW,2018-03-05 11:00:00,-18.081474351171032,2.467408889717116,0.0033611781999833656,0.2590580228429987,5.5379631868130646e-05,0.03644038528010182,-19.41099125653251,-1.4731093886944262
CBW,2018-03-06 11:00:00,-18.081474351171032,2.467408889717116,0.0033611781999833656,0.2590580228429987,5.5379631868130646e-05,0.03644038528010182,-19.41099125653251,-1.4731093886944262
CBW,2018-03-07 11:00:00,-18.081474351171032,2.467408889717116,0.0033611781999833656,0.2590580228429987,5.5379631868130646e-05,0.03644038528010182,-19.41099125653251,-1.4731093886944262
CBW,2018-03-08 11:00:00,-18.081474351171032,2.467408889717116,0.0033611781999833656,0.2590580228429987,5.5379631868130646e-05,0.03644038528010182,-19.41099125653251,-1.4731093886944262
CBW,2018-03-09 11:00:00,-18.081474351171032,2.467408889717116,0.0033611781999833656,0.2590580228429987,5.5379631868130646e-05,0.03644038528010182,-19.41099125653251,-1.4731093886944262
CBW,2018-03-10 11:00:00,-18.081474351171032,2.467408889717116,0.0033611781999833656,0.2590580228429987,5.5379631868130646e-05,0.03644038528010182,-19.41099125653251,-1.4731093886944262
CBW,2018-03-11 11:00:00,-18.081474351171032,2.467408889717116,0.0033611781999833656,0.2590580228429987,5.5379631868130646e-05,0.03644038528010182,-19.41099125653251,-1.4731093886944262
CBW,2018-03-12 11:00:00,-18.081474351171032,2.467408889717116,0.0033611781999833656,0.2590580228429987,5.5379631868130646e-05,0.03644038528010182,-19.41099125653251,-1.4731093886944262
CBW,2018-03-12 11:00:00,-16.03556052908002,3.162204965122668,0.012223910179582154,0.34014201411671213,-0.0004003779575090754,0.016665741001776112,-18.15001090770283,-1.4476173017109115
CBW,2018-03-13 11:00:00,-16.03556052908002,3.162204965122668,0.012223910179582154,0.34014201411671213,-0.0004003779575090754,0.016665741001776112,-18.15001090770283,-1.4476173017109115
CBW,2018-03-14 11:00:00,-16.03556052908002,3.162204965122668,0.012223910179582154,0.34014201411671213,-0.0004003779575090754,0.016665741001776112,-18.15001090770283,-1.4476173017109115
CBW,2018-03-15 11:00:00,-16.03556052908002,3.162204965122668,0.012223910179582154,0.34014201411671213,-0.0004003779575090754,0.016665741001776112,-18.15001090770283,-1.4476173017109115
CBW,2018-03-16 11:00:00,-16.03556052908002,3.162204965122668,0.012223910179582154,0.34014201411671213,-0.0004003779575090754,0.016665741001776112,-18.15001090770283,-1.4476173017109115
CBW,2018-03-17 11:00:00,-16.03556052908002,3.162204965122668,0.012223910179582154,0.34014201411671213,-0.0004003779575090754,0.016665741001776112,-18.15001090770283,-1.4476173017109115
CBW,2018-03-18 11:00:00,-16.03556052908002,3.162204965122668,0.012223910179582154,0.34014201411671213,-0.0004003779575090754,0.016665741001776112,-18.15001090770283,-1.4476173017109115
CBW,2018-03-19 11:00:00,-16.03556052908002,3.162204965122668,0.012223910179582154,0.34014201411671213,-0.0004003779575090754,0.016665741001776112,-18.15001090770283,-1.4476173017109115
CBW,2018-03-20 11:00:00,-16.03556052908002,3.162204965122668,0.012223910179582154,0.34014201411671213,-0.0004003779575090754,0.016665741001776112,-18.15001090770283,-1.4476173017109115
CBW,2018-03-21 11:00:00,-16.03556052908002,3.162204965122668,0.012223910179582154,0.34014201411671213,-0.0004003779575090754,0.016665741001776112,-18.15001090770283,-1.4476173017109115
CBW,2018-03-22 11:00:00,-16.03556052908002,3.162204965122668,0.012223910179582154,0.34014201411671213,-0.0004003779575090754,0.016665741001776112,-18.15001090770283,-1.4476173017109115
CBW,2018-03-23 11:00:00,-16.03556052908002,3.162204965122668,0.012223910179582154,0.34014201411671213,-0.0004003779575090754,0.016665741001776112,-18.15001090770283,-1.4476173017109115
CBW,2018-03-24 11:00:00,-16.03556052908002,3.162204965122668,0.012223910179582154,0.34014201411671213,-0.0004003779575090754,0.016665741001776112,-18.15001090770283,-1.4476173017109115
CBW,2018-03-25 11:00:00,-16.03556052908002,3.162204965122668,0.012223910179582154,0.34014201411671213,-0.0004003779575090754,0.016665741001776112,-18.15001090770283,-1.4476173017109115
CBW,2018-03-26 11:00:00,-16.03556052908002,3.162204965122668,0.012223910179582154,0.34014201411671213,-0.0004003779575090754,0.016665741001776112,-18.15001090770283,-1.4476173017109115
CBW,2018-03-26 11:00:00,-11.87517433789855,3.6980607153116694,0.009625805775535696,0.23434753745151624,-0.000857722408756271,0.0061227785493347476,-14.658622728875846,-1.1827724083571187
CBW,2018-03-27 11:00:00,-11.87517433789855,3.6980607153116694,0.009625805775535696,0.23434753745151624,-0.000857722408756271,0.0061227785493347476,-14.658622728875846,-1.1827724083571187
CBW,2018-03-28 11:00:00,-11.87517433789855,3.6980607153116694,0.009625805775535696,0.23434753745151624,-0.000857722408756271,0.0061227785493347476,-14.658622728875846,-1.1827724083571187
CBW,2018-03-29 11:00:00,-11.87517433789855,3.6980607153116694,0.009625805775535696,0.23434753745151624,-0.000857722408756271,0.0061227785493347476,-14.658622728875846,-1.1827724083571187
CBW,2018-03-30 11:00:00,-11.87517433789855,3.6980607153116694,0.009625805775535696,0.23434753745151624,-0.000857722408756271,0.0061227785493347476,-14.658622728875846,-1.1827724083571187
CBW,2018-03-31 11:00:00,-11.87517433789855,3.6980607153116694,0.009625805775535696,0.23434753745151624,-0.000857722408756271,0.0061227785493347476,-14.658622728875846,-1.1827724083571187
CBW,2018-04-01 11:00:00,-11.87517433789855,3.6980607153116694,0.009625805775535696,0.23434753745151624,-0.000857722408756271,0.0061227785493347476,-14.658622728875846,-1.1827724083571187
CBW,2018-04-02 11:00:00,-11.87517433789855,3.6980607153116694,0.009625805775535696,0.23434753745151624,-0.000857722408756271,0.0061227785493347476,-14.658622728875846,-1.1827724083571187
CBW,2018-04-03 11:00:00,-11.87517433789855,3.6980607153116694,0.009625805775535696,0.23434753745151624,-0.000857722408756271,0.0061227785493347476,-14.658622728875846,-1.1827724083571187
CBW,2018-04-04 11:00:00,-11.87517433789855,3.6980607153116694,0.009625805775535696,0.23434753745151624,-0.000857722408756271,0.0061227785493347476,-14.658622728875846,-1.1827724083571187
CBW,2018-04-05 11:00:00,-11.87517433789855,3.6980607153116694,0.009625805775535696,0.23434753745151624,-0.000857722408756271,0.0061227785493347476,-14.658622728875846,-1.1827724083571187
CBW,2018-04-06 11:00:00,-11.87517433789855,3.6980607153116694,0.009625805775535696,0.23434753745151624,-0.000857722408756271,0.0061227785493347476,-14.658622728875846,-1.1827724083571187
CBW,2018-04-07 11:00:00,-11.87517433789855,3.6980607153116694,0.009625805775535696,0.23434753745151624,-0.000857722408756271,0.0061227785493347476,-14.658622728875846,-1.1827724083571187
CBW,2018-04-08 11:00:00,-11.87517433789855,3.6980607153116694,0.009625805775535696,0.23434753745151624,-0.000857722408756271,0.0061227785493347476,-14.658622728875846,-1.1827724083571187
CBW,2018-04-09 11:00:00,-11.87517433789855,3.6980607153116694,0.009625805775535696,0.23434753745151624,-0.000857722408756271,0.0061227785493347476,-14.658622728875846,-1.1827724083571187
CBW,2018-04-09 11:00:00,-13.325766023127978,2.753215438055358,0.009952036063348838,0.4449915558990737,-0.0013908980643855947,0.005340327223285696,-15.5248969217364,-1.0300926873363816
CBW,2018-04-10 11:00:00,-13.325766023127978,2.753215438055358,0.009952036063348838,0.4449915558990737,-0.0013908980643855947,0.005340327223285696,-15.5248969217364,-1.0300926873363816
CBW,2018-04-11 11:00:00,-13.325766023127978,2.753215438055358,0.009952036063348838,0.4449915558990737,-0.0013908980643855947,0.005340327223285696,-15.5248969217364,-1.0300926873363816
CBW,2018-04-12 11:00:00,-13.325766023127978,2.753215438055358,0.009952036063348838,0.4449915558990737,-0.0013908980643855947,0.005340327223285696,-15.5248969217364,-1.0300926873363816
CBW,2018-04-13 11:00:00,-13.325766023127978,2.753215438055358,0.009952036063348838,0.4449915558990737,-0.0013908980643855947,0.005340327223285696,-15.5248969217364,-1.0300926873363816
CBW,2018-04-14 11:00:00,-13.325766023127978,2.753215438055358,0.009952036063348838,0.4449915558990737,-0.0013908980643855947,0.005340327223285696,-15.5248969217364,-1.0300926873363816
CBW,2018-04-15 11:00:00,-13.325766023127978,2.753215438055358,0.009952036063348838,0.4449915558990737,-0.0013908980643855947,0.005340327223285696,-15.5248969217364,-1.0300926873363816
CBW,2018-04-16 11:00:00,-13.325766023127978,2.753215438055358,0.009952036063348838,0.4449915558990737,-0.0013908980643855947,0.005340327223285696,-15.5248969217364,-1.0300926873363816
CBW,2018-04-17 11:00:00,-13.325766023127978,2.753215438055358,0.009952036063348838,0.4449915558990737,-0.0013908980643855947,0.005340327223285696,-15.5248969217364,-1.0300926873363816
CBW,2018-04-18 11:00:00,-13.325766023127978,2.753215438055358,0.009952036063348838,0.4449915558990737,-0.0013908980643855947,0.005340327223285696,-15.5248969217364,-1.0300926873363816
CBW,2018-04-19 11:00:00,-13.325766023127978,2.753215438055358,0.009952036063348838,0.4449915558990737,-0.0013908980643855947,0.005340327223285696,-15.5248969217364,-1.0300926873363816
CBW,2018-04-20 11:00:00,-13.325766023127978,2.753215438055358,0.009952036063348838,0.4449915558990737,-0.0013908980643855947,0.005340327223285696,-15.5248969217364,-1.0300926873363816
CBW,2018-04-21 11:00:00,-13.325766023127978,2.753215438055358,0.009952036063348838,0.4449915558990737,-0.0013908980643855947,0.005340327223285696,-15.5248969217364,-1.0300926873363816
CBW,2018-04-22 11:00:00,-13.325766023127978,2.753215438055358,0.009952036063348838,0.4449915558990737,-0.0013908980643855947,0.005340327223285696,-15.5248969217364,-1.0300926873363816
CBW,2018-04-23 11:00:00,-13.325766023127978,2.753215438055358,0.009952036063348838,0.4449915558990737,-0.0013908980643855947,0.005340327223285696,-15.5248969217364,-1.0300926873363816
CBW,2018-04-23 11:00:00,-17.032427911948812,7.503299035036496,0.009469011536849809,1.0037843827929291,-0.002032864777955572,-0.023661751692722527,-23.63076592997718,-1.9277865373598964
CBW,2018-04-24 11:00:00,-17.032427911948812,7.503299035036496,0.009469011536849809,1.0037843827929291,-0.002032864777955572,-0.023661751692722527,-23.63076592997718,-1.9277865373598964
CBW,2018-04-25 11:00:00,-17.032427911948812,7.503299035036496,0.009469011536849809,1.0037843827929291,-0.002032864777955572,-0.023661751692722527,-23.63076592997718,-1.9277865373598964
CBW,2018-04-26 11:00:00,-17.032427911948812,7.503299035036496,0.009469011536849809,1.0037843827929291,-0.002032864777955572,-0.023661751692722527,-23.63076592997718,-1.9277865373598964
CBW,2018-04-27 11:00:00,-17.032427911948812,7.503299035036496,0.009469011536849809,1.0037843827929291,-0.002032864777955572,-0.023661751692722527,-23.63076592997718,-1.9277865373598964
CBW,2018-04-28 11:00:00,-17.032427911948812,7.503299035036496,0.009469011536849809,1.0037843827929291,-0.002032864777955572,-0.023661751692722527,-23.63076592997718,-1.9277865373598964
CBW,2018-04-29 11:00:00,-17.032427911948812,7.503299035036496,0.009469011536849809,1.0037843827929291,-0.002032864777955572,-0.023661751692722527,-23.63076592997718,-1.9277865373598964
CBW,2018-04-30 11:00:00,-17.032427911948812,7.503299035036496,0.009469011536849809,1.0037843827929291,-0.002032864777955572,-0.023661751692722527,-23.63076592997718,-1.9277865373598964
CBW,2018-05-01 11:00:00,-17.032427911948812,7.503299035036496,0.009469011536849809,1.0037843827929291,-0.002032864777955572,-0.023661751692722527,-23.63076592997718,-1.9277865373598964
CBW,2018-05-02 11:00:00,-17.032427911948812,7.503299035036496,0.009469011536849809,1.0037843827929291,-0.002032864777955572,-0.023661751692722527,-23.63076592997718,-1.9277865373598964
CBW,2018-05-03 11:00:00,-17.032427911948812,7.503299035036496,0.009469011536849809,1.0037843827929291,-0.002032864777955572,-0.023661751692722527,-23.63076592997718,-1.9277865373598964
CBW,2018-05-04 11:00:00,-17.032427911948812,7.503299035036496,0.009469011536849809,1.0037843827929291,-0.002032864777955572,-0.023661751692722527,-23.63076592997718,-1.9277865373598964
CBW,2018-05-05 11:00:00,-17.032427911948812,7.503299035036496,0.009469011536849809,1.0037843827929291,-0.002032864777955572,-0.023661751692722527,-23.63076592997718,-1.9277865373598964
CBW,2018-05-06 11:00:00,-17.032427911948812,7.503299035036496,0.009469011536849809,1.0037843827929291,-0.002032864777955572,-0.023661751692722527,-23.63076592997718,-1.9277865373598964
CBW,2018-05-07 11:00:00,-17.032427911948812,7.503299035036496,0.009469011536849809,1.0037843827929291,-0.002032864777955572,-0.023661751692722527,-23.63076592997718,-1.9277865373598964
CBW,2018-05-07 11:00:00,-4.715864274076155,6.8580005076376835,0.010487177486558523,0.37802442514900886,-0.00242875910770566,-0.015532800385920786,-10.00293301651213,-1.9543380901890417
CBW,2018-05-08 11:00:00,-4.715864274076155,6.8580005076376835,0.010487177486558523,0.37802442514900886,-0.00242875910770566,-0.015532800385920786,-10.00293301651213,-1.9543380901890417
CBW,2018-05-09 11:00:00,-4.715864274076155,6.8580005076376835,0.010487177486558523,0.37802442514900886,-0.00242875910770566,-0.015532800385920786,-10.00293301651213,-1.9543380901890417
CBW,2018-05-10 11:00:00,-4.715864274076155,6.8580005076376835,0.010487177486558523,0.37802442514900886,-0.00242875910770566,-0.015532800385920786,-10.00293301651213,-1.9543380901890417
CBW,2018-05-11 11:00:00,-4.715864274076155,6.8580005076376835,0.010487177486558523,0.37802442514900886,-0.00242875910770566,-0.015532800385920786,-10.00293301651213,-1.9543380901890417
CBW,2018-05-12 11:00:00,-4.715864274076155,6.8580005076376835,0.010487177486558523,0.37802442514900886,-0.00242875910770566,-0.015532800385920786,-10.00293301651213,-1.9543380901890417
CBW,2018-05-13 11:00:00,-4.715864274076155,6.8580005076376835,0.010487177486558523,0.37802442514900886,-0.00242875910770566,-0.015532800385920786,-10.00293301651213,-1.9543380901890417
CBW,2018-05-14 11:00:00,-4.715864274076155,6.8580005076376835,0.010487177486558523,0.37802442514900886,-0.00242875910770566,-0.015532800385920786,-10.00293301651213,-1.9543380901890417
CBW,2018-05-15 11:00:00,-4.715864274076155,6.8580005076376835,0.010487177486558523,0.37802442514900886,-0.00242875910770566,-0.015532800385920786,-10.00293301651213,-1.9543380901890417
CBW,2018-05-16 11:00:00,-4.715864274076155,6.8580005076376835,0.010487177486558523,0.37802442514900886,-0.00242875910770566,-0.015532800385920786,-10.00293301651213,-1.9543380901890417
CBW,2018-05-17 11:00:00,-4.715864274076155,6.8580005076376835,0.010487177486558523,0.37802442514900886,-0.00242875910770566,-0.015532800385920786,-10.00293301651213,-1.9543380901890417
CBW,2018-05-18 11:00:00,-4.715864274076155,6.8580005076376835,0.010487177486558523,0.37802442514900886,-0.00242875910770566,-0.015532800385920786,-10.00293301651213,-1.9543380901890417
CBW,2018-05-19 11:00:00,-4.715864274076155,6.8580005076376835,0.010487177486558523,0.37802442514900886,-0.00242875910770566,-0.015532800385920786,-10.00293301651213,-1.9543380901890417
CBW,2018-05-20 11:00:00,-4.715864274076155,6.8580005076376835,0.010487177486558523,0.37802442514900886,-0.00242875910770566,-0.015532800385920786,-10.00293301651213,-1.9543380901890417
CBW,2018-05-21 11:00:00,-4.715864274076155,6.8580005076376835,0.010487177486558523,0.37802442514900886,-0.00242875910770566,-0.015532800385920786,-10.00293301651213,-1.9543380901890417
CBW,2018-05-21 11:00:00,-12.307012506858266,2.466965240853618,0.004616919320178282,0.6534546062376789,-0.004996379509210237,-0.030427823744250578,-13.758773244855794,-1.6513685544961214
CBW,2018-05-22 11:00:00,-12.307012506858266,2.466965240853618,0.004616919320178282,0.6534546062376789,-0.004996379509210237,-0.030427823744250578,-13.758773244855794,-1.6513685544961214
CBW,2018-05-23 11:00:00,-12.307012506858266,2.466965240853618,0.004616919320178282,0.6534546062376789,-0.004996379509210237,-0.030427823744250578,-13.758773244855794,-1.6513685544961214
CBW,2018-05-24 11:00:00,-12.307012506858266,2.466965240853618,0.004616919320178282,0.6534546062376789,-0.004996379509210237,-0.030427823744250578,-13.758773244855794,-1.6513685544961214
CBW,2018-05-25 11:00:00,-12.307012506858266,2.466965240853618,0.004616919320178282,0.6534546062376789,-0.004996379509210237,-0.030427823744250578,-13.758773244855794,-1.6513685544961214
CBW,2018-05-26 11:00:00,-12.307012506858266,2.466965240853618,0.004616919320178282,0.6534546062376789,-0.004996379509210237,-0.030427823744250578,-13.758773244855794,-1.6513685544961214
CBW,2018-05-27 11:00:00,-12.307012506858266,2.466965240853618,0.004616919320178282,0.6534546062376789,-0.004996379509210237,-0.030427823744250578,-13.758773244855794,-1.6513685544961214
CBW,2018-05-28 11:00:00,-12.307012506858266,2.466965240853618,0.004616919320178282,0.6534546062376789,-0.004996379509210237,-0.030427823744250578,-13.758773244855794,-1.6513685544961214
CBW,2018-05-29 11:00:00,-12.307012506858266,2.466965240853618,0.004616919320178282,0.6534546062376789,-0.004996379509210237,-0.030427823744250578,-13.758773244855794,-1.6513685544961214
CBW,2018-05-30 11:00:00,-12.307012506858266,2.466965240853618,0.004616919320178282,0.6534546062376789,-0.004996379509210237,-0.030427823744250578,-13.758773244855794,-1.6513685544961214
CBW,2018-05-31 11:00:00,-12.307012506858266,2.466965240853618,0.004616919320178282,0.6534546062376789,-0.004996379509210237,-0.030427823744250578,-13.758773244855794,-1.6513685544961214
CBW,2018-06-01 11:00:00,-12.307012506858266,2.466965240853618,0.004616919320178282,0.6534546062376789,-0.004996379509210237,-0.030427823744250578,-13.758773244855794,-1.6513685544961214
CBW,2018-06-02 11:00:00,-12.307012506858266,2.466965240853618,0.004616919320178282,0.6534546062376789,-0.004996379509210237,-0.030427823744250578,-13.758773244855794,-1.6513685544961214
CBW,2018-06-03 11:00:00,-12.307012506858266,2.466965240853618,0.004616919320178282,0.6534546062376789,-0.004996379509210237,-0.030427823744250578,-13.758773244855794,-1.6513685544961214
CBW,2018-06-04 11:00:00,-12.307012506858266,2.466965240853618,0.004616919320178282,0.6534546062376789,-0.004996379509210237,-0.030427823744250578,-13.758773244855794,-1.6513685544961214
CBW,2018-06-04 11:00:00,-16.71629188419835,6.149591657469438,0.012247664349347818,2.067012429592849,-0.002270430909253927,-0.1294633876135378,-22.97253515279319,-1.844464350901379
CBW,2018-06-05 11:00:00,-16.71629188419835,6.149591657469438,0.012247664349347818,2.067012429592849,-0.002270430909253927,-0.1294633876135378,-22.97253515279319,-1.844464350901379
CBW,2018-06-06 11:00:00,-16.71629188419835,6.149591657469438,0.012247664349347818,2.067012429592849,-0.002270430909253927,-0.1294633876135378,-22.97253515279319,-1.844464350901379
CBW,2018-06-07 11:00:00,-16.71629188419835,6.149591657469438,0.012247664349347818,2.067012429592849,-0.002270430909253927,-0.1294633876135378,-22.97253515279319,-1.844464350901379
CBW,2018-06-08 11:00:00,-16.71629188419835,6.149591657469438,0.012247664349347818,2.067012429592849,-0.002270430909253927,-0.1294633876135378,-22.97253515279319,-1.844464350901379
CBW,2018-06-09 11:00:00,-16.71629188419835,6.149591657469438,0.012247664349347818,2.067012429592849,-0.002270430909253927,-0.1294633876135378,-22.97253515279319,-1.844464350901379
CBW,2018-06-10 11:00:00,-16.71629188419835,6.149591657469438,0.012247664349347818,2.067012429592849,-0.002270430909253927,-0.1294633876135378,-22.97253515279319,-1.844464350901379
CBW,2018-06-11 11:00:00,-16.71629188419835,6.149591657469438,0.012247664349347818,2.067012429592849,-0.002270430909253927,-0.1294633876135378,-22.97253515279319,-1.844464350901379
CBW,2018-06-12 11:00:00,-16.71629188419835,6.149591657469438,0.012247664349347818,2.067012429592849,-0.002270430909253927,-0.1294633876135378,-22.97253515279319,-1.844464350901379
CBW,2018-06-13 11:00:00,-16.71629188419835,6.149591657469438,0.012247664349347818,2.067012429592849,-0.002270430909253927,-0.1294633876135378,-22.97253515279319,-1.844464350901379
CBW,2018-06-14 11:00:00,-16.71629188419835,6.149591657469438,0.012247664349347818,2.067012429592849,-0.002270430909253927,-0.1294633876135378,-22.97253515279319,-1.844464350901379
CBW,2018-06-15 11:00:00,-16.71629188419835,6.149591657469438,0.012247664349347818,2.067012429592849,-0.002270430909253927,-0.1294633876135378,-22.97253515279319,-1.844464350901379
CBW,2018-06-16 11:00:00,-16.71629188419835,6.149591657469438,0.012247664349347818,2.067012429592849,-0.002270430909253927,-0.1294633876135378,-22.97253515279319,-1.844464350901379
CBW,2018-06-17 11:00:00,-16.71629188419835,6.149591657469438,0.012247664349347818,2.067012429592849,-0.002270430909253927,-0.1294633876135378,-22.97253515279319,-1.844464350901379
CBW,2018-06-18 11:00:00,-16.71629188419835,6.149591657469438,0.012247664349347818,2.067012429592849,-0.002270430909253927,-0.1294633876135378,-22.97253515279319,-1.844464350901379
CBW,2018-06-18 11:00:00,-7.630367705110813,3.865557515745755,0.005336117733749118,0.6393639413143568,-0.0029887302325544937,-0.013122999575914049,-10.467462136758307,-1.6693671349552843
CBW,2018-06-19 11:00:00,-7.630367705110813,3.865557515745755,0.005336117733749118,0.6393639413143568,-0.0029887302325544937,-0.013122999575914049,-10.467462136758307,-1.6693671349552843
CBW,2018-06-20 11:00:00,-7.630367705110813,3.865557515745755,0.005336117733749118,0.6393639413143568,-0.0029887302325544937,-0.013122999575914049,-10.467462136758307,-1.6693671349552843
CBW,2018-06-21 11:00:00,-7.630367705110813,3.865557515745755,0.005336117733749118,0.6393639413143568,-0.0029887302325544937,-0.013122999575914049,-10.467462136758307,-1.6693671349552843
CBW,2018-06-22 11:00:00,-7.630367705110813,3.865557515745755,0.005336117733749118,0.6393639413143568,-0.0029887302325544937,-0.013122999575914049,-10.467462136758307,-1.6693671349552843
CBW,2018-06-23 11:00:00,-7.630367705110813,3.865557515745755,0.005336117733749118,0.6393639413143568,-0.0029887302325544937,-0.013122999575914049,-10.467462136758307,-1.6693671349552843
CBW,2018-06-24 11:00:00,-7.630367705110813,3.865557515745755,0.005336117733749118,0.6393639413143568,-0.0029887302325544937,-0.013122999575914049,-10.467462136758307,-1.6693671349552843
CBW,2018-06-25 11:00:00,-7.630367705110813,3.865557515745755,0.005336117733749118,0.6393639413143568,-0.0029887302325544937,-0.013122999575914049,-10.467462136758307,-1.6693671349552843
CBW,2018-06-26 11:00:00,-7.630367705110813,3.865557515745755,0.005336117733749118,0.6393639413143568,-0.0029887302325544937,-0.013122999575914049,-10.467462136758307,-1.6693671349552843
CBW,2018-06-27 11:00:00,-7.630367705110813,3.865557515745755,0.005336117733749118,0.6393639413143568,-0.0029887302325544937,-0.013122999575914049,-10.467462136758307,-1.6693671349552843
CBW,2018-06-28 11:00:00,-7.630367705110813,3.865557515745755,0.005336117733749118,0.6393639413143568,-0.0029887302325544937,-0.013122999575914049,-10.467462136758307,-1.6693671349552843
CBW,2018-06-29 11:00:00,-7.630367705110813,3.865557515745755,0.005336117733749118,0.6393639413143568,-0.0029887302325544937,-0.013122999575914049,-10.467462136758307,-1.6693671349552843
CBW,2018-06-30 11:00:00,-7.630367705110813,3.865557515745755,0.005336117733749118,0.6393639413143568,-0.0029887302325544937,-0.013122999575914049,-10.467462136758307,-1.6693671349552843
CBW,2018-07-01 11:00:00,-7.630367705110813,3.865557515745755,0.005336117733749118,0.6393639413143568,-0.0029887302325544937,-0.013122999575914049,-10.467462136758307,-1.6693671349552843
CBW,2018-07-02 11:00:00,-7.630367705110813,3.865557515745755,0.005336117733749118,0.6393639413143568,-0.0029887302325544937,-0.013122999575914049,-10.467462136758307,-1.6693671349552843
CBW,2018-07-02 11:00:00,-3.93069312755937,3.4269846130765163,0.005437025060288187,0.4365494834162911,-0.0017920379243185904,-0.003141086960995862,-6.2777681665944,-1.5243626841249605
CBW,2018-07-03 11:00:00,-3.93069312755937,3.4269846130765163,0.005437025060288187,0.4365494834162911,-0.0017920379243185904,-0.003141086960995862,-6.2777681665944,-1.5243626841249605
CBW,2018-07-04 11:00:00,-3.93069312755937,3.4269846130765163,0.005437025060288187,0.4365494834162911,-0.0017920379243185904,-0.003141086960995862,-6.2777681665944,-1.5243626841249605
CBW,2018-07-05 11:00:00,-3.93069312755937,3.4269846130765163,0.005437025060288187,0.4365494834162911,-0.0017920379243185904,-0.003141086960995862,-6.2777681665944,-1.5243626841249605
CBW,2018-07-06 11:00:00,-3.93069312755937,3.4269846130765163,0.005437025060288187,0.4365494834162911,-0.0017920379243185904,-0.003141086960995862,-6.2777681665944,-1.5243626841249605
CBW,2018-07-07 11:00:00,-3.93069312755937,3.4269846130765163,0.005437025060288187,0.4365494834162911,-0.0017920379243185904,-0.003141086960995862,-6.2777681665944,-1.5243626841249605
CBW,2018-07-08 11:00:00,-3.93069312755937,3.4269846130765163,0.005437025060288187,0.4365494834162911,-0.0017920379243185904,-0.003141086960995862,-6.2777681665944,-1.5243626841249605
CBW,2018-07-09 11:00:00,-3.93069312755937,3.4269846130765163,0.005437025060288187,0.4365494834162911,-0.0017920379243185904,-0.003141086960995862,-6.2777681665944,-1.5243626841249605
CBW,2018-07-10 11:00:00,-3.93069312755937,3.4269846130765163,0.005437025060288187,0.4365494834162911,-0.0017920379243185904,-0.003141086960995862,-6.2777681665944,-1.5243626841249605
CBW,2018-07-11 11:00:00,-3.93069312755937,3.4269846130765163,0.005437025060288187,0.4365494834162911,-0.0017920379243185904,-0.003141086960995862,-6.2777681665944,-1.5243626841249605
CBW,2018-07-12 11:00:00,-3.93069312755937,3.4269846130765163,0.005437025060288187,0.4365494834162911,-0.0017920379243185904,-0.003141086960995862,-6.2777681665944,-1.5243626841249605
CBW,2018-07-13 11:00:00,-3.93069312755937,3.4269846130765163,0.005437025060288187,0.4365494834162911,-0.0017920379243185904,-0.003141086960995862,-6.2777681665944,-1.5243626841249605
CBW,2018-07-14 11:00:00,-3.93069312755937,3.4269846130765163,0.005437025060288187,0.4365494834162911,-0.0017920379243185904,-0.003141086960995862,-6.2777681665944,-1.5243626841249605
CBW,2018-07-15 11:00:00,-3.93069312755937,3.4269846130765163,0.005437025060288187,0.4365494834162911,-0.0017920379243185904,-0.003141086960995862,-6.2777681665944,-1.5243626841249605
CBW,2018-07-16 11:00:00,-3.93069312755937,3.4269846130765163,0.005437025060288187,0.4365494834162911,-0.0017920379243185904,-0.003141086960995862,-6.2777681665944,-1.5243626841249605
CBW,2018-07-16 11:00:00,-5.351064908133037,1.1438398302120867,0.0038960755795563037,0.4315386081318536,-0.0017974762689349495,-0.023996691270825165,-5.4743325615199945,-1.428873551752364
CBW,2018-07-17 11:00:00,-5.351064908133037,1.1438398302120867,0.0038960755795563037,0.4315386081318536,-0.0017974762689349495,-0.023996691270825165,-5.4743325615199945,-1.428873551752364
CBW,2018-07-18 11:00:00,-5.351064908133037,1.1438398302120867,0.0038960755795563037,0.4315386081318536,-0.0017974762689349495,-0.023996691270825165,-5.4743325615199945,-1.428873551752364
CBW,2018-07-19 11:00:00,-5.351064908133037,1.1438398302120867,0.0038960755795563037,0.4315386081318536,-0.0017974762689349495,-0.023996691270825165,-5.4743325615199945,-1.428873551752364
CBW,2018-07-20 11:00:00,-5.351064908133037,1.1438398302120867,0.0038960755795563037,0.4315386081318536,-0.0017974762689349495,-0.023996691270825165,-5.4743325615199945,-1.428873551752364
CBW,2018-07-21 11:00:00,-5.351064908133037,1.1438398302120867,0.0038960755795563037,0.4315386081318536,-0.0017974762689349495,-0.023996691270825165,-5.4743325615199945,-1.428873551752364
CBW,2018-07-22 11:00:00,-5.351064908133037,1.1438398302120867,0.0038960755795563037,0.4315386081318536,-0.0017974762689349495,-0.023996691270825165,-5.4743325615199945,-1.428873551752364
CBW,2018-07-23 11:00:00,-5.351064908133037,1.1438398302120867,0.0038960755795563037,0.4315386081318536,-0.0017974762689349495,-0.023996691270825165,-5.4743325615199945,-1.428873551752364
CBW,2018-07-24 11:00:00,-5.351064908133037,1.1438398302120867,0.0038960755795563037,0.4315386081318536,-0.0017974762689349495,-0.023996691270825165,-5.4743325615199945,-1.428873551752364
CBW,2018-07-25 11:00:00,-5.351064908133037,1.1438398302120867,0.0038960755795563037,0.4315386081318536,-0.0017974762689349495,-0.023996691270825165,-5.4743325615199945,-1.428873551752364
CBW,2018-07-26 11:00:00,-5.351064908133037,1.1438398302120867,0.0038960755795563037,0.4315386081318536,-0.0017974762689349495,-0.023996691270825165,-5.4743325615199945,-1.428873551752364
CBW,2018-07-27 11:00:00,-5.351064908133037,1.1438398302120867,0.0038960755795563037,0.4315386081318536,-0.0017974762689349495,-0.023996691270825165,-5.4743325615199945,-1.428873551752364
CBW,2018-07-28 11:00:00,-5.351064908133037,1.1438398302120867,0.0038960755795563037,0.4315386081318536,-0.0017974762689349495,-0.023996691270825165,-5.4743325615199945,-1.428873551752364
CBW,2018-07-29 11:00:00,-5.351064908133037,1.1438398302120867,0.0038960755795563037,0.4315386081318536,-0.0017974762689349495,-0.023996691270825165,-5.4743325615199945,-1.428873551752364
CBW,2018-07-30 11:00:00,-5.351064908133037,1.1438398302120867,0.0038960755795563037,0.4315386081318536,-0.0017974762689349495,-0.023996691270825165,-5.4743325615199945,-1.428873551752364
CBW,2018-07-30 11:00:00,-4.0342471225558585,6.548897840941673,0.008838957075869805,0.9225331834060242,-0.0004145244778986999,-0.018226069733732513,-10.344328670807688,-1.1582110844383426
CBW,2018-07-31 11:00:00,-4.0342471225558585,6.548897840941673,0.008838957075869805,0.9225331834060242,-0.0004145244778986999,-0.018226069733732513,-10.344328670807688,-1.1582110844383426
CBW,2018-08-01 11:00:00,-4.0342471225558585,6.548897840941673,0.008838957075869805,0.9225331834060242,-0.0004145244778986999,-0.018226069733732513,-10.344328670807688,-1.1582110844383426
CBW,2018-08-02 11:00:00,-4.0342471225558585,6.548897840941673,0.008838957075869805,0.9225331834060242,-0.0004145244778986999,-0.018226069733732513,-10.344328670807688,-1.1582110844383426
CBW,2018-08-03 11:00:00,-4.0342471225558585,6.548897840941673,0.008838957075869805,0.9225331834060242,-0.0004145244778986999,-0.018226069733732513,-10.344328670807688,-1.1582110844383426
CBW,2018-08-04 11:00:00,-4.0342471225558585,6.548897840941673,0.008838957075869805,0.9225331834060242,-0.0004145244778986999,-0.018226069733732513,-10.344328670807688,-1.1582110844383426
CBW,2018-08-05 11:00:00,-4.0342471225558585,6.548897840941673,0.008838957075869805,0.9225331834060242,-0.0004145244778986999,-0.018226069733732513,-10.344328670807688,-1.1582110844383426
CBW,2018-08-06 11:00:00,-4.0342471225558585,6.548897840941673,0.008838957075869805,0.9225331834060242,-0.0004145244778986999,-0.018226069733732513,-10.344328670807688,-1.1582110844383426
CBW,2018-08-07 11:00:00,-4.0342471225558585,6.548897840941673,0.008838957075869805,0.9225331834060242,-0.0004145244778986999,-0.018226069733732513,-10.344328670807688,-1.1582110844383426
CBW,2018-08-08 11:00:00,-4.0342471225558585,6.548897840941673,0.008838957075869805,0.9225331834060242,-0.0004145244778986999,-0.018226069733732513,-10.344328670807688,-1.1582110844383426
CBW,2018-08-09 11:00:00,-4.0342471225558585,6.548897840941673,0.008838957075869805,0.9225331834060242,-0.0004145244778986999,-0.018226069733732513,-10.344328670807688,-1.1582110844383426
CBW,2018-08-10 11:00:00,-4.0342471225558585,6.548897840941673,0.008838957075869805,0.9225331834060242,-0.0004145244778986999,-0.018226069733732513,-10.344328670807688,-1.1582110844383426
CBW,2018-08-11 11:00:00,-4.0342471225558585,6.548897840941673,0.008838957075869805,0.9225331834060242,-0.0004145244778986999,-0.018226069733732513,-10.344328670807688,-1.1582110844383426
CBW,2018-08-12 11:00:00,-4.0342471225558585,6.548897840941673,0.008838957075869805,0.9225331834060242,-0.0004145244778986999,-0.018226069733732513,-10.344328670807688,-1.1582110844383426
CBW,2018-08-13 11:00:00,-4.0342471225558585,6.548897840941673,0.008838957075869805,0.9225331834060242,-0.0004145244778986999,-0.018226069733732513,-10.344328670807688,-1.1582110844383426
CBW,2018-08-13 11:00:00,-3.508881655218303,6.18469221915009,0.010174073944314872,0.7814659935525026,-0.0005723586409094516,0.013605649784354674,-9.176747890705334,-1.3361299259268589
CBW,2018-08-14 11:00:00,-3.508881655218303,6.18469221915009,0.010174073944314872,0.7814659935525026,-0.0005723586409094516,0.013605649784354674,-9.176747890705334,-1.3361299259268589
CBW,2018-08-15 11:00:00,-3.508881655218303,6.18469221915009,0.010174073944314872,0.7814659935525026,-0.0005723586409094516,0.013605649784354674,-9.176747890705334,-1.3361299259268589
CBW,2018-08-16 11:00:00,-3.508881655218303,6.18469221915009,0.010174073944314872,0.7814659935525026,-0.0005723586409094516,0.013605649784354674,-9.176747890705334,-1.3361299259268589
CBW,2018-08-17 11:00:00,-3.508881655218303,6.18469221915009,0.010174073944314872,0.7814659935525026,-0.0005723586409094516,0.013605649784354674,-9.176747890705334,-1.3361299259268589
CBW,2018-08-18 11:00:00,-3.508881655218303,6.18469221915009,0.010174073944314872,0.7814659935525026,-0.0005723586409094516,0.013605649784354674,-9.176747890705334,-1.3361299259268589
CBW,2018-08-19 11:00:00,-3.508881655218303,6.18469221915009,0.010174073944314872,0.7814659935525026,-0.0005723586409094516,0.013605649784354674,-9.176747890705334,-1.3361299259268589
CBW,2018-08-20 11:00:00,-3.508881655218303,6.18469221915009,0.010174073944314872,0.7814659935525026,-0.0005723586409094516,0.013605649784354674,-9.176747890705334,-1.3361299259268589
CBW,2018-08-21 11:00:00,-3.508881655218303,6.18469221915009,0.010174073944314872,0.7814659935525026,-0.0005723586409094516,0.013605649784354674,-9.176747890705334,-1.3361299259268589
CBW,2018-08-22 11:00:00,-3.508881655218303,6.18469221915009,0.010174073944314872,0.7814659935525026,-0.0005723586409094516,0.013605649784354674,-9.176747890705334,-1.3361299259268589
CBW,2018-08-23 11:00:00,-3.508881655218303,6.18469221915009,0.010174073944314872,0.7814659935525026,-0.0005723586409094516,0.013605649784354674,-9.176747890705334,-1.3361299259268589
CBW,2018-08-24 11:00:00,-3.508881655218303,6.18469221915009,0.010174073944314872,0.7814659935525026,-0.0005723586409094516,0.013605649784354674,-9.176747890705334,-1.3361299259268589
CBW,2018-08-25 11:00:00,-3.508881655218303,6.18469221915009,0.010174073944314872,0.7814659935525026,-0.0005723586409094516,0.013605649784354674,-9.176747890705334,-1.3361299259268589
CBW,2018-08-26 11:00:00,-3.508881655218303,6.18469221915009,0.010174073944314872,0.7814659935525026,-0.0005723586409094516,0.013605649784354674,-9.176747890705334,-1.3361299259268589
CBW,2018-08-27 11:00:00,-3.508881655218303,6.18469221915009,0.010174073944314872,0.7814659935525026,-0.0005723586409094516,0.013605649784354674,-9.176747890705334,-1.3361299259268589
CBW,2018-08-27 11:00:00,0.6151782841189485,11.114747542095929,0.01646921166303622,0.7156846223834366,-0.0011265616181740776,0.007157574542429519,-10.14973749731171,-1.100078071458911
CBW,2018-08-28 11:00:00,0.6151782841189485,11.114747542095929,0.01646921166303622,0.7156846223834366,-0.0011265616181740776,0.007157574542429519,-10.14973749731171,-1.100078071458911
CBW,2018-08-29 11:00:00,0.6151782841189485,11.114747542095929,0.01646921166303622,0.7156846223834366,-0.0011265616181740776,0.007157574542429519,-10.14973749731171,-1.100078071458911
CBW,2018-08-30 11:00:00,0.6151782841189485,11.114747542095929,0.01646921166303622,0.7156846223834366,-0.0011265616181740776,0.007157574542429519,-10.14973749731171,-1.100078071458911
CBW,2018-08-31 11:00:00,0.6151782841189485,11.114747542095929,0.01646921166303622,0.7156846223834366,-0.0011265616181740776,0.007157574542429519,-10.14973749731171,-1.100078071458911
CBW,2018-09-01 11:00:00,0.6151782841189485,11.114747542095929,0.01646921166303622,0.7156846223834366,-0.0011265616181740776,0.007157574542429519,-10.14973749731171,-1.100078071458911
CBW,2018-09-02 11:00:00,0.6151782841189485,11.114747542095929,0.01646921166303622,0.7156846223834366,-0.0011265616181740776,0.007157574542429519,-10.14973749731171,-1.100078071458911
CBW,2018-09-03 11:00:00,0.6151782841189485,11.114747542095929,0.01646921166303622,0.7156846223834366,-0.0011265616181740776,0.007157574542429519,-10.14973749731171,-1.100078071458911
CBW,2018-09-04 11:00:00,0.6151782841189485,11.114747542095929,0.01646921166303622,0.7156846223834366,-0.0011265616181740776,0.007157574542429519,-10.14973749731171,-1.100078071458911
CBW,2018-09-05 11:00:00,0.6151782841189485,11.114747542095929,0.01646921166303622,0.7156846223834366,-0.0011265616181740776,0.007157574542429519,-10.14973749731171,-1.100078071458911
CBW,2018-09-06 11:00:00,0.6151782841189485,11.114747542095929,0.01646921166303622,0.7156846223834366,-0.0011265616181740776,0.007157574542429519,-10.14973749731171,-1.100078071458911
CBW,2018-09-07 11:00:00,0.6151782841189485,11.114747542095929,0.01646921166303622,0.7156846223834366,-0.0011265616181740776,0.007157574542429519,-10.14973749731171,-1.100078071458911
CBW,2018-09-08 11:00:00,0.6151782841189485,11.114747542095929,0.01646921166303622,0.7156846223834366,-0.0011265616181740776,0.007157574542429519,-10.14973749731171,-1.100078071458911
CBW,2018-09-09 11:00:00,0.6151782841189485,11.114747542095929,0.01646921166303622,0.7156846223834366,-0.0011265616181740776,0.007157574542429519,-10.14973749731171,-1.100078071458911
CBW,2018-09-10 11:00:00,0.6151782841189485,11.114747542095929,0.01646921166303622,0.7156846223834366,-0.0011265616181740776,0.007157574542429519,-10.14973749731171,-1.100078071458911
CBW,2018-09-10 11:00:00,-9.463986070271936,3.7119068958859947,0.005672376939482204,1.2874660394334987,-0.0012123335341508179,-6.274584933995782e-05,-13.014855244137452,-1.471731049677825
CBW,2018-09-11 11:00:00,-9.463986070271936,3.7119068958859947,0.005672376939482204,1.2874660394334987,-0.0012123335341508179,-6.274584933995782e-05,-13.014855244137452,-1.471731049677825
CBW,2018-09-12 11:00:00,-9.463986070271936,3.7119068958859947,0.005672376939482204,1.2874660394334987,-0.0012123335341508179,-6.274584933995782e-05,-13.014855244137452,-1.471731049677825
CBW,2018-09-13 11:00:00,-9.463986070271936,3.7119068958859947,0.005672376939482204,1.2874660394334987,-0.0012123335341508179,-6.274584933995782e-05,-13.014855244137452,-1.471731049677825
CBW,2018-09-14 11:00:00,-9.463986070271936,3.7119068958859947,0.005672376939482204,1.2874660394334987,-0.0012123335341508179,-6.274584933995782e-05,-13.014855244137452,-1.471731049677825
CBW,2018-09-15 11:00:00,-9.463986070271936,3.7119068958859947,0.005672376939482204,1.2874660394334987,-0.0012123335341508179,-6.274584933995782e-05,-13.014855244137452,-1.471731049677825
CBW,2018-09-16 11:00:00,-9.463986070271936,3.7119068958859947,0.005672376939482204,1.2874660394334987,-0.0012123335341508179,-6.274584933995782e-05,-13.014855244137452,-1.471731049677825
CBW,2018-09-17 11:00:00,-9.463986070271936,3.7119068958859947,0.005672376939482204,1.2874660394334987,-0.0012123335341508179,-6.274584933995782e-05,-13.014855244137452,-1.471731049677825
CBW,2018-09-18 11:00:00,-9.463986070271936,3.7119068958859947,0.005672376939482204,1.2874660394334987,-0.0012123335341508179,-6.274584933995782e-05,-13.014855244137452,-1.471731049677825
CBW,2018-09-19 11:00:00,-9.463986070271936,3.7119068958859947,0.005672376939482204,1.2874660394334987,-0.0012123335341508179,-6.274584933995782e-05,-13.014855244137452,-1.471731049677825
CBW,2018-09-20 11:00:00,-9.463986070271936,3.7119068958859947,0.005672376939482204,1.2874660394334987,-0.0012123335341508179,-6.274584933995782e-05,-13.014855244137452,-1.471731049677825
CBW,2018-09-21 11:00:00,-9.463986070271936,3.7119068958859947,0.005672376939482204,1.2874660394334987,-0.0012123335341508179,-6.274584933995782e-05,-13.014855244137452,-1.471731049677825
CBW,2018-09-22 11:00:00,-9.463986070271936,3.7119068958859947,0.005672376939482204,1.2874660394334987,-0.0012123335341508179,-6.274584933995782e-05,-13.014855244137452,-1.471731049677825
CBW,2018-09-23 11:00:00,-9.463986070271936,3.7119068958859947,0.005672376939482204,1.2874660394334987,-0.0012123335341508179,-6.274584933995782e-05,-13.014855244137452,-1.471731049677825
CBW,2018-09-24 11:00:00,-9.463986070271936,3.7119068958859947,0.005672376939482204,1.2874660394334987,-0.0012123335341508179,-6.274584933995782e-05,-13.014855244137452,-1.471731049677825
CBW,2018-09-24 11:00:00,-3.958817516226129,6.646652339897232,0.011077368974545223,0.861409798122375,-0.00039796885491011347,0.001602499289582374,-9.792316621129988,-1.704057319232221
CBW,2018-09-25 11:00:00,-3.958817516226129,6.646652339897232,0.011077368974545223,0.861409798122375,-0.00039796885491011347,0.001602499289582374,-9.792316621129988,-1.704057319232221
CBW,2018-09-26 11:00:00,-3.958817516226129,6.646652339897232,0.011077368974545223,0.861409798122375,-0.00039796885491011347,0.001602499289582374,-9.792316621129988,-1.704057319232221
CBW,2018-09-27 11:00:00,-3.958817516226129,6.646652339897232,0.011077368974545223,0.861409798122375,-0.00039796885491011347,0.001602499289582374,-9.792316621129988,-1.704057319232221
CBW,2018-09-28 11:00:00,-3.958817516226129,6.646652339897232,0.011077368974545223,0.861409798122375,-0.00039796885491011347,0.001602499289582374,-9.792316621129988,-1.704057319232221
CBW,2018-09-29 11:00:00,-3.958817516226129,6.646652339897232,0.011077368974545223,0.861409798122375,-0.00039796885491011347,0.001602499289582374,-9.792316621129988,-1.704057319232221
CBW,2018-09-30 11:00:00,-3.958817516226129,6.646652339897232,0.011077368974545223,0.861409798122375,-0.00039796885491011347,0.001602499289582374,-9.792316621129988,-1.704057319232221
CBW,2018-10-01 11:00:00,-3.958817516226129,6.646652339897232,0.011077368974545223,0.861409798122375,-0.00039796885491011347,0.001602499289582374,-9.792316621129988,-1.704057319232221
CBW,2018-10-02 11:00:00,-3.958817516226129,6.646652339897232,0.011077368974545223,0.861409798122375,-0.00039796885491011347,0.001602499289582374,-9.792316621129988,-1.704057319232221
CBW,2018-10-03 11:00:00,-3.958817516226129,6.646652339897232,0.011077368974545223,0.861409798122375,-0.00039796885491011347,0.001602499289582374,-9.792316621129988,-1.704057319232221
CBW,2018-10-04 11:00:00,-3.958817516226129,6.646652339897232,0.011077368974545223,0.861409798122375,-0.00039796885491011347,0.001602499289582374,-9.792316621129988,-1.704057319232221
CBW,2018-10-05 11:00:00,-3.958817516226129,6.646652339897232,0.011077368974545223,0.861409798122375,-0.00039796885491011347,0.001602499289582374,-9.792316621129988,-1.704057319232221
CBW,2018-10-06 11:00:00,-3.958817516226129,6.646652339897232,0.011077368974545223,0.861409798122375,-0.00039796885491011347,0.001602499289582374,-9.792316621129988,-1.704057319232221
CBW,2018-10-07 11:00:00,-3.958817516226129,6.646652339897232,0.011077368974545223,0.861409798122375,-0.00039796885491011347,0.001602499289582374,-9.792316621129988,-1.704057319232221
CBW,2018-10-08 11:00:00,-3.958817516226129,6.646652339897232,0.011077368974545223,0.861409798122375,-0.00039796885491011347,0.001602499289582374,-9.792316621129988,-1.704057319232221
CBW,2018-10-08 11:00:00,-12.661583560200834,2.589080397597868,0.004726275479215124,0.8464140545666742,-0.0006810610987556904,-0.014599653200890773,-13.300683212749503,-2.8129966869556404
CBW,2018-10-09 11:00:00,-12.661583560200834,2.589080397597868,0.004726275479215124,0.8464140545666742,-0.0006810610987556904,-0.014599653200890773,-13.300683212749503,-2.8129966869556404
CBW,2018-10-10 11:00:00,-12.661583560200834,2.589080397597868,0.004726275479215124,0.8464140545666742,-0.0006810610987556904,-0.014599653200890773,-13.300683212749503,-2.8129966869556404
CBW,2018-10-11 11:00:00,-12.661583560200834,2.589080397597868,0.004726275479215124,0.8464140545666742,-0.0006810610987556904,-0.014599653200890773,-13.300683212749503,-2.8129966869556404
CBW,2018-10-12 11:00:00,-12.661583560200834,2.589080397597868,0.004726275479215124,0.8464140545666742,-0.0006810610987556904,-0.014599653200890773,-13.300683212749503,-2.8129966869556404
CBW,2018-10-13 11:00:00,-12.661583560200834,2.589080397597868,0.004726275479215124,0.8464140545666742,-0.0006810610987556904,-0.014599653200890773,-13.300683212749503,-2.8129966869556404
CBW,2018-10-14 11:00:00,-12.661583560200834,2.589080397597868,0.004726275479215124,0.8464140545666742,-0.0006810610987556904,-0.014599653200890773,-13.300683212749503,-2.8129966869556404
CBW,2018-10-15 11:00:00,-12.661583560200834,2.589080397597868,0.004726275479215124,0.8464140545666742,-0.0006810610987556904,-0.014599653200890773,-13.300683212749503,-2.8129966869556404
CBW,2018-10-16 11:00:00,-12.661583560200834,2.589080397597868,0.004726275479215124,0.8464140545666742,-0.0006810610987556904,-0.014599653200890773,-13.300683212749503,-2.8129966869556404
CBW,2018-10-17 11:00:00,-12.661583560200834,2.589080397597868,0.004726275479215124,0.8464140545666742,-0.0006810610987556904,-0.014599653200890773,-13.300683212749503,-2.8129966869556404
CBW,2018-10-18 11:00:00,-12.661583560200834,2.589080397597868,0.004726275479215124,0.8464140545666742,-0.0006810610987556904,-0.014599653200890773,-13.300683212749503,-2.8129966869556404
CBW,2018-10-19 11:00:00,-12.661583560200834,2.589080397597868,0.004726275479215124,0.8464140545666742,-0.0006810610987556904,-0.014599653200890773,-13.300683212749503,-2.8129966869556404
CBW,2018-10-20 11:00:00,-12.661583560200834,2.589080397597868,0.004726275479215124,0.8464140545666742,-0.0006810610987556904,-0.014599653200890773,-13.300683212749503,-2.8129966869556404
CBW,2018-10-21 11:00:00,-12.661583560200834,2.589080397597868,0.004726275479215124,0.8464140545666742,-0.0006810610987556904,-0.014599653200890773,-13.300683212749503,-2.8129966869556404
CBW,2018-10-22 11:00:00,-12.661583560200834,2.589080397597868,0.004726275479215124,0.8464140545666742,-0.0006810610987556904,-0.014599653200890773,-13.300683212749503,-2.8129966869556404
CBW,2018-10-22 11:00:00,-10.579584179309077,8.433453718176853,0.006974211637641275,1.4950177380804035,-0.0002374511503318797,-0.027017859297832517,-17.291781574587574,-3.23134473359702
CBW,2018-10-23 11:00:00,-10.579584179309077,8.433453718176853,0.006974211637641275,1.4950177380804035,-0.0002374511503318797,-0.027017859297832517,-17.291781574587574,-3.23134473359702
CBW,2018-10-24 11:00:00,-10.579584179309077,8.433453718176853,0.006974211637641275,1.4950177380804035,-0.0002374511503318797,-0.027017859297832517,-17.291781574587574,-3.23134473359702
CBW,2018-10-25 11:00:00,-10.579584179309077,8.433453718176853,0.006974211637641275,1.4950177380804035,-0.0002374511503318797,-0.027017859297832517,-17.291781574587574,-3.23134473359702
CBW,2018-10-26 11:00:00,-10.579584179309077,8.433453718176853,0.006974211637641275,1.4950177380804035,-0.0002374511503318797,-0.027017859297832517,-17.291781574587574,-3.23134473359702
CBW,2018-10-27 11:00:00,-10.579584179309077,8.433453718176853,0.006974211637641275,1.4950177380804035,-0.0002374511503318797,-0.027017859297832517,-17.291781574587574,-3.23134473359702
CBW,2018-10-28 11:00:00,-10.579584179309077,8.433453718176853,0.006974211637641275,1.4950177380804035,-0.0002374511503318797,-0.027017859297832517,-17.291781574587574,-3.23134473359702
CBW,2018-10-29 11:00:00,-10.579584179309077,8.433453718176853,0.006974211637641275,1.4950177380804035,-0.0002374511503318797,-0.027017859297832517,-17.291781574587574,-3.23134473359702
CBW,2018-10-30 11:00:00,-10.579584179309077,8.433453718176853,0.006974211637641275,1.4950177380804035,-0.0002374511503318797,-0.027017859297832517,-17.291781574587574,-3.23134473359702
CBW,2018-10-31 11:00:00,-10.579584179309077,8.433453718176853,0.006974211637641275,1.4950177380804035,-0.0002374511503318797,-0.027017859297832517,-17.291781574587574,-3.23134473359702
CBW,2018-11-01 11:00:00,-10.579584179309077,8.433453718176853,0.006974211637641275,1.4950177380804035,-0.0002374511503318797,-0.027017859297832517,-17.291781574587574,-3.23134473359702
CBW,2018-11-02 11:00:00,-10.579584179309077,8.433453718176853,0.006974211637641275,1.4950177380804035,-0.0002374511503318797,-0.027017859297832517,-17.291781574587574,-3.23134473359702
CBW,2018-11-03 11:00:00,-10.579584179309077,8.433453718176853,0.006974211637641275,1.4950177380804035,-0.0002374511503318797,-0.027017859297832517,-17.291781574587574,-3.23134473359702
CBW,2018-11-04 11:00:00,-10.579584179309077,8.433453718176853,0.006974211637641275,1.4950177380804035,-0.0002374511503318797,-0.027017859297832517,-17.291781574587574,-3.23134473359702
CBW,2018-11-05 11:00:00,-10.579584179309077,8.433453718176853,0.006974211637641275,1.4950177380804035,-0.0002374511503318797,-0.027017859297832517,-17.291781574587574,-3.23134473359702
CBW,2018-11-05 11:00:00,-15.747031378795931,3.929549192149817,0.0074072810580191285,0.7891615470048545,-0.0009075795475941308,0.027981284800995834,-16.012775768869897,-4.590883266261009
CBW,2018-11-06 11:00:00,-15.747031378795931,3.929549192149817,0.0074072810580191285,0.7891615470048545,-0.0009075795475941308,0.027981284800995834,-16.012775768869897,-4.590883266261009
CBW,2018-11-07 11:00:00,-15.747031378795931,3.929549192149817,0.0074072810580191285,0.7891615470048545,-0.0009075795475941308,0.027981284800995834,-16.012775768869897,-4.590883266261009
CBW,2018-11-08 11:00:00,-15.747031378795931,3.929549192149817,0.0074072810580191285,0.7891615470048545,-0.0009075795475941308,0.027981284800995834,-16.012775768869897,-4.590883266261009
CBW,2018-11-09 11:00:00,-15.747031378795931,3.929549192149817,0.0074072810580191285,0.7891615470048545,-0.0009075795475941308,0.027981284800995834,-16.012775768869897,-4.590883266261009
CBW,2018-11-10 11:00:00,-15.747031378795931,3.929549192149817,0.0074072810580191285,0.7891615470048545,-0.0009075795475941308,0.027981284800995834,-16.012775768869897,-4.590883266261009
CBW,2018-11-11 11:00:00,-15.747031378795931,3.929549192149817,0.0074072810580191285,0.7891615470048545,-0.0009075795475941308,0.027981284800995834,-16.012775768869897,-4.590883266261009
CBW,2018-11-12 11:00:00,-15.747031378795931,3.929549192149817,0.0074072810580191285,0.7891615470048545,-0.0009075795475941308,0.027981284800995834,-16.012775768869897,-4.590883266261009
CBW,2018-11-13 11:00:00,-15.747031378795931,3.929549192149817,0.0074072810580191285,0.7891615470048545,-0.0009075795475941308,0.027981284800995834,-16.012775768869897,-4.590883266261009
CBW,2018-11-14 11:00:00,-15.747031378795931,3.929549192149817,0.0074072810580191285,0.7891615470048545,-0.0009075795475941308,0.027981284800995834,-16.012775768869897,-4.590883266261009
CBW,2018-11-15 11:00:00,-15.747031378795931,3.929549192149817,0.0074072810580191285,0.7891615470048545,-0.0009075795475941308,0.027981284800995834,-16.012775768869897,-4.590883266261009
CBW,2018-11-16 11:00:00,-15.747031378795931,3.929549192149817,0.0074072810580191285,0.7891615470048545,-0.0009075795475941308,0.027981284800995834,-16.012775768869897,-4.590883266261009
CBW,2018-11-17 11:00:00,-15.747031378795931,3.929549192149817,0.0074072810580191285,0.7891615470048545,-0.0009075795475941308,0.027981284800995834,-16.012775768869897,-4.590883266261009
CBW,2018-11-18 11:00:00,-15.747031378795931,3.929549192149817,0.0074072810580191285,0.7891615470048545,-0.0009075795475941308,0.027981284800995834,-16.012775768869897,-4.590883266261009
CBW,2018-11-19 11:00:00,-15.747031378795931,3.929549192149817,0.0074072810580191285,0.7891615470048545,-0.0009075795475941308,0.027981284800995834,-16.012775768869897,-4.590883266261009
CBW,2018-11-19 11:00:00,-23.886509475941626,3.457279348461432,0.016693482196473628,0.46476803419853163,-0.0004384166839380393,0.025983566613706318,-22.566465960125857,-5.442695589575879
CBW,2018-11-20 11:00:00,-23.886509475941626,3.457279348461432,0.016693482196473628,0.46476803419853163,-0.0004384166839380393,0.025983566613706318,-22.566465960125857,-5.442695589575879
CBW,2018-11-21 11:00:00,-23.886509475941626,3.457279348461432,0.016693482196473628,0.46476803419853163,-0.0004384166839380393,0.025983566613706318,-22.566465960125857,-5.442695589575879
CBW,2018-11-22 11:00:00,-23.886509475941626,3.457279348461432,0.016693482196473628,0.46476803419853163,-0.0004384166839380393,0.025983566613706318,-22.566465960125857,-5.442695589575879
CBW,2018-11-23 11:00:00,-23.886509475941626,3.457279348461432,0.016693482196473628,0.46476803419853163,-0.0004384166839380393,0.025983566613706318,-22.566465960125857,-5.442695589575879
CBW,2018-11-24 11:00:00,-23.886509475941626,3.457279348461432,0.016693482196473628,0.46476803419853163,-0.0004384166839380393,0.025983566613706318,-22.566465960125857,-5.442695589575879
CBW,2018-11-25 11:00:00,-23.886509475941626,3.457279348461432,0.016693482196473628,0.46476803419853163,-0.0004384166839380393,0.025983566613706318,-22.566465960125857,-5.442695589575879
CBW,2018-11-26 11:00:00,-23.886509475941626,3.457279348461432,0.016693482196473628,0.46476803419853163,-0.0004384166839380393,0.025983566613706318,-22.566465960125857,-5.442695589575879
CBW,2018-11-27 11:00:00,-23.886509475941626,3.457279348461432,0.016693482196473628,0.46476803419853163,-0.0004384166839380393,0.025983566613706318,-22.566465960125857,-5.442695589575879
CBW,2018-11-28 11:00:00,-23.886509475941626,3.457279348461432,0.016693482196473628,0.46476803419853163,-0.0004384166839380393,0.025983566613706318,-22.566465960125857,-5.442695589575879
CBW,2018-11-29 11:00:00,-23.886509475941626,3.457279348461432,0.016693482196473628,0.46476803419853163,-0.0004384166839380393,0.025983566613706318,-22.566465960125857,-5.442695589575879
CBW,2018-11-30 11:00:00,-23.886509475941626,3.457279348461432,0.016693482196473628,0.46476803419853163,-0.0004384166839380393,0.025983566613706318,-22.566465960125857,-5.442695589575879
CBW,2018-12-01 11:00:00,-23.886509475941626,3.457279348461432,0.016693482196473628,0.46476803419853163,-0.0004384166839380393,0.025983566613706318,-22.566465960125857,-5.442695589575879
CBW,2018-12-02 11:00:00,-23.886509475941626,3.457279348461432,0.016693482196473628,0.46476803419853163,-0.0004384166839380393,0.025983566613706318,-22.566465960125857,-5.442695589575879
CBW,2018-12-03 11:00:00,-23.886509475941626,3.457279348461432,0.016693482196473628,0.46476803419853163,-0.0004384166839380393,0.025983566613706318,-22.566465960125857,-5.442695589575879
CBW,2018-12-03 11:00:00,-32.50010347513691,2.9900344482349173,0.01474186906802459,0.6800687241229723,-0.00033441595109178537,0.07394368739005543,-30.192341439025437,-6.380823517990505
CBW,2018-12-04 11:00:00,-32.50010347513691,2.9900344482349173,0.01474186906802459,0.6800687241229723,-0.00033441595109178537,0.07394368739005543,-30.192341439025437,-6.380823517990505
CBW,2018-12-05 11:00:00,-32.50010347513691,2.9900344482349173,0.01474186906802459,0.6800687241229723,-0.00033441595109178537,0.07394368739005543,-30.192341439025437,-6.380823517990505
CBW,2018-12-06 11:00:00,-32.50010347513691,2.9900344482349173,0.01474186906802459,0.6800687241229723,-0.00033441595109178537,0.07394368739005543,-30.192341439025437,-6.380823517990505
CBW,2018-12-07 11:00:00,-32.50010347513691,2.9900344482349173,0.01474186906802459,0.6800687241229723,-0.00033441595109178537,0.07394368739005543,-30.192341439025437,-6.380823517990505
CBW,2018-12-08 11:00:00,-32.50010347513691,2.9900344482349173,0.01474186906802459,0.6800687241229723,-0.00033441595109178537,0.07394368739005543,-30.192341439025437,-6.380823517990505
CBW,2018-12-09 11:00:00,-32.50010347513691,2.9900344482349173,0.01474186906802459,0.6800687241229723,-0.00033441595109178537,0.07394368739005543,-30.192341439025437,-6.380823517990505
CBW,2018-12-10 11:00:00,-32.50010347513691,2.9900344482349173,0.01474186906802459,0.6800687241229723,-0.00033441595109178537,0.07394368739005543,-30.192341439025437,-6.380823517990505
CBW,2018-12-11 11:00:00,-32.50010347513691,2.9900344482349173,0.01474186906802459,0.6800687241229723,-0.00033441595109178537,0.07394368739005543,-30.192341439025437,-6.380823517990505
CBW,2018-12-12 11:00:00,-32.50010347513691,2.9900344482349173,0.01474186906802459,0.6800687241229723,-0.00033441595109178537,0.07394368739005543,-30.192341439025437,-6.380823517990505
CBW,2018-12-13 11:00:00,-32.50010347513691,2.9900344482349173,0.01474186906802459,0.6800687241229723,-0.00033441595109178537,0.07394368739005543,-30.192341439025437,-6.380823517990505
CBW,2018-12-14 11:00:00,-32.50010347513691,2.9900344482349173,0.01474186906802459,0.6800687241229723,-0.00033441595109178537,0.07394368739005543,-30.192341439025437,-6.380823517990505
CBW,2018-12-15 11:00:00,-32.50010347513691,2.9900344482349173,0.01474186906802459,0.6800687241229723,-0.00033441595109178537,0.07394368739005543,-30.192341439025437,-6.380823517990505
CBW,2018-12-16 11:00:00,-32.50010347513691,2.9900344482349173,0.01474186906802459,0.6800687241229723,-0.00033441595109178537,0.07394368739005543,-30.192341439025437,-6.380823517990505
CBW,2018-12-17 11:00:00,-32.50010347513691,2.9900344482349173,0.01474186906802459,0.6800687241229723,-0.00033441595109178537,0.07394368739005543,-30.192341439025437,-6.380823517990505
CBW,2018-12-17 11:00:00,-18.320642458370937,4.0217679152519095,0.014956332678067915,0.22197226153097152,-0.00015183626311305554,0.007963136144956908,-15.840218238577924,-6.906140657610549
CBW,2018-12-18 11:00:00,-18.320642458370937,4.0217679152519095,0.014956332678067915,0.22197226153097152,-0.00015183626311305554,0.007963136144956908,-15.840218238577924,-6.906140657610549
CBW,2018-12-19 11:00:00,-18.320642458370937,4.0217679152519095,0.014956332678067915,0.22197226153097152,-0.00015183626311305554,0.007963136144956908,-15.840218238577924,-6.906140657610549
CBW,2018-12-20 11:00:00,-18.320642458370937,4.0217679152519095,0.014956332678067915,0.22197226153097152,-0.00015183626311305554,0.007963136144956908,-15.840218238577924,-6.906140657610549
CBW,2018-12-21 11:00:00,-18.320642458370937,4.0217679152519095,0.014956332678067915,0.22197226153097152,-0.00015183626311305554,0.007963136144956908,-15.840218238577924,-6.906140657610549
CBW,2018-12-22 11:00:00,-18.320642458370937,4.0217679152519095,0.014956332678067915,0.22197226153097152,-0.00015183626311305554,0.007963136144956908,-15.840218238577924,-6.906140657610549
CBW,2018-12-23 11:00:00,-18.320642458370937,4.0217679152519095,0.014956332678067915,0.22197226153097152,-0.00015183626311305554,0.007963136144956908,-15.840218238577924,-6.906140657610549
CBW,2018-12-24 11:00:00,-18.320642458370937,4.0217679152519095,0.014956332678067915,0.22197226153097152,-0.00015183626311305554,0.007963136144956908,-15.840218238577924,-6.906140657610549
CBW,2018-12-25 11:00:00,-18.320642458370937,4.0217679152519095,0.014956332678067915,0.22197226153097152,-0.00015183626311305554,0.007963136144956908,-15.840218238577924,-6.906140657610549
CBW,2018-12-26 11:00:00,-18.320642458370937,4.0217679152519095,0.014956332678067915,0.22197226153097152,-0.00015183626311305554,0.007963136144956908,-15.840218238577924,-6.906140657610549
CBW,2018-12-27 11:00:00,-18.320642458370937,4.0217679152519095,0.014956332678067915,0.22197226153097152,-0.00015183626311305554,0.007963136144956908,-15.840218238577924,-6.906140657610549
CBW,2018-12-28 11:00:00,-18.320642458370937,4.0217679152519095,0.014956332678067915,0.22197226153097152,-0.00015183626311305554,0.007963136144956908,-15.840218238577924,-6.906140657610549
CBW,2018-12-29 11:00:00,-18.320642458370937,4.0217679152519095,0.014956332678067915,0.22197226153097152,-0.00015183626311305554,0.007963136144956908,-15.840218238577924,-6.906140657610549
CBW,2018-12-30 11:00:00,-18.320642458370937,4.0217679152519095,0.014956332678067915,0.22197226153097152,-0.00015183626311305554,0.007963136144956908,-15.840218238577924,-6.906140657610549
CBW,2018-12-31 11:00:00,-18.320642458370937,4.0217679152519095,0.014956332678067915,0.22197226153097152,-0.00015183626311305554,0.007963136144956908,-15.840218238577924,-6.906140657610549
CBW,2018-12-31 11:00:00,-19.80646794293533,7.276540365403447,0.023470754618484236,0.23020074546083039,-0.00014546754675686863,0.008290061872147259,-20.59693710735245,-6.944797969176616
CBW,2019-01-01 11:00:00,-19.80646794293533,7.276540365403447,0.023470754618484236,0.23020074546083039,-0.00014546754675686863,0.008290061872147259,-20.59693710735245,-6.944797969176616
CBW,2019-01-02 11:00:00,-19.80646794293533,7.276540365403447,0.023470754618484236,0.23020074546083039,-0.00014546754675686863,0.008290061872147259,-20.59693710735245,-6.944797969176616
CBW,2019-01-03 11:00:00,-19.80646794293533,7.276540365403447,0.023470754618484236,0.23020074546083039,-0.00014546754675686863,0.008290061872147259,-20.59693710735245,-6.944797969176616
CBW,2019-01-04 11:00:00,-19.80646794293533,7.276540365403447,0.023470754618484236,0.23020074546083039,-0.00014546754675686863,0.008290061872147259,-20.59693710735245,-6.944797969176616
CBW,2019-01-05 11:00:00,-19.80646794293533,7.276540365403447,0.023470754618484236,0.23020074546083039,-0.00014546754675686863,0.008290061872147259,-20.59693710735245,-6.944797969176616
CBW,2019-01-06 11:00:00,-19.80646794293533,7.276540365403447,0.023470754618484236,0.23020074546083039,-0.00014546754675686863,0.008290061872147259,-20.59693710735245,-6.944797969176616
CBW,2019-01-07 11:00:00,-19.80646794293533,7.276540365403447,0.023470754618484236,0.23020074546083039,-0.00014546754675686863,0.008290061872147259,-20.59693710735245,-6.944797969176616
CBW,2019-01-08 11:00:00,-19.80646794293533,7.276540365403447,0.023470754618484236,0.23020074546083039,-0.00014546754675686863,0.008290061872147259,-20.59693710735245,-6.944797969176616
CBW,2019-01-09 11:00:00,-19.80646794293533,7.276540365403447,0.023470754618484236,0.23020074546083039,-0.00014546754675686863,0.008290061872147259,-20.59693710735245,-6.944797969176616
CBW,2019-01-10 11:00:00,-19.80646794293533,7.276540365403447,0.023470754618484236,0.23020074546083039,-0.00014546754675686863,0.008290061872147259,-20.59693710735245,-6.944797969176616
CBW,2019-01-11 11:00:00,-19.80646794293533,7.276540365403447,0.023470754618484236,0.23020074546083039,-0.00014546754675686863,0.008290061872147259,-20.59693710735245,-6.944797969176616
CBW,2019-01-12 11:00:00,-19.80646794293533,7.276540365403447,0.023470754618484236,0.23020074546083039,-0.00014546754675686863,0.008290061872147259,-20.59693710735245,-6.944797969176616
CBW,2019-01-13 11:00:00,-19.80646794293533,7.276540365403447,0.023470754618484236,0.23020074546083039,-0.00014546754675686863,0.008290061872147259,-20.59693710735245,-6.944797969176616
CBW,2019-01-14 11:00:00,-19.80646794293533,7.276540365403447,0.023470754618484236,0.23020074546083039,-0.00014546754675686863,0.008290061872147259,-20.59693710735245,-6.944797969176616
HPB,2018-01-01 11:00:00,-0.4341100114370565,3.4992743800697497,0.009423003197334807,0.24294574840894598,-0.0005579056487851877,0.01913384882402421,-5.834868268916344,1.643772587790285
HPB,2018-01-02 11:00:00,-0.4341100114370565,3.4992743800697497,0.009423003197334807,0.24294574840894598,-0.0005579056487851877,0.01913384882402421,-5.834868268916344,1.643772587790285
HPB,2018-01-03 11:00:00,-0.4341100114370565,3.4992743800697497,0.009423003197334807,0.24294574840894598,-0.0005579056487851877,0.01913384882402421,-5.834868268916344,1.643772587790285
HPB,2018-01-04 11:00:00,-0.4341100114370565,3.4992743800697497,0.009423003197334807,0.24294574840894598,-0.0005579056487851877,0.01913384882402421,-5.834868268916344,1.643772587790285
HPB,2018-01-05 11:00:00,-0.4341100114370565,3.4992743800697497,0.009423003197334807,0.24294574840894598,-0.0005579056487851877,0.01913384882402421,-5.834868268916344,1.643772587790285
HPB,2018-01-06 11:00:00,-0.4341100114370565,3.4992743800697497,0.009423003197334807,0.24294574840894598,-0.0005579056487851877,0.01913384882402421,-5.834868268916344,1.643772587790285
HPB,2018-01-07 11:00:00,-0.4341100114370565,3.4992743800697497,0.009423003197334807,0.24294574840894598,-0.0005579056487851877,0.01913384882402421,-5.834868268916344,1.643772587790285
HPB,2018-01-08 11:00:00,-0.4341100114370565,3.4992743800697497,0.009423003197334807,0.24294574840894598,-0.0005579056487851877,0.01913384882402421,-5.834868268916344,1.643772587790285
HPB,2018-01-09 11:00:00,-0.4341100114370565,3.4992743800697497,0.009423003197334807,0.24294574840894598,-0.0005579056487851877,0.01913384882402421,-5.834868268916344,1.643772587790285
HPB,2018-01-10 11:00:00,-0.4341100114370565,3.4992743800697497,0.009423003197334807,0.24294574840894598,-0.0005579056487851877,0.01913384882402421,-5.834868268916344,1.643772587790285
HPB,2018-01-11 11:00:00,-0.4341100114370565,3.4992743800697497,0.009423003197334807,0.24294574840894598,-0.0005579056487851877,0.01913384882402421,-5.834868268916344,1.643772587790285
HPB,2018-01-12 11:00:00,-0.4341100114370565,3.4992743800697497,0.009423003197334807,0.24294574840894598,-0.0005579056487851877,0.01913384882402421,-5.834868268916344,1.643772587790285
HPB,2018-01-13 11:00:00,-0.4341100114370565,3.4992743800697497,0.009423003197334807,0.24294574840894598,-0.0005579056487851877,0.01913384882402421,-5.834868268916344,1.643772587790285
HPB,2018-01-14 11:00:00,-0.4341100114370565,3.4992743800697497,0.009423003197334807,0.24294574840894598,-0.0005579056487851877,0.01913384882402421,-5.834868268916344,1.643772587790285
HPB,2018-01-15 11:00:00,-0.4341100114370565,3.4992743800697497,0.009423003197334807,0.24294574840894598,-0.0005579056487851877,0.01913384882402421,-5.834868268916344,1.643772587790285
HPB,2018-01-15 11:00:00,-5.9442490347655665,1.0428644008083094,0.003863383702156657,0.3192468682897484,-0.0007455995071976248,0.035019428059956365,-8.172613949979763,0.8391416554020967
HPB,2018-01-16 11:00:00,-5.9442490347655665,1.0428644008083094,0.003863383702156657,0.3192468682897484,-0.0007455995071976248,0.035019428059956365,-8.172613949979763,0.8391416554020967
HPB,2018-01-17 11:00:00,-5.9442490347655665,1.0428644008083094,0.003863383702156657,0.3192468682897484,-0.0007455995071976248,0.035019428059956365,-8.172613949979763,0.8391416554020967
HPB,2018-01-18 11:00:00,-5.9442490347655665,1.0428644008083094,0.003863383702156657,0.3192468682897484,-0.0007455995071976248,0.035019428059956365,-8.172613949979763,0.8391416554020967
HPB,2018-01-19 11:00:00,-5.9442490347655665,1.0428644008083094,0.003863383702156657,0.3192468682897484,-0.0007455995071976248,0.035019428059956365,-8.172613949979763,0.8391416554020967
HPB,2018-01-20 11:00:00,-5.9442490347655665,1.0428644008083094,0.003863383702156657,0.3192468682897484,-0.0007455995071976248,0.035019428059956365,-8.172613949979763,0.8391416554020967
HPB,2018-01-21 11:00:00,-5.9442490347655665,1.0428644008083094,0.003863383702156657,0.3192468682897484,-0.0007455995071976248,0.035019428059956365,-8.172613949979763,0.8391416554020967
HPB,2018-01-22 11:00:00,-5.9442490347655665,1.0428644008083094,0.003863383702156657,0.3192468682897484,-0.0007455995071976248,0.035019428059956365,-8.172613949979763,0.8391416554020967
HPB,2018-01-23 11:00:00,-5.9442490347655665,1.0428644008083094,0.003863383702156657,0.3192468682897484,-0.0007455995071976248,0.035019428059956365,-8.172613949979763,0.8391416554020967
HPB,2018-01-24 11:00:00,-5.9442490347655665,1.0428644008083094,0.003863383702156657,0.3192468682897484,-0.0007455995071976248,0.035019428059956365,-8.172613949979763,0.8391416554020967
HPB,2018-01-25 11:00:00,-5.9442490347655665,1.0428644008083094,0.003863383702156657,0.3192468682897484,-0.0007455995071976248,0.035019428059956365,-8.172613949979763,0.8391416554020967
HPB,2018-01-26 11:00:00,-5.9442490347655665,1.0428644008083094,0.003863383702156657,0.3192468682897484,-0.0007455995071976248,0.035019428059956365,-8.172613949979763,0.8391416554020967
HPB,2018-01-27 11:00:00,-5.9442490347655665,1.0428644008083094,0.003863383702156657,0.3192468682897484,-0.0007455995071976248,0.035019428059956365,-8.172613949979763,0.8391416554020967
HPB,2018-01-28 11:00:00,-5.9442490347655665,1.0428644008083094,0.003863383702156657,0.3192468682897484,-0.0007455995071976248,0.035019428059956365,-8.172613949979763,0.8391416554020967
HPB,2018-01-29 11:00:00,-5.9442490347655665,1.0428644008083094,0.003863383702156657,0.3192468682897484,-0.0007455995071976248,0.035019428059956365,-8.172613949979763,0.8391416554020967
HPB,2018-01-29 11:00:00,-4.140989095122235,1.5504987856523091,0.007327250704534897,0.2357235777666977,-0.00047575131818159387,0.027103311633144257,-5.934195108637545,-0.027237908896472
HPB,2018-01-30 11:00:00,-4.140989095122235,1.5504987856523091,0.007327250704534897,0.2357235777666977,-0.00047575131818159387,0.027103311633144257,-5.934195108637545,-0.027237908896472
HPB,2018-01-31 11:00:00,-4.140989095122235,1.5504987856523091,0.007327250704534897,0.2357235777666977,-0.00047575131818159387,0.027103311633144257,-5.934195108637545,-0.027237908896472
HPB,2018-02-01 11:00:00,-4.140989095122235,1.5504987856523091,0.007327250704534897,0.2357235777666977,-0.00047575131818159387,0.027103311633144257,-5.934195108637545,-0.027237908896472
HPB,2018-02-02 11:00:00,-4.140989095122235,1.5504987856523091,0.007327250704534897,0.2357235777666977,-0.00047575131818159387,0.027103311633144257,-5.934195108637545,-0.027237908896472
HPB,2018-02-03 11:00:00,-4.140989095122235,1.5504987856523091,0.007327250704534897,0.2357235777666977,-0.00047575131818159387,0.027103311633144257,-5.934195108637545,-0.027237908896472
HPB,2018-02-04 11:00:00,-4.140989095122235,1.5504987856523091,0.007327250704534897,0.2357235777666977,-0.00047575131818159387,0.027103311633144257,-5.934195108637545,-0.027237908896472
HPB,2018-02-05 11:00:00,-4.140989095122235,1.5504987856523091,0.007327250704534897,0.2357235777666977,-0.00047575131818159387,0.027103311633144257,-5.934195108637545,-0.027237908896472
HPB,2018-02-06 11:00:00,-4.140989095122235,1.5504987856523091,0.007327250704534897,0.2357235777666977,-0.00047575131818159387,0.027103311633144257,-5.934195108637545,-0.027237908896472
HPB,2018-02-07 11:00:00,-4.140989095122235,1.5504987856523091,0.007327250704534897,0.2357235777666977,-0.00047575131818159387,0.027103311633144257,-5.934195108637545,-0.027237908896472
HPB,2018-02-08 11:00:00,-4.140989095122235,1.5504987856523091,0.007327250704534897,0.2357235777666977,-0.00047575131818159387,0.027103311633144257,-5.934195108637545,-0.027237908896472
HPB,2018-02-09 11:00:00,-4.140989095122235,1.5504987856523091,0.007327250704534897,0.2357235777666977,-0.00047575131818159387,0.027103311633144257,-5.934195108637545,-0.027237908896472
HPB,2018-02-10 11:00:00,-4.140989095122235,1.5504987856523091,0.007327250704534897,0.2357235777666977,-0.00047575131818159387,0.027103311633144257,-5.934195108637545,-0.027237908896472
HPB,2018-02-11 11:00:00,-4.140989095122235,1.5504987856523091,0.007327250704534897,0.2357235777666977,-0.00047575131818159387,0.027103311633144257,-5.934195108637545,-0.027237908896472
HPB,2018-02-12 11:00:00,-4.140989095122235,1.5504987856523091,0.007327250704534897,0.2357235777666977,-0.00047575131818159387,0.027103311633144257,-5.934195108637545,-0.027237908896472
HPB,2018-02-12 11:00:00,-9.29439118650991,3.8212993602462446,0.00559854441995998,0.5377182660113954,-0.0008994277632742352,0.06532639210689542,-13.266687590415772,-0.4672700050544785
HPB,2018-02-13 11:00:00,-9.29439118650991,3.8212993602462446,0.00559854441995998,0.5377182660113954,-0.0008994277632742352,0.06532639210689542,-13.266687590415772,-0.4672700050544785
HPB,2018-02-14 11:00:00,-9.29439118650991,3.8212993602462446,0.00559854441995998,0.5377182660113954,-0.0008994277632742352,0.06532639210689542,-13.266687590415772,-0.4672700050544785
HPB,2018-02-15 11:00:00,-9.29439118650991,3.8212993602462446,0.00559854441995998,0.5377182660113954,-0.0008994277632742352,0.06532639210689542,-13.266687590415772,-0.4672700050544785
HPB,2018-02-16 11:00:00,-9.29439118650991,3.8212993602462446,0.00559854441995998,0.5377182660113954,-0.0008994277632742352,0.06532639210689542,-13.266687590415772,-0.4672700050544785
HPB,2018-02-17 11:00:00,-9.29439118650991,3.8212993602462446,0.00559854441995998,0.5377182660113954,-0.0008994277632742352,0.06532639210689542,-13.266687590415772,-0.4672700050544785
HPB,2018-02-18 11:00:00,-9.29439118650991,3.8212993602462446,0.00559854441995998,0.5377182660113954,-0.0008994277632742352,0.06532639210689542,-13.266687590415772,-0.4672700050544785
HPB,2018-02-19 11:00:00,-9.29439118650991,3.8212993602462446,0.00559854441995998,0.5377182660113954,-0.0008994277632742352,0.06532639210689542,-13.266687590415772,-0.4672700050544785
HPB,2018-02-20 11:00:00,-9.29439118650991,3.8212993602462446,0.00559854441995998,0.5377182660113954,-0.0008994277632742352,0.06532639210689542,-13.266687590415772,-0.4672700050544785
HPB,2018-02-21 11:00:00,-9.29439118650991,3.8212993602462446,0.00559854441995998,0.5377182660113954,-0.0008994277632742352,0.06532639210689542,-13.266687590415772,-0.4672700050544785
HPB,2018-02-22 11:00:00,-9.29439118650991,3.8212993602462446,0.00559854441995998,0.5377182660113954,-0.0008994277632742352,0.06532639210689542,-13.266687590415772,-0.4672700050544785
HPB,2018-02-23 11:00:00,-9.29439118650991,3.8212993602462446,0.00559854441995998,0.5377182660113954,-0.0008994277632742352,0.06532639210689542,-13.266687590415772,-0.4672700050544785
HPB,2018-02-24 11:00:00,-9.29439118650991,3.8212993602462446,0.00559854441995998,0.5377182660113954,-0.0008994277632742352,0.06532639210689542,-13.266687590415772,-0.4672700050544785
HPB,2018-02-25 11:00:00,-9.29439118650991,3.8212993602462446,0.00559854441995998,0.5377182660113954,-0.0008994277632742352,0.06532639210689542,-13.266687590415772,-0.4672700050544785
HPB,2018-02-26 11:00:00,-9.29439118650991,3.8212993602462446,0.00559854441995998,0.5377182660113954,-0.0008994277632742352,0.06532639210689542,-13.266687590415772,-0.4672700050544785
HPB,2018-02-26 11:00:00,-10.758777016216678,2.1762081569768275,0.004063058280111499,0.42189210776670827,-0.00010521281351480509,0.03454284058602807,-12.154130457977367,-1.2628311940011174
HPB,2018-02-27 11:00:00,-10.758777016216678,2.1762081569768275,0.004063058280111499,0.42189210776670827,-0.00010521281351480509,0.03454284058602807,-12.154130457977367,-1.2628311940011174
HPB,2018-02-28 11:00:00,-10.758777016216678,2.1762081569768275,0.004063058280111499,0.42189210776670827,-0.00010521281351480509,0.03454284058602807,-12.154130457977367,-1.2628311940011174
HPB,2018-03-01 11:00:00,-10.758777016216678,2.1762081569768275,0.004063058280111499,0.42189210776670827,-0.00010521281351480509,0.03454284058602807,-12.154130457977367,-1.2628311940011174
HPB,2018-03-02 11:00:00,-10.758777016216678,2.1762081569768275,0.004063058280111499,0.42189210776670827,-0.00010521281351480509,0.03454284058602807,-12.154130457977367,-1.2628311940011174
HPB,2018-03-03 11:00:00,-10.758777016216678,2.1762081569768275,0.004063058280111499,0.42189210776670827,-0.00010521281351480509,0.03454284058602807,-12.154130457977367,-1.2628311940011174
HPB,2018-03-04 11:00:00,-10.758777016216678,2.1762081569768275,0.004063058280111499,0.42189210776670827,-0.00010521281351480509,0.03454284058602807,-12.154130457977367,-1.2628311940011174
HPB,2018-03-05 11:00:00,-10.758777016216678,2.1762081569768275,0.004063058280111499,0.42189210776670827,-0.00010521281351480509,0.03454284058602807,-12.154130457977367,-1.2628311940011174
HPB,2018-03-06 11:00:00,-10.758777016216678,2.1762081569768275,0.004063058280111499,0.42189210776670827,-0.00010521281351480509,0.03454284058602807,-12.154130457977367,-1.2628311940011174
HPB,2018-03-07 11:00:00,-10.758777016216678,2.1762081569768275,0.004063058280111499,0.42189210776670827,-0.00010521281351480509,0.03454284058602807,-12.154130457977367,-1.2628311940011174
HPB,2018-03-08 11:00:00,-10.758777016216678,2.1762081569768275,0.004063058280111499,0.42189210776670827,-0.00010521281351480509,0.03454284058602807,-12.154130457977367,-1.2628311940011174
HPB,2018-03-09 11:00:00,-10.758777016216678,2.1762081569768275,0.004063058280111499,0.42189210776670827,-0.00010521281351480509,0.03454284058602807,-12.154130457977367,-1.2628311940011174
HPB,2018-03-10 11:00:00,-10.758777016216678,2.1762081569768275,0.004063058280111499,0.42189210776670827,-0.00010521281351480509,0.03454284058602807,-12.154130457977367,-1.2628311940011174
HPB,2018-03-11 11:00:00,-10.758777016216678,2.1762081569768275,0.004063058280111499,0.42189210776670827,-0.00010521281351480509,0.03454284058602807,-12.154130457977367,-1.2628311940011174
HPB,2018-03-12 11:00:00,-10.758777016216678,2.1762081569768275,0.004063058280111499,0.42189210776670827,-0.00010521281351480509,0.03454284058602807,-12.154130457977367,-1.2628311940011174
HPB,2018-03-12 11:00:00,-7.155123027061253,1.363282692512028,0.006650803882507534,0.4735695910526883,-0.0004118464792829555,0.011189946466836994,-7.520929480152995,-1.5027029639865417
HPB,2018-03-13 11:00:00,-7.155123027061253,1.363282692512028,0.006650803882507534,0.4735695910526883,-0.0004118464792829555,0.011189946466836994,-7.520929480152995,-1.5027029639865417
HPB,2018-03-14 11:00:00,-7.155123027061253,1.363282692512028,0.006650803882507534,0.4735695910526883,-0.0004118464792829555,0.011189946466836994,-7.520929480152995,-1.5027029639865417
HPB,2018-03-15 11:00:00,-7.155123027061253,1.363282692512028,0.006650803882507534,0.4735695910526883,-0.0004118464792829555,0.011189946466836994,-7.520929480152995,-1.5027029639865417
HPB,2018-03-16 11:00:00,-7.155123027061253,1.363282692512028,0.006650803882507534,0.4735695910526883,-0.0004118464792829555,0.011189946466836994,-7.520929480152995,-1.5027029639865417
HPB,2018-03-17 11:00:00,-7.155123027061253,1.363282692512028,0.006650803882507534,0.4735695910526883,-0.0004118464792829555,0.011189946466836994,-7.520929480152995,-1.5027029639865417
HPB,2018-03-18 11:00:00,-7.155123027061253,1.363282692512028,0.006650803882507534,0.4735695910526883,-0.0004118464792829555,0.011189946466836994,-7.520929480152995,-1.5027029639865417
HPB,2018-03-19 11:00:00,-7.155123027061253,1.363282692512028,0.006650803882507534,0.4735695910526883,-0.0004118464792829555,0.011189946466836994,-7.520929480152995,-1.5027029639865417
HPB,2018-03-20 11:00:00,-7.155123027061253,1.363282692512028,0.006650803882507534,0.4735695910526883,-0.0004118464792829555,0.011189946466836994,-7.520929480152995,-1.5027029639865417
HPB,2018-03-21 11:00:00,-7.155123027061253,1.363282692512028,0.006650803882507534,0.4735695910526883,-0.0004118464792829555,0.011189946466836994,-7.520929480152995,-1.5027029639865417
HPB,2018-03-22 11:00:00,-7.155123027061253,1.363282692512028,0.006650803882507534,0.4735695910526883,-0.0004118464792829555,0.011189946466836994,-7.520929480152995,-1.5027029639865417
HPB,2018-03-23 11:00:00,-7.155123027061253,1.363282692512028,0.006650803882507534,0.4735695910526883,-0.0004118464792829555,0.011189946466836994,-7.520929480152995,-1.5027029639865417
HPB,2018-03-24 11:00:00,-7.155123027061253,1.363282692512028,0.006650803882507534,0.4735695910526883,-0.0004118464792829555,0.011189946466836994,-7.520929480152995,-1.5027029639865417
HPB,2018-03-25 11:00:00,-7.155123027061253,1.363282692512028,0.006650803882507534,0.4735695910526883,-0.0004118464792829555,0.011189946466836994,-7.520929480152995,-1.5027029639865417
HPB,2018-03-26 11:00:00,-7.155123027061253,1.363282692512028,0.006650803882507534,0.4735695910526883,-0.0004118464792829555,0.011189946466836994,-7.520929480152995,-1.5027029639865417
HPB,2018-03-26 11:00:00,-5.505398041258504,2.560800312731716,0.006206166411164402,0.35659284671858127,-0.00044306649305921703,0.009615476579520381,-7.561037057510612,-0.8859087395562049
HPB,2018-03-27 11:00:00,-5.505398041258504,2.560800312731716,0.006206166411164402,0.35659284671858127,-0.00044306649305921703,0.009615476579520381,-7.561037057510612,-0.8859087395562049
HPB,2018-03-28 11:00:00,-5.505398041258504,2.560800312731716,0.006206166411164402,0.35659284671858127,-0.00044306649305921703,0.009615476579520381,-7.561037057510612,-0.8859087395562049
HPB,2018-03-29 11:00:00,-5.505398041258504,2.560800312731716,0.006206166411164402,0.35659284671858127,-0.00044306649305921703,0.009615476579520381,-7.561037057510612,-0.8859087395562049
HPB,2018-03-30 11:00:00,-5.505398041258504,2.560800312731716,0.006206166411164402,0.35659284671858127,-0.00044306649305921703,0.009615476579520381,-7.561037057510612,-0.8859087395562049
HPB,2018-03-31 11:00:00,-5.505398041258504,2.560800312731716,0.006206166411164402,0.35659284671858127,-0.00044306649305921703,0.009615476579520381,-7.561037057510612,-0.8859087395562049
HPB,2018-04-01 11:00:00,-5.505398041258504,2.560800312731716,0.006206166411164402,0.35659284671858127,-0.00044306649305921703,0.009615476579520381,-7.561037057510612,-0.8859087395562049
HPB,2018-04-02 11:00:00,-5.505398041258504,2.560800312731716,0.006206166411164402,0.35659284671858127,-0.00044306649305921703,0.009615476579520381,-7.561037057510612,-0.8859087395562049
HPB,2018-04-03 11:00:00,-5.505398041258504,2.560800312731716,0.006206166411164402,0.35659284671858127,-0.00044306649305921703,0.009615476579520381,-7.561037057510612,-0.8859087395562049
HPB,2018-04-04 11:00:00,-5.505398041258504,2.560800312731716,0.006206166411164402,0.35659284671858127,-0.00044306649305921703,0.009615476579520381,-7.561037057510612,-0.8859087395562049
HPB,2018-04-05 11:00:00,-5.505398041258504,2.560800312731716,0.006206166411164402,0.35659284671858127,-0.00044306649305921703,0.009615476579520381,-7.561037057510612,-0.8859087395562049
HPB,2018-04-06 11:00:00,-5.505398041258504,2.560800312731716,0.006206166411164402,0.35659284671858127,-0.00044306649305921703,0.009615476579520381,-7.561037057510612,-0.8859087395562049
HPB,2018-04-07 11:00:00,-5.505398041258504,2.560800312731716,0.006206166411164402,0.35659284671858127,-0.00044306649305921703,0.009615476579520381,-7.561037057510612,-0.8859087395562049
HPB,2018-04-08 11:00:00,-5.505398041258504,2.560800312731716,0.006206166411164402,0.35659284671858127,-0.00044306649305921703,0.009615476579520381,-7.561037057510612,-0.8859087395562049
HPB,2018-04-09 11:00:00,-5.505398041258504,2.560800312731716,0.006206166411164402,0.35659284671858127,-0.00044306649305921703,0.009615476579520381,-7.561037057510612,-0.8859087395562049
HPB,2018-04-09 11:00:00,-3.0749833787564342,2.094542922691548,0.008949249261733728,0.5842270204423551,-0.0007329482007828449,0.006443124018820988,-4.881077500941853,-0.8929198427258052
HPB,2018-04-10 11:00:00,-3.0749833787564342,2.094542922691548,0.008949249261733728,0.5842270204423551,-0.0007329482007828449,0.006443124018820988,-4.881077500941853,-0.8929198427258052
HPB,2018-04-11 11:00:00,-3.0749833787564342,2.094542922691548,0.008949249261733728,0.5842270204423551,-0.0007329482007828449,0.006443124018820988,-4.881077500941853,-0.8929198427258052
HPB,2018-04-12 11:00:00,-3.0749833787564342,2.094542922691548,0.008949249261733728,0.5842270204423551,-0.0007329482007828449,0.006443124018820988,-4.881077500941853,-0.8929198427258052
HPB,2018-04-13 11:00:00,-3.0749833787564342,2.094542922691548,0.008949249261733728,0.5842270204423551,-0.0007329482007828449,0.006443124018820988,-4.881077500941853,-0.8929198427258052
HPB,2018-04-14 11:00:00,-3.0749833787564342,2.094542922691548,0.008949249261733728,0.5842270204423551,-0.0007329482007828449,0.006443124018820988,-4.881077500941853,-0.8929198427258052
HPB,2018-04-15 11:00:00,-3.0749833787564342,2.094542922691548,0.008949249261733728,0.5842270204423551,-0.0007329482007828449,0.006443124018820988,-4.881077500941853,-0.8929198427258052
HPB,2018-04-16 11:00:00,-3.0749833787564342,2.094542922691548,0.008949249261733728,0.5842270204423551,-0.0007329482007828449,0.006443124018820988,-4.881077500941853,-0.8929198427258052
HPB,2018-04-17 11:00:00,-3.0749833787564342,2.094542922691548,0.008949249261733728,0.5842270204423551,-0.0007329482007828449,0.006443124018820988,-4.881077500941853,-0.8929198427258052
HPB,2018-04-18 11:00:00,-3.0749833787564342,2.094542922691548,0.008949249261733728,0.5842270204423551,-0.0007329482007828449,0.006443124018820988,-4.881077500941853,-0.8929198427258052
HPB,2018-04-19 11:00:00,-3.0749833787564342,2.094542922691548,0.008949249261733728,0.5842270204423551,-0.0007329482007828449,0.006443124018820988,-4.881077500941853,-0.8929198427258052
HPB,2018-04-20 11:00:00,-3.0749833787564342,2.094542922691548,0.008949249261733728,0.5842270204423551,-0.0007329482007828449,0.006443124018820988,-4.881077500941853,-0.8929198427258052
HPB,2018-04-21 11:00:00,-3.0749833787564342,2.094542922691548,0.008949249261733728,0.5842270204423551,-0.0007329482007828449,0.006443124018820988,-4.881077500941853,-0.8929198427258052
HPB,2018-04-22 11:00:00,-3.0749833787564342,2.094542922691548,0.008949249261733728,0.5842270204423551,-0.0007329482007828449,0.006443124018820988,-4.881077500941853,-0.8929198427258052
HPB,2018-04-23 11:00:00,-3.0749833787564342,2.094542922691548,0.008949249261733728,0.5842270204423551,-0.0007329482007828449,0.006443124018820988,-4.881077500941853,-0.8929198427258052
HPB,2018-04-23 11:00:00,-5.49234413672786,0.7544924694197067,0.005313655686890245,1.188698630803881,-0.0007511526170508681,-0.02066606879750828,-6.255639051104321,-1.1658996618953412
HPB,2018-04-24 11:00:00,-5.49234413672786,0.7544924694197067,0.005313655686890245,1.188698630803881,-0.0007511526170508681,-0.02066606879750828,-6.255639051104321,-1.1658996618953412
HPB,2018-04-25 11:00:00,-5.49234413672786,0.7544924694197067,0.005313655686890245,1.188698630803881,-0.0007511526170508681,-0.02066606879750828,-6.255639051104321,-1.1658996618953412
HPB,2018-04-26 11:00:00,-5.49234413672786,0.7544924694197067,0.005313655686890245,1.188698630803881,-0.0007511526170508681,-0.02066606879750828,-6.255639051104321,-1.1658996618953412
HPB,2018-04-27 11:00:00,-5.49234413672786,0.7544924694197067,0.005313655686890245,1.188698630803881,-0.0007511526170508681,-0.02066606879750828,-6.255639051104321,-1.1658996618953412
HPB,2018-04-28 11:00:00,-5.49234413672786,0.7544924694197067,0.005313655686890245,1.188698630803881,-0.0007511526170508681,-0.02066606879750828,-6.255639051104321,-1.1658996618953412
HPB,2018-04-29 11:00:00,-5.49234413672786,0.7544924694197067,0.005313655686890245,1.188698630803881,-0.0007511526170508681,-0.02066606879750828,-6.255639051104321,-1.1658996618953412
HPB,2018-04-30 11:00:00,-5.49234413672786,0.7544924694197067,0.005313655686890245,1.188698630803881,-0.0007511526170508681,-0.02066606879750828,-6.255639051104321,-1.1658996618953412
HPB,2018-05-01 11:00:00,-5.49234413672786,0.7544924694197067,0.005313655686890245,1.188698630803881,-0.0007511526170508681,-0.02066606879750828,-6.255639051104321,-1.1658996618953412
HPB,2018-05-02 11:00:00,-5.49234413672786,0.7544924694197067,0.005313655686890245,1.188698630803881,-0.0007511526170508681,-0.02066606879750828,-6.255639051104321,-1.1658996618953412
HPB,2018-05-03 11:00:00,-5.49234413672786,0.7544924694197067,0.005313655686890245,1.188698630803881,-0.0007511526170508681,-0.02066606879750828,-6.255639051104321,-1.1658996618953412
HPB,2018-05-04 11:00:00,-5.49234413672786,0.7544924694197067,0.005313655686890245,1.188698630803881,-0.0007511526170508681,-0.02066606879750828,-6.255639051104321,-1.1658996618953412
HPB,2018-05-05 11:00:00,-5.49234413672786,0.7544924694197067,0.005313655686890245,1.188698630803881,-0.0007511526170508681,-0.02066606879750828,-6.255639051104321,-1.1658996618953412
HPB,2018-05-06 11:00:00,-5.49234413672786,0.7544924694197067,0.005313655686890245,1.188698630803881,-0.0007511526170508681,-0.02066606879750828,-6.255639051104321,-1.1658996618953412
HPB,2018-05-07 11:00:00,-5.49234413672786,0.7544924694197067,0.005313655686890245,1.188698630803881,-0.0007511526170508681,-0.02066606879750828,-6.255639051104321,-1.1658996618953412
HPB,2018-05-07 11:00:00,-4.925215488530547,2.6516335467103094,0.005923501810586679,1.2221796210020073,-0.0011163305986579197,-0.02027319426278784,-7.123515024293447,-1.6644635133610273
HPB,2018-05-08 11:00:00,-4.925215488530547,2.6516335467103094,0.005923501810586679,1.2221796210020073,-0.0011163305986579197,-0.02027319426278784,-7.123515024293447,-1.6644635133610273
HPB,2018-05-09 11:00:00,-4.925215488530547,2.6516335467103094,0.005923501810586679,1.2221796210020073,-0.0011163305986579197,-0.02027319426278784,-7.123515024293447,-1.6644635133610273
HPB,2018-05-10 11:00:00,-4.925215488530547,2.6516335467103094,0.005923501810586679,1.2221796210020073,-0.0011163305986579197,-0.02027319426278784,-7.123515024293447,-1.6644635133610273
HPB,2018-05-11 11:00:00,-4.925215488530547,2.6516335467103094,0.005923501810586679,1.2221796210020073,-0.0011163305986579197,-0.02027319426278784,-7.123515024293447,-1.6644635133610273
HPB,2018-05-12 11:00:00,-4.925215488530547,2.6516335467103094,0.005923501810586679,1.2221796210020073,-0.0011163305986579197,-0.02027319426278784,-7.123515024293447,-1.6644635133610273
HPB,2018-05-13 11:00:00,-4.925215488530547,2.6516335467103094,0.005923501810586679,1.2221796210020073,-0.0011163305986579197,-0.02027319426278784,-7.123515024293447,-1.6644635133610273
HPB,2018-05-14 11:00:00,-4.925215488530547,2.6516335467103094,0.005923501810586679,1.2221796210020073,-0.0011163305986579197,-0.02027319426278784,-7.123515024293447,-1.6644635133610273
HPB,2018-05-15 11:00:00,-4.925215488530547,2.6516335467103094,0.005923501810586679,1.2221796210020073,-0.0011163305986579197,-0.02027319426278784,-7.123515024293447,-1.6644635133610273
HPB,2018-05-16 11:00:00,-4.925215488530547,2.6516335467103094,0.005923501810586679,1.2221796210020073,-0.0011163305986579197,-0.02027319426278784,-7.123515024293447,-1.6644635133610273
HPB,2018-05-17 11:00:00,-4.925215488530547,2.6516335467103094,0.005923501810586679,1.2221796210020073,-0.0011163305986579197,-0.02027319426278784,-7.123515024293447,-1.6644635133610273
HPB,2018-05-18 11:00:00,-4.925215488530547,2.6516335467103094,0.005923501810586679,1.2221796210020073,-0.0011163305986579197,-0.02027319426278784,-7.123515024293447,-1.6644635133610273
HPB,2018-05-19 11:00:00,-4.925215488530547,2.6516335467103094,0.005923501810586679,1.2221796210020073,-0.0011163305986579197,-0.02027319426278784,-7.123515024293447,-1.6644635133610273
HPB,2018-05-20 11:00:00,-4.925215488530547,2.6516335467103094,0.005923501810586679,1.2221796210020073,-0.0011163305986579197,-0.02027319426278784,-7.123515024293447,-1.6644635133610273
HPB,2018-05-21 11:00:00,-4.925215488530547,2.6516335467103094,0.005923501810586679,1.2221796210020073,-0.0011163305986579197,-0.02027319426278784,-7.123515024293447,-1.6644635133610273
HPB,2018-05-21 11:00:00,-3.775544563214456,5.544743248047103,0.0035134510654019602,2.003252141776877,-0.0014650879430529755,-0.033465434242849486,-9.947287104634059,-1.350800590884774
HPB,2018-05-22 11:00:00,-3.775544563214456,5.544743248047103,0.0035134510654019602,2.003252141776877,-0.0014650879430529755,-0.033465434242849486,-9.947287104634059,-1.350800590884774
HPB,2018-05-23 11:00:00,-3.775544563214456,5.544743248047103,0.0035134510654019602,2.003252141776877,-0.0014650879430529755,-0.033465434242849486,-9.947287104634059,-1.350800590884774
HPB,2018-05-24 11:00:00,-3.775544563214456,5.544743248047103,0.0035134510654019602,2.003252141776877,-0.0014650879430529755,-0.033465434242849486,-9.947287104634059,-1.350800590884774
HPB,2018-05-25 11:00:00,-3.775544563214456,5.544743248047103,0.0035134510654019602,2.003252141776877,-0.0014650879430529755,-0.033465434242849486,-9.947287104634059,-1.350800590884774
HPB,2018-05-26 11:00:00,-3.775544563214456,5.544743248047103,0.0035134510654019602,2.003252141776877,-0.0014650879430529755,-0.033465434242849486,-9.947287104634059,-1.350800590884774
HPB,2018-05-27 11:00:00,-3.775544563214456,5.544743248047103,0.0035134510654019602,2.003252141776877,-0.0014650879430529755,-0.033465434242849486,-9.947287104634059,-1.350800590884774
HPB,2018-05-28 11:00:00,-3.775544563214456,5.544743248047103,0.0035134510654019602,2.003252141776877,-0.0014650879430529755,-0.033465434242849486,-9.947287104634059,-1.350800590884774
HPB,2018-05-29 11:00:00,-3.775544563214456,5.544743248047103,0.0035134510654019602,2.003252141776877,-0.0014650879430529755,-0.033465434242849486,-9.947287104634059,-1.350800590884774
HPB,2018-05-30 11:00:00,-3.775544563214456,5.544743248047103,0.0035134510654019602,2.003252141776877,-0.0014650879430529755,-0.033465434242849486,-9.947287104634059,-1.350800590884774
HPB,2018-05-31 11:00:00,-3.775544563214456,5.544743248047103,0.0035134510654019602,2.003252141776877,-0.0014650879430529755,-0.033465434242849486,-9.947287104634059,-1.350800590884774
HPB,2018-06-01 11:00:00,-3.775544563214456,5.544743248047103,0.0035134510654019602,2.003252141776877,-0.0014650879430529755,-0.033465434242849486,-9.947287104634059,-1.350800590884774
HPB,2018-06-02 11:00:00,-3.775544563214456,5.544743248047103,0.0035134510654019602,2.003252141776877,-0.0014650879430529755,-0.033465434242849486,-9.947287104634059,-1.350800590884774
HPB,2018-06-03 11:00:00,-3.775544563214456,5.544743248047103,0.0035134510654019602,2.003252141776877,-0.0014650879430529755,-0.033465434242849486,-9.947287104634059,-1.350800590884774
HPB,2018-06-04 11:00:00,-3.775544563214456,5.544743248047103,0.0035134510654019602,2.003252141776877,-0.0014650879430529755,-0.033465434242849486,-9.947287104634059,-1.350800590884774
HPB,2018-06-04 11:00:00,-6.960853434554225,2.9633920169077195,0.00406325809208753,3.4612304325139873,-0.0011030615060823108,-0.072159835665783,-11.790561455041559,-1.5261746810763563
HPB,2018-06-05 11:00:00,-6.960853434554225,2.9633920169077195,0.00406325809208753,3.4612304325139873,-0.0011030615060823108,-0.072159835665783,-11.790561455041559,-1.5261746810763563
HPB,2018-06-06 11:00:00,-6.960853434554225,2.9633920169077195,0.00406325809208753,3.4612304325139873,-0.0011030615060823108,-0.072159835665783,-11.790561455041559,-1.5261746810763563
HPB,2018-06-07 11:00:00,-6.960853434554225,2.9633920169077195,0.00406325809208753,3.4612304325139873,-0.0011030615060823108,-0.072159835665783,-11.790561455041559,-1.5261746810763563
HPB,2018-06-08 11:00:00,-6.960853434554225,2.9633920169077195,0.00406325809208753,3.4612304325139873,-0.0011030615060823108,-0.072159835665783,-11.790561455041559,-1.5261746810763563
HPB,2018-06-09 11:00:00,-6.960853434554225,2.9633920169077195,0.00406325809208753,3.4612304325139873,-0.0011030615060823108,-0.072159835665783,-11.790561455041559,-1.5261746810763563
HPB,2018-06-10 11:00:00,-6.960853434554225,2.9633920169077195,0.00406325809208753,3.4612304325139873,-0.0011030615060823108,-0.072159835665783,-11.790561455041559,-1.5261746810763563
HPB,2018-06-11 11:00:00,-6.960853434554225,2.9633920169077195,0.00406325809208753,3.4612304325139873,-0.0011030615060823108,-0.072159835665783,-11.790561455041559,-1.5261746810763563
HPB,2018-06-12 11:00:00,-6.960853434554225,2.9633920169077195,0.00406325809208753,3.4612304325139873,-0.0011030615060823108,-0.072159835665783,-11.790561455041559,-1.5261746810763563
HPB,2018-06-13 11:00:00,-6.960853434554225,2.9633920169077195,0.00406325809208753,3.4612304325139873,-0.0011030615060823108,-0.072159835665783,-11.790561455041559,-1.5261746810763563
HPB,2018-06-14 11:00:00,-6.960853434554225,2.9633920169077195,0.00406325809208753,3.4612304325139873,-0.0011030615060823108,-0.072159835665783,-11.790561455041559,-1.5261746810763563
HPB,2018-06-15 11:00:00,-6.960853434554225,2.9633920169077195,0.00406325809208753,3.4612304325139873,-0.0011030615060823108,-0.072159835665783,-11.790561455041559,-1.5261746810763563
HPB,2018-06-16 11:00:00,-6.960853434554225,2.9633920169077195,0.00406325809208753,3.4612304325139873,-0.0011030615060823108,-0.072159835665783,-11.790561455041559,-1.5261746810763563
HPB,2018-06-17 11:00:00,-6.960853434554225,2.9633920169077195,0.00406325809208753,3.4612304325139873,-0.0011030615060823108,-0.072159835665783,-11.790561455041559,-1.5261746810763563
HPB,2018-06-18 11:00:00,-6.960853434554225,2.9633920169077195,0.00406325809208753,3.4612304325139873,-0.0011030615060823108,-0.072159835665783,-11.790561455041559,-1.5261746810763563
HPB,2018-06-18 11:00:00,-7.235232869962823,3.4350913993264314,0.0048763516365282625,3.8171129511853956,-0.0010610838658914234,-0.06203291142345521,-12.684475253926443,-1.7429835984397413
HPB,2018-06-19 11:00:00,-7.235232869962823,3.4350913993264314,0.0048763516365282625,3.8171129511853956,-0.0010610838658914234,-0.06203291142345521,-12.684475253926443,-1.7429835984397413
HPB,2018-06-20 11:00:00,-7.235232869962823,3.4350913993264314,0.0048763516365282625,3.8171129511853956,-0.0010610838658914234,-0.06203291142345521,-12.684475253926443,-1.7429835984397413
HPB,2018-06-21 11:00:00,-7.235232869962823,3.4350913993264314,0.0048763516365282625,3.8171129511853956,-0.0010610838658914234,-0.06203291142345521,-12.684475253926443,-1.7429835984397413
HPB,2018-06-22 11:00:00,-7.235232869962823,3.4350913993264314,0.0048763516365282625,3.8171129511853956,-0.0010610838658914234,-0.06203291142345521,-12.684475253926443,-1.7429835984397413
HPB,2018-06-23 11:00:00,-7.235232869962823,3.4350913993264314,0.0048763516365282625,3.8171129511853956,-0.0010610838658914234,-0.06203291142345521,-12.684475253926443,-1.7429835984397413
HPB,2018-06-24 11:00:00,-7.235232869962823,3.4350913993264314,0.0048763516365282625,3.8171129511853956,-0.0010610838658914234,-0.06203291142345521,-12.684475253926443,-1.7429835984397413
HPB,2018-06-25 11:00:00,-7.235232869962823,3.4350913993264314,0.0048763516365282625,3.8171129511853956,-0.0010610838658914234,-0.06203291142345521,-12.684475253926443,-1.7429835984397413
HPB,2018-06-26 11:00:00,-7.235232869962823,3.4350913993264314,0.0048763516365282625,3.8171129511853956,-0.0010610838658914234,-0.06203291142345521,-12.684475253926443,-1.7429835984397413
HPB,2018-06-27 11:00:00,-7.235232869962823,3.4350913993264314,0.0048763516365282625,3.8171129511853956,-0.0010610838658914234,-0.06203291142345521,-12.684475253926443,-1.7429835984397413
HPB,2018-06-28 11:00:00,-7.235232869962823,3.4350913993264314,0.0048763516365282625,3.8171129511853956,-0.0010610838658914234,-0.06203291142345521,-12.684475253926443,-1.7429835984397413
HPB,2018-06-29 11:00:00,-7.235232869962823,3.4350913993264314,0.0048763516365282625,3.8171129511853956,-0.0010610838658914234,-0.06203291142345521,-12.684475253926443,-1.7429835984397413
HPB,2018-06-30 11:00:00,-7.235232869962823,3.4350913993264314,0.0048763516365282625,3.8171129511853956,-0.0010610838658914234,-0.06203291142345521,-12.684475253926443,-1.7429835984397413
HPB,2018-07-01 11:00:00,-7.235232869962823,3.4350913993264314,0.0048763516365282625,3.8171129511853956,-0.0010610838658914234,-0.06203291142345521,-12.684475253926443,-1.7429835984397413
HPB,2018-07-02 11:00:00,-7.235232869962823,3.4350913993264314,0.0048763516365282625,3.8171129511853956,-0.0010610838658914234,-0.06203291142345521,-12.684475253926443,-1.7429835984397413
HPB,2018-07-02 11:00:00,-3.9397997179135515,0.9672898435456411,0.002044390568428576,1.621336884447648,-0.0009071067118932469,-0.002860774757114895,-5.115309077394349,-1.416997475010476
HPB,2018-07-03 11:00:00,-3.9397997179135515,0.9672898435456411,0.002044390568428576,1.621336884447648,-0.0009071067118932469,-0.002860774757114895,-5.115309077394349,-1.416997475010476
HPB,2018-07-04 11:00:00,-3.9397997179135515,0.9672898435456411,0.002044390568428576,1.621336884447648,-0.0009071067118932469,-0.002860774757114895,-5.115309077394349,-1.416997475010476
HPB,2018-07-05 11:00:00,-3.9397997179135515,0.9672898435456411,0.002044390568428576,1.621336884447648,-0.0009071067118932469,-0.002860774757114895,-5.115309077394349,-1.416997475010476
HPB,2018-07-06 11:00:00,-3.9397997179135515,0.9672898435456411,0.002044390568428576,1.621336884447648,-0.0009071067118932469,-0.002860774757114895,-5.115309077394349,-1.416997475010476
HPB,2018-07-07 11:00:00,-3.9397997179135515,0.9672898435456411,0.002044390568428576,1.621336884447648,-0.0009071067118932469,-0.002860774757114895,-5.115309077394349,-1.416997475010476
HPB,2018-07-08 11:00:00,-3.9397997179135515,0.9672898435456411,0.002044390568428576,1.621336884447648,-0.0009071067118932469,-0.002860774757114895,-5.115309077394349,-1.416997475010476
HPB,2018-07-09 11:00:00,-3.9397997179135515,0.9672898435456411,0.002044390568428576,1.621336884447648,-0.0009071067118932469,-0.002860774757114895,-5.115309077394349,-1.416997475010476
HPB,2018-07-10 11:00:00,-3.9397997179135515,0.9672898435456411,0.002044390568428576,1.621336884447648,-0.0009071067118932469,-0.002860774757114895,-5.115309077394349,-1.416997475010476
HPB,2018-07-11 11:00:00,-3.9397997179135515,0.9672898435456411,0.002044390568428576,1.621336884447648,-0.0009071067118932469,-0.002860774757114895,-5.115309077394349,-1.416997475010476
HPB,2018-07-12 11:00:00,-3.9397997179135515,0.9672898435456411,0.002044390568428576,1.621336884447648,-0.0009071067118932469,-0.002860774757114895,-5.115309077394349,-1.416997475010476
HPB,2018-07-13 11:00:00,-3.9397997179135515,0.9672898435456411,0.002044390568428576,1.621336884447648,-0.0009071067118932469,-0.002860774757114895,-5.115309077394349,-1.416997475010476
HPB,2018-07-14 11:00:00,-3.9397997179135515,0.9672898435456411,0.002044390568428576,1.621336884447648,-0.0009071067118932469,-0.002860774757114895,-5.115309077394349,-1.416997475010476
HPB,2018-07-15 11:00:00,-3.9397997179135515,0.9672898435456411,0.002044390568428576,1.621336884447648,-0.0009071067118932469,-0.002860774757114895,-5.115309077394349,-1.416997475010476
HPB,2018-07-16 11:00:00,-3.9397997179135515,0.9672898435456411,0.002044390568428576,1.621336884447648,-0.0009071067118932469,-0.002860774757114895,-5.115309077394349,-1.416997475010476
HPB,2018-07-16 11:00:00,-3.4433637037971936,2.3228400370217717,0.005858626098535191,3.2603240121703068,-0.0011872254165805401,-0.05369773434204969,-7.74110105034794,-1.2289974253994935
HPB,2018-07-17 11:00:00,-3.4433637037971936,2.3228400370217717,0.005858626098535191,3.2603240121703068,-0.0011872254165805401,-0.05369773434204969,-7.74110105034794,-1.2289974253994935
HPB,2018-07-18 11:00:00,-3.4433637037971936,2.3228400370217717,0.005858626098535191,3.2603240121703068,-0.0011872254165805401,-0.05369773434204969,-7.74110105034794,-1.2289974253994935
HPB,2018-07-19 11:00:00,-3.4433637037971936,2.3228400370217717,0.005858626098535191,3.2603240121703068,-0.0011872254165805401,-0.05369773434204969,-7.74110105034794,-1.2289974253994935
HPB,2018-07-20 11:00:00,-3.4433637037971936,2.3228400370217717,0.005858626098535191,3.2603240121703068,-0.0011872254165805401,-0.05369773434204969,-7.74110105034794,-1.2289974253994935
HPB,2018-07-21 11:00:00,-3.4433637037971936,2.3228400370217717,0.005858626098535191,3.2603240121703068,-0.0011872254165805401,-0.05369773434204969,-7.74110105034794,-1.2289974253994935
HPB,2018-07-22 11:00:00,-3.4433637037971936,2.3228400370217717,0.005858626098535191,3.2603240121703068,-0.0011872254165805401,-0.05369773434204969,-7.74110105034794,-1.2289974253994935
HPB,2018-07-23 11:00:00,-3.4433637037971936,2.3228400370217717,0.005858626098535191,3.2603240121703068,-0.0011872254165805401,-0.05369773434204969,-7.74110105034794,-1.2289974253994935
HPB,2018-07-24 11:00:00,-3.4433637037971936,2.3228400370217717,0.005858626098535191,3.2603240121703068,-0.0011872254165805401,-0.05369773434204969,-7.74110105034794,-1.2289974253994935
HPB,2018-07-25 11:00:00,-3.4433637037971936,2.3228400370217717,0.005858626098535191,3.2603240121703068,-0.0011872254165805401,-0.05369773434204969,-7.74110105034794,-1.2289974253994935
HPB,2018-07-26 11:00:00,-3.4433637037971936,2.3228400370217717,0.005858626098535191,3.2603240121703068,-0.0011872254165805401,-0.05369773434204969,-7.74110105034794,-1.2289974253994935
HPB,2018-07-27 11:00:00,-3.4433637037971936,2.3228400370217717,0.005858626098535191,3.2603240121703068,-0.0011872254165805401,-0.05369773434204969,-7.74110105034794,-1.2289974253994935
HPB,2018-07-28 11:00:00,-3.4433637037971936,2.3228400370217717,0.005858626098535191,3.2603240121703068,-0.0011872254165805401,-0.05369773434204969,-7.74110105034794,-1.2289974253994935
HPB,2018-07-29 11:00:00,-3.4433637037971936,2.3228400370217717,0.005858626098535191,3.2603240121703068,-0.0011872254165805401,-0.05369773434204969,-7.74110105034794,-1.2289974253994935
HPB,2018-07-30 11:00:00,-3.4433637037971936,2.3228400370217717,0.005858626098535191,3.2603240121703068,-0.0011872254165805401,-0.05369773434204969,-7.74110105034794,-1.2289974253994935
HPB,2018-07-30 11:00:00,0.6310384072685188,6.7451249412806344,0.005763033807710114,3.460023556272181,-0.00034857606836343245,-0.04640843256229307,-8.431046373969522,-1.0986798108439542
HPB,2018-07-31 11:00:00,0.6310384072685188,6.7451249412806344,0.005763033807710114,3.460023556272181,-0.00034857606836343245,-0.04640843256229307,-8.431046373969522,-1.0986798108439542
HPB,2018-08-01 11:00:00,0.6310384072685188,6.7451249412806344,0.005763033807710114,3.460023556272181,-0.00034857606836343245,-0.04640843256229307,-8.431046373969522,-1.0986798108439542
HPB,2018-08-02 11:00:00,0.6310384072685188,6.7451249412806344,0.005763033807710114,3.460023556272181,-0.00034857606836343245,-0.04640843256229307,-8.431046373969522,-1.0986798108439542
HPB,2018-08-03 11:00:00,0.6310384072685188,6.7451249412806344,0.005763033807710114,3.460023556272181,-0.00034857606836343245,-0.04640843256229307,-8.431046373969522,-1.0986798108439542
HPB,2018-08-04 11:00:00,0.6310384072685188,6.7451249412806344,0.005763033807710114,3.460023556272181,-0.00034857606836343245,-0.04640843256229307,-8.431046373969522,-1.0986798108439542
HPB,2018-08-05 11:00:00,0.6310384072685188,6.7451249412806344,0.005763033807710114,3.460023556272181,-0.00034857606836343245,-0.04640843256229307,-8.431046373969522,-1.0986798108439542
HPB,2018-08-06 11:00:00,0.6310384072685188,6.7451249412806344,0.005763033807710114,3.460023556272181,-0.00034857606836343245,-0.04640843256229307,-8.431046373969522,-1.0986798108439542
HPB,2018-08-07 11:00:00,0.6310384072685188,6.7451249412806344,0.005763033807710114,3.460023556272181,-0.00034857606836343245,-0.04640843256229307,-8.431046373969522,-1.0986798108439542
HPB,2018-08-08 11:00:00,0.6310384072685188,6.7451249412806344,0.005763033807710114,3.460023556272181,-0.00034857606836343245,-0.04640843256229307,-8.431046373969522,-1.0986798108439542
HPB,2018-08-09 11:00:00,0.6310384072685188,6.7451249412806344,0.005763033807710114,3.460023556272181,-0.00034857606836343245,-0.04640843256229307,-8.431046373969522,-1.0986798108439542
HPB,2018-08-10 11:00:00,0.6310384072685188,6.7451249412806344,0.005763033807710114,3.460023556272181,-0.00034857606836343245,-0.04640843256229307,-8.431046373969522,-1.0986798108439542
HPB,2018-08-11 11:00:00,0.6310384072685188,6.7451249412806344,0.005763033807710114,3.460023556272181,-0.00034857606836343245,-0.04640843256229307,-8.431046373969522,-1.0986798108439542
HPB,2018-08-12 11:00:00,0.6310384072685188,6.7451249412806344,0.005763033807710114,3.460023556272181,-0.00034857606836343245,-0.04640843256229307,-8.431046373969522,-1.0986798108439542
HPB,2018-08-13 11:00:00,0.6310384072685188,6.7451249412806344,0.005763033807710114,3.460023556272181,-0.00034857606836343245,-0.04640843256229307,-8.431046373969522,-1.0986798108439542
HPB,2018-08-13 11:00:00,-2.1870304287671725,2.874538120673546,0.003998387150084535,3.570924577202214,-6.230782690449479e-05,0.03677419005811365,-7.486595459096293,-1.2013460920017174
HPB,2018-08-14 11:00:00,-2.1870304287671725,2.874538120673546,0.003998387150084535,3.570924577202214,-6.230782690449479e-05,0.03677419005811365,-7.486595459096293,-1.2013460920017174
HPB,2018-08-15 11:00:00,-2.1870304287671725,2.874538120673546,0.003998387150084535,3.570924577202214,-6.230782690449479e-05,0.03677419005811365,-7.486595459096293,-1.2013460920017174
HPB,2018-08-16 11:00:00,-2.1870304287671725,2.874538120673546,0.003998387150084535,3.570924577202214,-6.230782690449479e-05,0.03677419005811365,-7.486595459096293,-1.2013460920017174
HPB,2018-08-17 11:00:00,-2.1870304287671725,2.874538120673546,0.003998387150084535,3.570924577202214,-6.230782690449479e-05,0.03677419005811365,-7.486595459096293,-1.2013460920017174
HPB,2018-08-18 11:00:00,-2.1870304287671725,2.874538120673546,0.003998387150084535,3.570924577202214,-6.230782690449479e-05,0.03677419005811365,-7.486595459096293,-1.2013460920017174
HPB,2018-08-19 11:00:00,-2.1870304287671725,2.874538120673546,0.003998387150084535,3.570924577202214,-6.230782690449479e-05,0.03677419005811365,-7.486595459096293,-1.2013460920017174
HPB,2018-08-20 11:00:00,-2.1870304287671725,2.874538120673546,0.003998387150084535,3.570924577202214,-6.230782690449479e-05,0.03677419005811365,-7.486595459096293,-1.2013460920017174
HPB,2018-08-21 11:00:00,-2.1870304287671725,2.874538120673546,0.003998387150084535,3.570924577202214,-6.230782690449479e-05,0.03677419005811365,-7.486595459096293,-1.2013460920017174
HPB,2018-08-22 11:00:00,-2.1870304287671725,2.874538120673546,0.003998387150084535,3.570924577202214,-6.230782690449479e-05,0.03677419005811365,-7.486595459096293,-1.2013460920017174
HPB,2018-08-23 11:00:00,-2.1870304287671725,2.874538120673546,0.003998387150084535,3.570924577202214,-6.230782690449479e-05,0.03677419005811365,-7.486595459096293,-1.2013460920017174
HPB,2018-08-24 11:00:00,-2.1870304287671725,2.874538120673546,0.003998387150084535,3.570924577202214,-6.230782690449479e-05,0.03677419005811365,-7.486595459096293,-1.2013460920017174
HPB,2018-08-25 11:00:00,-2.1870304287671725,2.874538120673546,0.003998387150084535,3.570924577202214,-6.230782690449479e-05,0.03677419005811365,-7.486595459096293,-1.2013460920017174
HPB,2018-08-26 11:00:00,-2.1870304287671725,2.874538120673546,0.003998387150084535,3.570924577202214,-6.230782690449479e-05,0.03677419005811365,-7.486595459096293,-1.2013460920017174
HPB,2018-08-27 11:00:00,-2.1870304287671725,2.874538120673546,0.003998387150084535,3.570924577202214,-6.230782690449479e-05,0.03677419005811365,-7.486595459096293,-1.2013460920017174
HPB,2018-08-27 11:00:00,-0.7499807473543794,5.024697726486877,0.009858149974977564,3.562885883136558,-0.00054246005768401,0.14208258152761807,-8.325456961772202,-1.1963267400805817
HPB,2018-08-28 11:00:00,-0.7499807473543794,5.024697726486877,0.009858149974977564,3.562885883136558,-0.00054246005768401,0.14208258152761807,-8.325456961772202,-1.1963267400805817
HPB,2018-08-29 11:00:00,-0.7499807473543794,5.024697726486877,0.009858149974977564,3.562885883136558,-0.00054246005768401,0.14208258152761807,-8.325456961772202,-1.1963267400805817
HPB,2018-08-30 11:00:00,-0.7499807473543794,5.024697726486877,0.009858149974977564,3.562885883136558,-0.00054246005768401,0.14208258152761807,-8.325456961772202,-1.1963267400805817
HPB,2018-08-31 11:00:00,-0.7499807473543794,5.024697726486877,0.009858149974977564,3.562885883136558,-0.00054246005768401,0.14208258152761807,-8.325456961772202,-1.1963267400805817
HPB,2018-09-01 11:00:00,-0.7499807473543794,5.024697726486877,0.009858149974977564,3.562885883136558,-0.00054246005768401,0.14208258152761807,-8.325456961772202,-1.1963267400805817
HPB,2018-09-02 11:00:00,-0.7499807473543794,5.024697726486877,0.009858149974977564,3.562885883136558,-0.00054246005768401,0.14208258152761807,-8.325456961772202,-1.1963267400805817
HPB,2018-09-03 11:00:00,-0.7499807473543794,5.024697726486877,0.009858149974977564,3.562885883136558,-0.00054246005768401,0.14208258152761807,-8.325456961772202,-1.1963267400805817
HPB,2018-09-04 11:00:00,-0.7499807473543794,5.024697726486877,0.009858149974977564,3.562885883136558,-0.00054246005768401,0.14208258152761807,-8.325456961772202,-1.1963267400805817
HPB,2018-09-05 11:00:00,-0.7499807473543794,5.024697726486877,0.009858149974977564,3.562885883136558,-0.00054246005768401,0.14208258152761807,-8.325456961772202,-1.1963267400805817
HPB,2018-09-06 11:00:00,-0.7499807473543794,5.024697726486877,0.009858149974977564,3.562885883136558,-0.00054246005768401,0.14208258152761807,-8.325456961772202,-1.1963267400805817
HPB,2018-09-07 11:00:00,-0.7499807473543794,5.024697726486877,0.009858149974977564,3.562885883136558,-0.00054246005768401,0.14208258152761807,-8.325456961772202,-1.1963267400805817
HPB,2018-09-08 11:00:00,-0.7499807473543794,5.024697726486877,0.009858149974977564,3.562885883136558,-0.00054246005768401,0.14208258152761807,-8.325456961772202,-1.1963267400805817
HPB,2018-09-09 11:00:00,-0.7499807473543794,5.024697726486877,0.009858149974977564,3.562885883136558,-0.00054246005768401,0.14208258152761807,-8.325456961772202,-1.1963267400805817
HPB,2018-09-10 11:00:00,-0.7499807473543794,5.024697726486877,0.009858149974977564,3.562885883136558,-0.00054246005768401,0.14208258152761807,-8.325456961772202,-1.1963267400805817
HPB,2018-11-19 11:00:00,-12.270205738284377,1.2666464099643453,0.005075291803903241,0.562009374341184,-0.00021946156920508644,0.02875167195978188,-9.02367164612291,-5.193566824860059
HPB,2018-11-20 11:00:00,-12.270205738284377,1.2666464099643453,0.005075291803903241,0.562009374341184,-0.00021946156920508644,0.02875167195978188,-9.02367164612291,-5.193566824860059
HPB,2018-11-21 11:00:00,-12.270205738284377,1.2666464099643453,0.005075291803903241,0.562009374341184,-0.00021946156920508644,0.02875167195978188,-9.02367164612291,-5.193566824860059
HPB,2018-11-22 11:00:00,-12.270205738284377,1.2666464099643453,0.005075291803903241,0.562009374341184,-0.00021946156920508644,0.02875167195978188,-9.02367164612291,-5.193566824860059
HPB,2018-11-23 11:00:00,-12.270205738284377,1.2666464099643453,0.005075291803903241,0.562009374341184,-0.00021946156920508644,0.02875167195978188,-9.02367164612291,-5.193566824860059
HPB,2018-11-24 11:00:00,-12.270205738284377,1.2666464099643453,0.005075291803903241,0.562009374341184,-0.00021946156920508644,0.02875167195978188,-9.02367164612291,-5.193566824860059
HPB,2018-11-25 11:00:00,-12.270205738284377,1.2666464099643453,0.005075291803903241,0.562009374341184,-0.00021946156920508644,0.02875167195978188,-9.02367164612291,-5.193566824860059
HPB,2018-11-26 11:00:00,-12.270205738284377,1.2666464099643453,0.005075291803903241,0.562009374341184,-0.00021946156920508644,0.02875167195978188,-9.02367164612291,-5.193566824860059
HPB,2018-11-27 11:00:00,-12.270205738284377,1.2666464099643453,0.005075291803903241,0.562009374341184,-0.00021946156920508644,0.02875167195978188,-9.02367164612291,-5.193566824860059
HPB,2018-11-28 11:00:00,-12.270205738284377,1.2666464099643453,0.005075291803903241,0.562009374341184,-0.00021946156920508644,0.02875167195978188,-9.02367164612291,-5.193566824860059
HPB,2018-11-29 11:00:00,-12.270205738284377,1.2666464099643453,0.005075291803903241,0.562009374341184,-0.00021946156920508644,0.02875167195978188,-9.02367164612291,-5.193566824860059
HPB,2018-11-30 11:00:00,-12.270205738284377,1.2666464099643453,0.005075291803903241,0.562009374341184,-0.00021946156920508644,0.02875167195978188,-9.02367164612291,-5.193566824860059
HPB,2018-12-01 11:00:00,-12.270205738284377,1.2666464099643453,0.005075291803903241,0.562009374341184,-0.00021946156920508644,0.02875167195978188,-9.02367164612291,-5.193566824860059
HPB,2018-12-02 11:00:00,-12.270205738284377,1.2666464099643453,0.005075291803903241,0.562009374341184,-0.00021946156920508644,0.02875167195978188,-9.02367164612291,-5.193566824860059
HPB,2018-12-03 11:00:00,-12.270205738284377,1.2666464099643453,0.005075291803903241,0.562009374341184,-0.00021946156920508644,0.02875167195978188,-9.02367164612291,-5.193566824860059
HPB,2018-12-03 11:00:00,-17.22908513997467,0.5631559387002679,0.005317380323419247,0.7839217293221604,-0.00034913972247077607,0.04605569583887937,-12.417564200134501,-6.364575365494214
HPB,2018-12-04 11:00:00,-17.22908513997467,0.5631559387002679,0.005317380323419247,0.7839217293221604,-0.00034913972247077607,0.04605569583887937,-12.417564200134501,-6.364575365494214
HPB,2018-12-05 11:00:00,-17.22908513997467,0.5631559387002679,0.005317380323419247,0.7839217293221604,-0.00034913972247077607,0.04605569583887937,-12.417564200134501,-6.364575365494214
HPB,2018-12-06 11:00:00,-17.22908513997467,0.5631559387002679,0.005317380323419247,0.7839217293221604,-0.00034913972247077607,0.04605569583887937,-12.417564200134501,-6.364575365494214
HPB,2018-12-07 11:00:00,-17.22908513997467,0.5631559387002679,0.005317380323419247,0.7839217293221604,-0.00034913972247077607,0.04605569583887937,-12.417564200134501,-6.364575365494214
HPB,2018-12-08 11:00:00,-17.22908513997467,0.5631559387002679,0.005317380323419247,0.7839217293221604,-0.00034913972247077607,0.04605569583887937,-12.417564200134501,-6.364575365494214
HPB,2018-12-09 11:00:00,-17.22908513997467,0.5631559387002679,0.005317380323419247,0.7839217293221604,-0.00034913972247077607,0.04605569583887937,-12.417564200134501,-6.364575365494214
HPB,2018-12-10 11:00:00,-17.22908513997467,0.5631559387002679,0.005317380323419247,0.7839217293221604,-0.00034913972247077607,0.04605569583887937,-12.417564200134501,-6.364575365494214
HPB,2018-12-11 11:00:00,-17.22908513997467,0.5631559387002679,0.005317380323419247,0.7839217293221604,-0.00034913972247077607,0.04605569583887937,-12.417564200134501,-6.364575365494214
HPB,2018-12-12 11:00:00,-17.22908513997467,0.5631559387002679,0.005317380323419247,0.7839217293221604,-0.00034913972247077607,0.04605569583887937,-12.417564200134501,-6.364575365494214
HPB,2018-12-13 11:00:00,-17.22908513997467,0.5631559387002679,0.005317380323419247,0.7839217293221604,-0.00034913972247077607,0.04605569583887937,-12.417564200134501,-6.364575365494214
HPB,2018-12-14 11:00:00,-17.22908513997467,0.5631559387002679,0.005317380323419247,0.7839217293221604,-0.00034913972247077607,0.04605569583887937,-12.417564200134501,-6.364575365494214
HPB,2018-12-15 11:00:00,-17.22908513997467,0.5631559387002679,0.005317380323419247,0.7839217293221604,-0.00034913972247077607,0.04605569583887937,-12.417564200134501,-6.364575365494214
HPB,2018-12-16 11:00:00,-17.22908513997467,0.5631559387002679,0.005317380323419247,0.7839217293221604,-0.00034913972247077607,0.04605569583887937,-12.417564200134501,-6.364575365494214
HPB,2018-12-17 11:00:00,-17.22908513997467,0.5631559387002679,0.005317380323419247,0.7839217293221604,-0.00034913972247077607,0.04605569583887937,-12.417564200134501,-6.364575365494214
HPB,2018-12-17 11:00:00,-11.682605860324772,1.3696662092917389,0.010441383668227326,0.2675175122031129,-9.957711047255863e-05,0.005433216049574443,-6.917085204313779,-6.49600778354078
HPB,2018-12-18 11:00:00,-11.682605860324772,1.3696662092917389,0.010441383668227326,0.2675175122031129,-9.957711047255863e-05,0.005433216049574443,-6.917085204313779,-6.49600778354078
HPB,2018-12-19 11:00:00,-11.682605860324772,1.3696662092917389,0.010441383668227326,0.2675175122031129,-9.957711047255863e-05,0.005433216049574443,-6.917085204313779,-6.49600778354078
HPB,2018-12-20 11:00:00,-11.682605860324772,1.3696662092917389,0.010441383668227326,0.2675175122031129,-9.957711047255863e-05,0.005433216049574443,-6.917085204313779,-6.49600778354078
HPB,2018-12-21 11:00:00,-11.682605860324772,1.3696662092917389,0.010441383668227326,0.2675175122031129,-9.957711047255863e-05,0.005433216049574443,-6.917085204313779,-6.49600778354078
HPB,2018-12-22 11:00:00,-11.682605860324772,1.3696662092917389,0.010441383668227326,0.2675175122031129,-9.957711047255863e-05,0.005433216049574443,-6.917085204313779,-6.49600778354078
HPB,2018-12-23 11:00:00,-11.682605860324772,1.3696662092917389,0.010441383668227326,0.2675175122031129,-9.957711047255863e-05,0.005433216049574443,-6.917085204313779,-6.49600778354078
HPB,2018-12-24 11:00:00,-11.682605860324772,1.3696662092917389,0.010441383668227326,0.2675175122031129,-9.957711047255863e-05,0.005433216049574443,-6.917085204313779,-6.49600778354078
HPB,2018-12-25 11:00:00,-11.682605860324772,1.3696662092917389,0.010441383668227326,0.2675175122031129,-9.957711047255863e-05,0.005433216049574443,-6.917085204313779,-6.49600778354078
HPB,2018-12-26 11:00:00,-11.682605860324772,1.3696662092917389,0.010441383668227326,0.2675175122031129,-9.957711047255863e-05,0.005433216049574443,-6.917085204313779,-6.49600778354078
HPB,2018-12-27 11:00:00,-11.682605860324772,1.3696662092917389,0.010441383668227326,0.2675175122031129,-9.957711047255863e-05,0.005433216049574443,-6.917085204313779,-6.49600778354078
HPB,2018-12-28 11:00:00,-11.682605860324772,1.3696662092917389,0.010441383668227326,0.2675175122031129,-9.957711047255863e-05,0.005433216049574443,-6.917085204313779,-6.49600778354078
HPB,2018-12-29 11:00:00,-11.682605860324772,1.3696662092917389,0.010441383668227326,0.2675175122031129,-9.957711047255863e-05,0.005433216049574443,-6.917085204313779,-6.49600778354078
HPB,2018-12-30 11:00:00,-11.682605860324772,1.3696662092917389,0.010441383668227326,0.2675175122031129,-9.957711047255863e-05,0.005433216049574443,-6.917085204313779,-6.49600778354078
HPB,2018-12-31 11:00:00,-11.682605860324772,1.3696662092917389,0.010441383668227326,0.2675175122031129,-9.957711047255863e-05,0.005433216049574443,-6.917085204313779,-6.49600778354078
HPB,2018-12-31 11:00:00,-12.111998306628395,2.2555987156530253,0.009169353863616784,0.4038709733568373,-6.745227390143478e-05,0.004718911069575357,-7.862923627584374,-7.008520108114765
HPB,2019-01-01 11:00:00,-12.111998306628395,2.2555987156530253,0.009169353863616784,0.4038709733568373,-6.745227390143478e-05,0.004718911069575357,-7.862923627584374,-7.008520108114765
HPB,2019-01-02 11:00:00,-12.111998306628395,2.2555987156530253,0.009169353863616784,0.4038709733568373,-6.745227390143478e-05,0.004718911069575357,-7.862923627584374,-7.008520108114765
HPB,2019-01-03 11:00:00,-12.111998306628395,2.2555987156530253,0.009169353863616784,0.4038709733568373,-6.745227390143478e-05,0.004718911069575357,-7.862923627584374,-7.008520108114765
HPB,2019-01-04 11:00:00,-12.111998306628395,2.2555987156530253,0.009169353863616784,0.4038709733568373,-6.745227390143478e-05,0.004718911069575357,-7.862923627584374,-7.008520108114765
HPB,2019-01-05 11:00:00,-12.111998306628395,2.2555987156530253,0.009169353863616784,0.4038709733568373,-6.745227390143478e-05,0.004718911069575357,-7.862923627584374,-7.008520108114765
HPB,2019-01-06 11:00:00,-12.111998306628395,2.2555987156530253,0.009169353863616784,0.4038709733568373,-6.745227390143478e-05,0.004718911069575357,-7.862923627584374,-7.008520108114765
HPB,2019-01-07 11:00:00,-12.111998306628395,2.2555987156530253,0.009169353863616784,0.4038709733568373,-6.745227390143478e-05,0.004718911069575357,-7.862923627584374,-7.008520108114765
HPB,2019-01-08 11:00:00,-12.111998306628395,2.2555987156530253,0.009169353863616784,0.4038709733568373,-6.745227390143478e-05,0.004718911069575357,-7.862923627584374,-7.008520108114765
HPB,2019-01-09 11:00:00,-12.111998306628395,2.2555987156530253,0.009169353863616784,0.4038709733568373,-6.745227390143478e-05,0.004718911069575357,-7.862923627584374,-7.008520108114765
HPB,2019-01-10 11:00:00,-12.111998306628395,2.2555987156530253,0.009169353863616784,0.4038709733568373,-6.745227390143478e-05,0.004718911069575357,-7.862923627584374,-7.008520108114765
HPB,2019-01-11 11:00:00,-12.111998306628395,2.2555987156530253,0.009169353863616784,0.4038709733568373,-6.745227390143478e-05,0.004718911069575357,-7.862923627584374,-7.008520108114765
HPB,2019-01-12 11:00:00,-12.111998306628395,2.2555987156530253,0.009169353863616784,0.4038709733568373,-6.745227390143478e-05,0.004718911069575357,-7.862923627584374,-7.008520108114765
HPB,2019-01-13 11:00:00,-12.111998306628395,2.2555987156530253,0.009169353863616784,0.4038709733568373,-6.745227390143478e-05,0.004718911069575357,-7.862923627584374,-7.008520108114765
HPB,2019-01-14 11:00:00,-12.111998306628395,2.2555987156530253,0.009169353863616784,0.4038709733568373,-6.745227390143478e-05,0.004718911069575357,-7.862923627584374,-7.008520108114765
HTM,2018-01-01 11:00:00,-4.774402080695922,3.933725249312401,0.013799917014010777,0.12468308574172225,-0.0015053137140365242,0.03487232949654996,-9.475473617674522,0.6036210824086312
HTM,2018-01-02 11:00:00,-4.774402080695922,3.933725249312401,0.013799917014010777,0.12468308574172225,-0.0015053137140365242,0.03487232949654996,-9.475473617674522,0.6036210824086312
HTM,2018-01-03 11:00:00,-4.774402080695922,3.933725249312401,0.013799917014010777,0.12468308574172225,-0.0015053137140365242,0.03487232949654996,-9.475473617674522,0.6036210824086312
HTM,2018-01-04 11:00:00,-4.774402080695922,3.933725249312401,0.013799917014010777,0.12468308574172225,-0.0015053137140365242,0.03487232949654996,-9.475473617674522,0.6036210824086312
HTM,2018-01-05 11:00:00,-4.774402080695922,3.933725249312401,0.013799917014010777,0.12468308574172225,-0.0015053137140365242,0.03487232949654996,-9.475473617674522,0.6036210824086312
HTM,2018-01-06 11:00:00,-4.774402080695922,3.933725249312401,0.013799917014010777,0.12468308574172225,-0.0015053137140365242,0.03487232949654996,-9.475473617674522,0.6036210824086312
HTM,2018-01-07 11:00:00,-4.774402080695922,3.933725249312401,0.013799917014010777,0.12468308574172225,-0.0015053137140365242,0.03487232949654996,-9.475473617674522,0.6036210824086312
HTM,2018-01-08 11:00:00,-4.774402080695922,3.933725249312401,0.013799917014010777,0.12468308574172225,-0.0015053137140365242,0.03487232949654996,-9.475473617674522,0.6036210824086312
HTM,2018-01-09 11:00:00,-4.774402080695922,3.933725249312401,0.013799917014010777,0.12468308574172225,-0.0015053137140365242,0.03487232949654996,-9.475473617674522,0.6036210824086312
HTM,2018-01-10 11:00:00,-4.774402080695922,3.933725249312401,0.013799917014010777,0.12468308574172225,-0.0015053137140365242,0.03487232949654996,-9.475473617674522,0.6036210824086312
HTM,2018-01-11 11:00:00,-4.774402080695922,3.933725249312401,0.013799917014010777,0.12468308574172225,-0.0015053137140365242,0.03487232949654996,-9.475473617674522,0.6036210824086312
HTM,2018-01-12 11:00:00,-4.774402080695922,3.933725249312401,0.013799917014010777,0.12468308574172225,-0.0015053137140365242,0.03487232949654996,-9.475473617674522,0.6036210824086312
HTM,2018-01-13 11:00:00,-4.774402080695922,3.933725249312401,0.013799917014010777,0.12468308574172225,-0.0015053137140365242,0.03487232949654996,-9.475473617674522,0.6036210824086312
HTM,2018-01-14 11:00:00,-4.774402080695922,3.933725249312401,0.013799917014010777,0.12468308574172225,-0.0015053137140365242,0.03487232949654996,-9.475473617674522,0.6036210824086312
HTM,2018-01-15 11:00:00,-4.774402080695922,3.933725249312401,0.013799917014010777,0.12468308574172225,-0.0015053137140365242,0.03487232949654996,-9.475473617674522,0.6036210824086312
HTM,2018-01-15 11:00:00,-4.877240197567775,1.6534481022691316,0.004669629452404257,0.17673412018031706,0.00021076153950001268,0.06027474517157131,-7.096896081235486,0.3295244277664565
HTM,2018-01-16 11:00:00,-4.877240197567775,1.6534481022691316,0.004669629452404257,0.17673412018031706,0.00021076153950001268,0.06027474517157131,-7.096896081235486,0.3295244277664565
HTM,2018-01-17 11:00:00,-4.877240197567775,1.6534481022691316,0.004669629452404257,0.17673412018031706,0.00021076153950001268,0.06027474517157131,-7.096896081235486,0.3295244277664565
HTM,2018-01-18 11:00:00,-4.877240197567775,1.6534481022691316,0.004669629452404257,0.17673412018031706,0.00021076153950001268,0.06027474517157131,-7.096896081235486,0.3295244277664565
HTM,2018-01-19 11:00:00,-4.877240197567775,1.6534481022691316,0.004669629452404257,0.17673412018031706,0.00021076153950001268,0.06027474517157131,-7.096896081235486,0.3295244277664565
HTM,2018-01-20 11:00:00,-4.877240197567775,1.6534481022691316,0.004669629452404257,0.17673412018031706,0.00021076153950001268,0.06027474517157131,-7.096896081235486,0.3295244277664565
HTM,2018-01-21 11:00:00,-4.877240197567775,1.6534481022691316,0.004669629452404257,0.17673412018031706,0.00021076153950001268,0.06027474517157131,-7.096896081235486,0.3295244277664565
HTM,2018-01-22 11:00:00,-4.877240197567775,1.6534481022691316,0.004669629452404257,0.17673412018031706,0.00021076153950001268,0.06027474517157131,-7.096896081235486,0.3295244277664565
HTM,2018-01-23 11:00:00,-4.877240197567775,1.6534481022691316,0.004669629452404257,0.17673412018031706,0.00021076153950001268,0.06027474517157131,-7.096896081235486,0.3295244277664565
HTM,2018-01-24 11:00:00,-4.877240197567775,1.6534481022691316,0.004669629452404257,0.17673412018031706,0.00021076153950001268,0.06027474517157131,-7.096896081235486,0.3295244277664565
HTM,2018-01-25 11:00:00,-4.877240197567775,1.6534481022691316,0.004669629452404257,0.17673412018031706,0.00021076153950001268,0.06027474517157131,-7.096896081235486,0.3295244277664565
HTM,2018-01-26 11:00:00,-4.877240197567775,1.6534481022691316,0.004669629452404257,0.17673412018031706,0.00021076153950001268,0.06027474517157131,-7.096896081235486,0.3295244277664565
HTM,2018-01-27 11:00:00,-4.877240197567775,1.6534481022691316,0.004669629452404257,0.17673412018031706,0.00021076153950001268,0.06027474517157131,-7.096896081235486,0.3295244277664565
HTM,2018-01-28 11:00:00,-4.877240197567775,1.6534481022691316,0.004669629452404257,0.17673412018031706,0.00021076153950001268,0.06027474517157131,-7.096896081235486,0.3295244277664565
HTM,2018-01-29 11:00:00,-4.877240197567775,1.6534481022691316,0.004669629452404257,0.17673412018031706,0.00021076153950001268,0.06027474517157131,-7.096896081235486,0.3295244277664565
HTM,2018-01-29 11:00:00,-8.474162151742359,3.8669771630341727,0.011040506220383495,0.13325477342187056,-0.0002899531471743893,0.0469222456203592,-11.663318952889867,-0.885052028099841
HTM,2018-01-30 11:00:00,-8.474162151742359,3.8669771630341727,0.011040506220383495,0.13325477342187056,-0.0002899531471743893,0.0469222456203592,-11.663318952889867,-0.885052028099841
HTM,2018-01-31 11:00:00,-8.474162151742359,3.8669771630341727,0.011040506220383495,0.13325477342187056,-0.0002899531471743893,0.0469222456203592,-11.663318952889867,-0.885052028099841
HTM,2018-02-01 11:00:00,-8.474162151742359,3.8669771630341727,0.011040506220383495,0.13325477342187056,-0.0002899531471743893,0.0469222456203592,-11.663318952889867,-0.885052028099841
HTM,2018-02-02 11:00:00,-8.474162151742359,3.8669771630341727,0.011040506220383495,0.13325477342187056,-0.0002899531471743893,0.0469222456203592,-11.663318952889867,-0.885052028099841
HTM,2018-02-03 11:00:00,-8.474162151742359,3.8669771630341727,0.011040506220383495,0.13325477342187056,-0.0002899531471743893,0.0469222456203592,-11.663318952889867,-0.885052028099841
HTM,2018-02-04 11:00:00,-8.474162151742359,3.8669771630341727,0.011040506220383495,0.13325477342187056,-0.0002899531471743893,0.0469222456203592,-11.663318952889867,-0.885052028099841
HTM,2018-02-05 11:00:00,-8.474162151742359,3.8669771630341727,0.011040506220383495,0.13325477342187056,-0.0002899531471743893,0.0469222456203592,-11.663318952889867,-0.885052028099841
HTM,2018-02-06 11:00:00,-8.474162151742359,3.8669771630341727,0.011040506220383495,0.13325477342187056,-0.0002899531471743893,0.0469222456203592,-11.663318952889867,-0.885052028099841
HTM,2018-02-07 11:00:00,-8.474162151742359,3.8669771630341727,0.011040506220383495,0.13325477342187056,-0.0002899531471743893,0.0469222456203592,-11.663318952889867,-0.885052028099841
HTM,2018-02-08 11:00:00,-8.474162151742359,3.8669771630341727,0.011040506220383495,0.13325477342187056,-0.0002899531471743893,0.0469222456203592,-11.663318952889867,-0.885052028099841
HTM,2018-02-09 11:00:00,-8.474162151742359,3.8669771630341727,0.011040506220383495,0.13325477342187056,-0.0002899531471743893,0.0469222456203592,-11.663318952889867,-0.885052028099841
HTM,2018-02-10 11:00:00,-8.474162151742359,3.8669771630341727,0.011040506220383495,0.13325477342187056,-0.0002899531471743893,0.0469222456203592,-11.663318952889867,-0.885052028099841
HTM,2018-02-11 11:00:00,-8.474162151742359,3.8669771630341727,0.011040506220383495,0.13325477342187056,-0.0002899531471743893,0.0469222456203592,-11.663318952889867,-0.885052028099841
HTM,2018-02-12 11:00:00,-8.474162151742359,3.8669771630341727,0.011040506220383495,0.13325477342187056,-0.0002899531471743893,0.0469222456203592,-11.663318952889867,-0.885052028099841
HTM,2018-02-12 11:00:00,-6.034973976519679,2.810727293461951,0.0043774056223904725,0.1976984277621442,2.061351761227509e-06,0.04101458525504739,-8.382740271569252,-0.7162747554958386
HTM,2018-02-13 11:00:00,-6.034973976519679,2.810727293461951,0.0043774056223904725,0.1976984277621442,2.061351761227509e-06,0.04101458525504739,-8.382740271569252,-0.7162747554958386
HTM,2018-02-14 11:00:00,-6.034973976519679,2.810727293461951,0.0043774056223904725,0.1976984277621442,2.061351761227509e-06,0.04101458525504739,-8.382740271569252,-0.7162747554958386
HTM,2018-02-15 11:00:00,-6.034973976519679,2.810727293461951,0.0043774056223904725,0.1976984277621442,2.061351761227509e-06,0.04101458525504739,-8.382740271569252,-0.7162747554958386
HTM,2018-02-16 11:00:00,-6.034973976519679,2.810727293461951,0.0043774056223904725,0.1976984277621442,2.061351761227509e-06,0.04101458525504739,-8.382740271569252,-0.7162747554958386
HTM,2018-02-17 11:00:00,-6.034973976519679,2.810727293461951,0.0043774056223904725,0.1976984277621442,2.061351761227509e-06,0.04101458525504739,-8.382740271569252,-0.7162747554958386
HTM,2018-02-18 11:00:00,-6.034973976519679,2.810727293461951,0.0043774056223904725,0.1976984277621442,2.061351761227509e-06,0.04101458525504739,-8.382740271569252,-0.7162747554958386
HTM,2018-02-19 11:00:00,-6.034973976519679,2.810727293461951,0.0043774056223904725,0.1976984277621442,2.061351761227509e-06,0.04101458525504739,-8.382740271569252,-0.7162747554958386
HTM,2018-02-20 11:00:00,-6.034973976519679,2.810727293461951,0.0043774056223904725,0.1976984277621442,2.061351761227509e-06,0.04101458525504739,-8.382740271569252,-0.7162747554958386
HTM,2018-02-21 11:00:00,-6.034973976519679,2.810727293461951,0.0043774056223904725,0.1976984277621442,2.061351761227509e-06,0.04101458525504739,-8.382740271569252,-0.7162747554958386
HTM,2018-02-22 11:00:00,-6.034973976519679,2.810727293461951,0.0043774056223904725,0.1976984277621442,2.061351761227509e-06,0.04101458525504739,-8.382740271569252,-0.7162747554958386
HTM,2018-02-23 11:00:00,-6.034973976519679,2.810727293461951,0.0043774056223904725,0.1976984277621442,2.061351761227509e-06,0.04101458525504739,-8.382740271569252,-0.7162747554958386
HTM,2018-02-24 11:00:00,-6.034973976519679,2.810727293461951,0.0043774056223904725,0.1976984277621442,2.061351761227509e-06,0.04101458525504739,-8.382740271569252,-0.7162747554958386
HTM,2018-02-25 11:00:00,-6.034973976519679,2.810727293461951,0.0043774056223904725,0.1976984277621442,2.061351761227509e-06,0.04101458525504739,-8.382740271569252,-0.7162747554958386
HTM,2018-02-26 11:00:00,-6.034973976519679,2.810727293461951,0.0043774056223904725,0.1976984277621442,2.061351761227509e-06,0.04101458525504739,-8.382740271569252,-0.7162747554958386
HTM,2018-02-26 11:00:00,-7.837092541958808,2.8387525921903256,0.002148656773657074,0.2159818791113229,0.0002875283645374776,0.027423193734834414,-8.375689205275252,-2.5778298292135537
HTM,2018-02-27 11:00:00,-7.837092541958808,2.8387525921903256,0.002148656773657074,0.2159818791113229,0.0002875283645374776,0.027423193734834414,-8.375689205275252,-2.5778298292135537
HTM,2018-02-28 11:00:00,-7.837092541958808,2.8387525921903256,0.002148656773657074,0.2159818791113229,0.0002875283645374776,0.027423193734834414,-8.375689205275252,-2.5778298292135537
HTM,2018-03-01 11:00:00,-7.837092541958808,2.8387525921903256,0.002148656773657074,0.2159818791113229,0.0002875283645374776,0.027423193734834414,-8.375689205275252,-2.5778298292135537
HTM,2018-03-02 11:00:00,-7.837092541958808,2.8387525921903256,0.002148656773657074,0.2159818791113229,0.0002875283645374776,0.027423193734834414,-8.375689205275252,-2.5778298292135537
HTM,2018-03-03 11:00:00,-7.837092541958808,2.8387525921903256,0.002148656773657074,0.2159818791113229,0.0002875283645374776,0.027423193734834414,-8.375689205275252,-2.5778298292135537
HTM,2018-03-04 11:00:00,-7.837092541958808,2.8387525921903256,0.002148656773657074,0.2159818791113229,0.0002875283645374776,0.027423193734834414,-8.375689205275252,-2.5778298292135537
HTM,2018-03-05 11:00:00,-7.837092541958808,2.8387525921903256,0.002148656773657074,0.2159818791113229,0.0002875283645374776,0.027423193734834414,-8.375689205275252,-2.5778298292135537
HTM,2018-03-06 11:00:00,-7.837092541958808,2.8387525921903256,0.002148656773657074,0.2159818791113229,0.0002875283645374776,0.027423193734834414,-8.375689205275252,-2.5778298292135537
HTM,2018-03-07 11:00:00,-7.837092541958808,2.8387525921903256,0.002148656773657074,0.2159818791113229,0.0002875283645374776,0.027423193734834414,-8.375689205275252,-2.5778298292135537
HTM,2018-03-08 11:00:00,-7.837092541958808,2.8387525921903256,0.002148656773657074,0.2159818791113229,0.0002875283645374776,0.027423193734834414,-8.375689205275252,-2.5778298292135537
HTM,2018-03-09 11:00:00,-7.837092541958808,2.8387525921903256,0.002148656773657074,0.2159818791113229,0.0002875283645374776,0.027423193734834414,-8.375689205275252,-2.5778298292135537
HTM,2018-03-10 11:00:00,-7.837092541958808,2.8387525921903256,0.002148656773657074,0.2159818791113229,0.0002875283645374776,0.027423193734834414,-8.375689205275252,-2.5778298292135537
HTM,2018-03-11 11:00:00,-7.837092541958808,2.8387525921903256,0.002148656773657074,0.2159818791113229,0.0002875283645374776,0.027423193734834414,-8.375689205275252,-2.5778298292135537
HTM,2018-03-12 11:00:00,-7.837092541958808,2.8387525921903256,0.002148656773657074,0.2159818791113229,0.0002875283645374776,0.027423193734834414,-8.375689205275252,-2.5778298292135537
HTM,2018-03-12 11:00:00,-7.511035979196459,2.0380238166735762,0.003932353563885933,0.29235469440784473,0.0005270766928306886,0.008285751672111845,-8.251526275586308,-1.6192205445500611
HTM,2018-03-13 11:00:00,-7.511035979196459,2.0380238166735762,0.003932353563885933,0.29235469440784473,0.0005270766928306886,0.008285751672111845,-8.251526275586308,-1.6192205445500611
HTM,2018-03-14 11:00:00,-7.511035979196459,2.0380238166735762,0.003932353563885933,0.29235469440784473,0.0005270766928306886,0.008285751672111845,-8.251526275586308,-1.6192205445500611
HTM,2018-03-15 11:00:00,-7.511035979196459,2.0380238166735762,0.003932353563885933,0.29235469440784473,0.0005270766928306886,0.008285751672111845,-8.251526275586308,-1.6192205445500611
HTM,2018-03-16 11:00:00,-7.511035979196459,2.0380238166735762,0.003932353563885933,0.29235469440784473,0.0005270766928306886,0.008285751672111845,-8.251526275586308,-1.6192205445500611
HTM,2018-03-17 11:00:00,-7.511035979196459,2.0380238166735762,0.003932353563885933,0.29235469440784473,0.0005270766928306886,0.008285751672111845,-8.251526275586308,-1.6192205445500611
HTM,2018-03-18 11:00:00,-7.511035979196459,2.0380238166735762,0.003932353563885933,0.29235469440784473,0.0005270766928306886,0.008285751672111845,-8.251526275586308,-1.6192205445500611
HTM,2018-03-19 11:00:00,-7.511035979196459,2.0380238166735762,0.003932353563885933,0.29235469440784473,0.0005270766928306886,0.008285751672111845,-8.251526275586308,-1.6192205445500611
HTM,2018-03-20 11:00:00,-7.511035979196459,2.0380238166735762,0.003932353563885933,0.29235469440784473,0.0005270766928306886,0.008285751672111845,-8.251526275586308,-1.6192205445500611
HTM,2018-03-21 11:00:00,-7.511035979196459,2.0380238166735762,0.003932353563885933,0.29235469440784473,0.0005270766928306886,0.008285751672111845,-8.251526275586308,-1.6192205445500611
HTM,2018-03-22 11:00:00,-7.511035979196459,2.0380238166735762,0.003932353563885933,0.29235469440784473,0.0005270766928306886,0.008285751672111845,-8.251526275586308,-1.6192205445500611
HTM,2018-03-23 11:00:00,-7.511035979196459,2.0380238166735762,0.003932353563885933,0.29235469440784473,0.0005270766928306886,0.008285751672111845,-8.251526275586308,-1.6192205445500611
HTM,2018-03-24 11:00:00,-7.511035979196459,2.0380238166735762,0.003932353563885933,0.29235469440784473,0.0005270766928306886,0.008285751672111845,-8.251526275586308,-1.6192205445500611
HTM,2018-03-25 11:00:00,-7.511035979196459,2.0380238166735762,0.003932353563885933,0.29235469440784473,0.0005270766928306886,0.008285751672111845,-8.251526275586308,-1.6192205445500611
HTM,2018-03-26 11:00:00,-7.511035979196459,2.0380238166735762,0.003932353563885933,0.29235469440784473,0.0005270766928306886,0.008285751672111845,-8.251526275586308,-1.6192205445500611
HTM,2018-03-26 11:00:00,-4.0962926433637445,4.453394558538848,0.006924793543199469,0.23511886396539486,-0.000723376382150599,0.0073588162305067905,-7.266101148610523,-1.5461000095330129
HTM,2018-03-27 11:00:00,-4.0962926433637445,4.453394558538848,0.006924793543199469,0.23511886396539486,-0.000723376382150599,0.0073588162305067905,-7.266101148610523,-1.5461000095330129
HTM,2018-03-28 11:00:00,-4.0962926433637445,4.453394558538848,0.006924793543199469,0.23511886396539486,-0.000723376382150599,0.0073588162305067905,-7.266101148610523,-1.5461000095330129
HTM,2018-03-29 11:00:00,-4.0962926433637445,4.453394558538848,0.006924793543199469,0.23511886396539486,-0.000723376382150599,0.0073588162305067905,-7.266101148610523,-1.5461000095330129
HTM,2018-03-30 11:00:00,-4.0962926433637445,4.453394558538848,0.006924793543199469,0.23511886396539486,-0.000723376382150599,0.0073588162305067905,-7.266101148610523,-1.5461000095330129
HTM,2018-03-31 11:00:00,-4.0962926433637445,4.453394558538848,0.006924793543199469,0.23511886396539486,-0.000723376382150599,0.0073588162305067905,-7.266101148610523,-1.5461000095330129
HTM,2018-04-01 11:00:00,-4.0962926433637445,4.453394558538848,0.006924793543199469,0.23511886396539486,-0.000723376382150599,0.0073588162305067905,-7.266101148610523,-1.5461000095330129
HTM,2018-04-02 11:00:00,-4.0962926433637445,4.453394558538848,0.006924793543199469,0.23511886396539486,-0.000723376382150599,0.0073588162305067905,-7.266101148610523,-1.5461000095330129
HTM,2018-04-03 11:00:00,-4.0962926433637445,4.453394558538848,0.006924793543199469,0.23511886396539486,-0.000723376382150599,0.0073588162305067905,-7.266101148610523,-1.5461000095330129
HTM,2018-04-04 11:00:00,-4.0962926433637445,4.453394558538848,0.006924793543199469,0.23511886396539486,-0.000723376382150599,0.0073588162305067905,-7.266101148610523,-1.5461000095330129
HTM,2018-04-05 11:00:00,-4.0962926433637445,4.453394558538848,0.006924793543199469,0.23511886396539486,-0.000723376382150599,0.0073588162305067905,-7.266101148610523,-1.5461000095330129
HTM,2018-04-06 11:00:00,-4.0962926433637445,4.453394558538848,0.006924793543199469,0.23511886396539486,-0.000723376382150599,0.0073588162305067905,-7.266101148610523,-1.5461000095330129
HTM,2018-04-07 11:00:00,-4.0962926433637445,4.453394558538848,0.006924793543199469,0.23511886396539486,-0.000723376382150599,0.0073588162305067905,-7.266101148610523,-1.5461000095330129
HTM,2018-04-08 11:00:00,-4.0962926433637445,4.453394558538848,0.006924793543199469,0.23511886396539486,-0.000723376382150599,0.0073588162305067905,-7.266101148610523,-1.5461000095330129
HTM,2018-04-09 11:00:00,-4.0962926433637445,4.453394558538848,0.006924793543199469,0.23511886396539486,-0.000723376382150599,0.0073588162305067905,-7.266101148610523,-1.5461000095330129
HTM,2018-04-09 11:00:00,-4.895442355478615,1.1280488633145784,0.0036131534660594194,0.3039040683925301,-0.0013908027329817124,0.006205088259596619,-4.721680443726731,-1.623559229770132
HTM,2018-04-10 11:00:00,-4.895442355478615,1.1280488633145784,0.0036131534660594194,0.3039040683925301,-0.0013908027329817124,0.006205088259596619,-4.721680443726731,-1.623559229770132
HTM,2018-04-11 11:00:00,-4.895442355478615,1.1280488633145784,0.0036131534660594194,0.3039040683925301,-0.0013908027329817124,0.006205088259596619,-4.721680443726731,-1.623559229770132
HTM,2018-04-12 11:00:00,-4.895442355478615,1.1280488633145784,0.0036131534660594194,0.3039040683925301,-0.0013908027329817124,0.006205088259596619,-4.721680443726731,-1.623559229770132
HTM,2018-04-13 11:00:00,-4.895442355478615,1.1280488633145784,0.0036131534660594194,0.3039040683925301,-0.0013908027329817124,0.006205088259596619,-4.721680443726731,-1.623559229770132
HTM,2018-04-14 11:00:00,-4.895442355478615,1.1280488633145784,0.0036131534660594194,0.3039040683925301,-0.0013908027329817124,0.006205088259596619,-4.721680443726731,-1.623559229770132
HTM,2018-04-15 11:00:00,-4.895442355478615,1.1280488633145784,0.0036131534660594194,0.3039040683925301,-0.0013908027329817124,0.006205088259596619,-4.721680443726731,-1.623559229770132
HTM,2018-04-16 11:00:00,-4.895442355478615,1.1280488633145784,0.0036131534660594194,0.3039040683925301,-0.0013908027329817124,0.006205088259596619,-4.721680443726731,-1.623559229770132
HTM,2018-04-17 11:00:00,-4.895442355478615,1.1280488633145784,0.0036131534660594194,0.3039040683925301,-0.0013908027329817124,0.006205088259596619,-4.721680443726731,-1.623559229770132
HTM,2018-04-18 11:00:00,-4.895442355478615,1.1280488633145784,0.0036131534660594194,0.3039040683925301,-0.0013908027329817124,0.006205088259596619,-4.721680443726731,-1.623559229770132
HTM,2018-04-19 11:00:00,-4.895442355478615,1.1280488633145784,0.0036131534660594194,0.3039040683925301,-0.0013908027329817124,0.006205088259596619,-4.721680443726731,-1.623559229770132
HTM,2018-04-20 11:00:00,-4.895442355478615,1.1280488633145784,0.0036131534660594194,0.3039040683925301,-0.0013908027329817124,0.006205088259596619,-4.721680443726731,-1.623559229770132
HTM,2018-04-21 11:00:00,-4.895442355478615,1.1280488633145784,0.0036131534660594194,0.3039040683925301,-0.0013908027329817124,0.006205088259596619,-4.721680443726731,-1.623559229770132
HTM,2018-04-22 11:00:00,-4.895442355478615,1.1280488633145784,0.0036131534660594194,0.3039040683925301,-0.0013908027329817124,0.006205088259596619,-4.721680443726731,-1.623559229770132
HTM,2018-04-23 11:00:00,-4.895442355478615,1.1280488633145784,0.0036131534660594194,0.3039040683925301,-0.0013908027329817124,0.006205088259596619,-4.721680443726731,-1.623559229770132
HTM,2018-04-23 11:00:00,-6.946159610493544,2.012132645976457,0.004784448306088125,0.4942994637072777,-0.0030937193031541424,0.003984648053863138,-7.553871795695272,-1.919247874509707
HTM,2018-04-24 11:00:00,-6.946159610493544,2.012132645976457,0.004784448306088125,0.4942994637072777,-0.0030937193031541424,0.003984648053863138,-7.553871795695272,-1.919247874509707
HTM,2018-04-25 11:00:00,-6.946159610493544,2.012132645976457,0.004784448306088125,0.4942994637072777,-0.0030937193031541424,0.003984648053863138,-7.553871795695272,-1.919247874509707
HTM,2018-04-26 11:00:00,-6.946159610493544,2.012132645976457,0.004784448306088125,0.4942994637072777,-0.0030937193031541424,0.003984648053863138,-7.553871795695272,-1.919247874509707
HTM,2018-04-27 11:00:00,-6.946159610493544,2.012132645976457,0.004784448306088125,0.4942994637072777,-0.0030937193031541424,0.003984648053863138,-7.553871795695272,-1.919247874509707
HTM,2018-04-28 11:00:00,-6.946159610493544,2.012132645976457,0.004784448306088125,0.4942994637072777,-0.0030937193031541424,0.003984648053863138,-7.553871795695272,-1.919247874509707
HTM,2018-04-29 11:00:00,-6.946159610493544,2.012132645976457,0.004784448306088125,0.4942994637072777,-0.0030937193031541424,0.003984648053863138,-7.553871795695272,-1.919247874509707
HTM,2018-04-30 11:00:00,-6.946159610493544,2.012132645976457,0.004784448306088125,0.4942994637072777,-0.0030937193031541424,0.003984648053863138,-7.553871795695272,-1.919247874509707
HTM,2018-05-01 11:00:00,-6.946159610493544,2.012132645976457,0.004784448306088125,0.4942994637072777,-0.0030937193031541424,0.003984648053863138,-7.553871795695272,-1.919247874509707
HTM,2018-05-02 11:00:00,-6.946159610493544,2.012132645976457,0.004784448306088125,0.4942994637072777,-0.0030937193031541424,0.003984648053863138,-7.553871795695272,-1.919247874509707
HTM,2018-05-03 11:00:00,-6.946159610493544,2.012132645976457,0.004784448306088125,0.4942994637072777,-0.0030937193031541424,0.003984648053863138,-7.553871795695272,-1.919247874509707
HTM,2018-05-04 11:00:00,-6.946159610493544,2.012132645976457,0.004784448306088125,0.4942994637072777,-0.0030937193031541424,0.003984648053863138,-7.553871795695272,-1.919247874509707
HTM,2018-05-05 11:00:00,-6.946159610493544,2.012132645976457,0.004784448306088125,0.4942994637072777,-0.0030937193031541424,0.003984648053863138,-7.553871795695272,-1.919247874509707
HTM,2018-05-06 11:00:00,-6.946159610493544,2.012132645976457,0.004784448306088125,0.4942994637072777,-0.0030937193031541424,0.003984648053863138,-7.553871795695272,-1.919247874509707
HTM,2018-05-07 11:00:00,-6.946159610493544,2.012132645976457,0.004784448306088125,0.4942994637072777,-0.0030937193031541424,0.003984648053863138,-7.553871795695272,-1.919247874509707
HTM,2018-05-07 11:00:00,-4.011086480861162,2.154649761657665,0.004714731384786347,0.28091092245076293,-0.0032714368897451655,-0.012325323401220336,-4.669107367728476,-1.7695951868665802
HTM,2018-05-08 11:00:00,-4.011086480861162,2.154649761657665,0.004714731384786347,0.28091092245076293,-0.0032714368897451655,-0.012325323401220336,-4.669107367728476,-1.7695951868665802
HTM,2018-05-09 11:00:00,-4.011086480861162,2.154649761657665,0.004714731384786347,0.28091092245076293,-0.0032714368897451655,-0.012325323401220336,-4.669107367728476,-1.7695951868665802
HTM,2018-05-10 11:00:00,-4.011086480861162,2.154649761657665,0.004714731384786347,0.28091092245076293,-0.0032714368897451655,-0.012325323401220336,-4.669107367728476,-1.7695951868665802
HTM,2018-05-11 11:00:00,-4.011086480861162,2.154649761657665,0.004714731384786347,0.28091092245076293,-0.0032714368897451655,-0.012325323401220336,-4.669107367728476,-1.7695951868665802
HTM,2018-05-12 11:00:00,-4.011086480861162,2.154649761657665,0.004714731384786347,0.28091092245076293,-0.0032714368897451655,-0.012325323401220336,-4.669107367728476,-1.7695951868665802
HTM,2018-05-13 11:00:00,-4.011086480861162,2.154649761657665,0.004714731384786347,0.28091092245076293,-0.0032714368897451655,-0.012325323401220336,-4.669107367728476,-1.7695951868665802
HTM,2018-05-14 11:00:00,-4.011086480861162,2.154649761657665,0.004714731384786347,0.28091092245076293,-0.0032714368897451655,-0.012325323401220336,-4.669107367728476,-1.7695951868665802
HTM,2018-05-15 11:00:00,-4.011086480861162,2.154649761657665,0.004714731384786347,0.28091092245076293,-0.0032714368897451655,-0.012325323401220336,-4.669107367728476,-1.7695951868665802
HTM,2018-05-16 11:00:00,-4.011086480861162,2.154649761657665,0.004714731384786347,0.28091092245076293,-0.0032714368897451655,-0.012325323401220336,-4.669107367728476,-1.7695951868665802
HTM,2018-05-17 11:00:00,-4.011086480861162,2.154649761657665,0.004714731384786347,0.28091092245076293,-0.0032714368897451655,-0.012325323401220336,-4.669107367728476,-1.7695951868665802
HTM,2018-05-18 11:00:00,-4.011086480861162,2.154649761657665,0.004714731384786347,0.28091092245076293,-0.0032714368897451655,-0.012325323401220336,-4.669107367728476,-1.7695951868665802
HTM,2018-05-19 11:00:00,-4.011086480861162,2.154649761657665,0.004714731384786347,0.28091092245076293,-0.0032714368897451655,-0.012325323401220336,-4.669107367728476,-1.7695951868665802
HTM,2018-05-20 11:00:00,-4.011086480861162,2.154649761657665,0.004714731384786347,0.28091092245076293,-0.0032714368897451655,-0.012325323401220336,-4.669107367728476,-1.7695951868665802
HTM,2018-05-21 11:00:00,-4.011086480861162,2.154649761657665,0.004714731384786347,0.28091092245076293,-0.0032714368897451655,-0.012325323401220336,-4.669107367728476,-1.7695951868665802
HTM,2018-05-21 11:00:00,-2.278561236401768,2.1854690829373284,0.001158878551459515,0.5489774455775005,-0.0029003088410494366,-0.03620787993289228,-3.163752724992533,-1.8059369446647635
HTM,2018-05-22 11:00:00,-2.278561236401768,2.1854690829373284,0.001158878551459515,0.5489774455775005,-0.0029003088410494366,-0.03620787993289228,-3.163752724992533,-1.8059369446647635
HTM,2018-05-23 11:00:00,-2.278561236401768,2.1854690829373284,0.001158878551459515,0.5489774455775005,-0.0029003088410494366,-0.03620787993289228,-3.163752724992533,-1.8059369446647635
HTM,2018-05-24 11:00:00,-2.278561236401768,2.1854690829373284,0.001158878551459515,0.5489774455775005,-0.0029003088410494366,-0.03620787993289228,-3.163752724992533,-1.8059369446647635
HTM,2018-05-25 11:00:00,-2.278561236401768,2.1854690829373284,0.001158878551459515,0.5489774455775005,-0.0029003088410494366,-0.03620787993289228,-3.163752724992533,-1.8059369446647635
HTM,2018-05-26 11:00:00,-2.278561236401768,2.1854690829373284,0.001158878551459515,0.5489774455775005,-0.0029003088410494366,-0.03620787993289228,-3.163752724992533,-1.8059369446647635
HTM,2018-05-27 11:00:00,-2.278561236401768,2.1854690829373284,0.001158878551459515,0.5489774455775005,-0.0029003088410494366,-0.03620787993289228,-3.163752724992533,-1.8059369446647635
HTM,2018-05-28 11:00:00,-2.278561236401768,2.1854690829373284,0.001158878551459515,0.5489774455775005,-0.0029003088410494366,-0.03620787993289228,-3.163752724992533,-1.8059369446647635
HTM,2018-05-29 11:00:00,-2.278561236401768,2.1854690829373284,0.001158878551459515,0.5489774455775005,-0.0029003088410494366,-0.03620787993289228,-3.163752724992533,-1.8059369446647635
HTM,2018-05-30 11:00:00,-2.278561236401768,2.1854690829373284,0.001158878551459515,0.5489774455775005,-0.0029003088410494366,-0.03620787993289228,-3.163752724992533,-1.8059369446647635
HTM,2018-05-31 11:00:00,-2.278561236401768,2.1854690829373284,0.001158878551459515,0.5489774455775005,-0.0029003088410494366,-0.03620787993289228,-3.163752724992533,-1.8059369446647635
HTM,2018-06-01 11:00:00,-2.278561236401768,2.1854690829373284,0.001158878551459515,0.5489774455775005,-0.0029003088410494366,-0.03620787993289228,-3.163752724992533,-1.8059369446647635
HTM,2018-06-02 11:00:00,-2.278561236401768,2.1854690829373284,0.001158878551459515,0.5489774455775005,-0.0029003088410494366,-0.03620787993289228,-3.163752724992533,-1.8059369446647635
HTM,2018-06-03 11:00:00,-2.278561236401768,2.1854690829373284,0.001158878551459515,0.5489774455775005,-0.0029003088410494366,-0.03620787993289228,-3.163752724992533,-1.8059369446647635
HTM,2018-06-04 11:00:00,-2.278561236401768,2.1854690829373284,0.001158878551459515,0.5489774455775005,-0.0029003088410494366,-0.03620787993289228,-3.163752724992533,-1.8059369446647635
HTM,2018-06-04 11:00:00,-1.8043735971394173,1.862165759501783,0.00022855411105585706,0.6606617749126045,-0.0031660856893730785,-0.042292442192387,-2.453573611532712,-1.819363836620012
HTM,2018-06-05 11:00:00,-1.8043735971394173,1.862165759501783,0.00022855411105585706,0.6606617749126045,-0.0031660856893730785,-0.042292442192387,-2.453573611532712,-1.819363836620012
HTM,2018-06-06 11:00:00,-1.8043735971394173,1.862165759501783,0.00022855411105585706,0.6606617749126045,-0.0031660856893730785,-0.042292442192387,-2.453573611532712,-1.819363836620012
HTM,2018-06-07 11:00:00,-1.8043735971394173,1.862165759501783,0.00022855411105585706,0.6606617749126045,-0.0031660856893730785,-0.042292442192387,-2.453573611532712,-1.819363836620012
HTM,2018-06-08 11:00:00,-1.8043735971394173,1.862165759501783,0.00022855411105585706,0.6606617749126045,-0.0031660856893730785,-0.042292442192387,-2.453573611532712,-1.819363836620012
HTM,2018-06-09 11:00:00,-1.8043735971394173,1.862165759501783,0.00022855411105585706,0.6606617749126045,-0.0031660856893730785,-0.042292442192387,-2.453573611532712,-1.819363836620012
HTM,2018-06-10 11:00:00,-1.8043735971394173,1.862165759501783,0.00022855411105585706,0.6606617749126045,-0.0031660856893730785,-0.042292442192387,-2.453573611532712,-1.819363836620012
HTM,2018-06-11 11:00:00,-1.8043735971394173,1.862165759501783,0.00022855411105585706,0.6606617749126045,-0.0031660856893730785,-0.042292442192387,-2.453573611532712,-1.819363836620012
HTM,2018-06-12 11:00:00,-1.8043735971394173,1.862165759501783,0.00022855411105585706,0.6606617749126045,-0.0031660856893730785,-0.042292442192387,-2.453573611532712,-1.819363836620012
HTM,2018-06-13 11:00:00,-1.8043735971394173,1.862165759501783,0.00022855411105585706,0.6606617749126045,-0.0031660856893730785,-0.042292442192387,-2.453573611532712,-1.819363836620012
HTM,2018-06-14 11:00:00,-1.8043735971394173,1.862165759501783,0.00022855411105585706,0.6606617749126045,-0.0031660856893730785,-0.042292442192387,-2.453573611532712,-1.819363836620012
HTM,2018-06-15 11:00:00,-1.8043735971394173,1.862165759501783,0.00022855411105585706,0.6606617749126045,-0.0031660856893730785,-0.042292442192387,-2.453573611532712,-1.819363836620012
HTM,2018-06-16 11:00:00,-1.8043735971394173,1.862165759501783,0.00022855411105585706,0.6606617749126045,-0.0031660856893730785,-0.042292442192387,-2.453573611532712,-1.819363836620012
HTM,2018-06-17 11:00:00,-1.8043735971394173,1.862165759501783,0.00022855411105585706,0.6606617749126045,-0.0031660856893730785,-0.042292442192387,-2.453573611532712,-1.819363836620012
HTM,2018-06-18 11:00:00,-1.8043735971394173,1.862165759501783,0.00022855411105585706,0.6606617749126045,-0.0031660856893730785,-0.042292442192387,-2.453573611532712,-1.819363836620012
HTM,2018-06-18 11:00:00,-3.216481920282113,0.8202926785135739,0.0013173215565783036,0.48417365063374557,-0.0018406304664289326,-0.011879237719675067,-2.783828101058875,-1.7233527787062055
HTM,2018-06-19 11:00:00,-3.216481920282113,0.8202926785135739,0.0013173215565783036,0.48417365063374557,-0.0018406304664289326,-0.011879237719675067,-2.783828101058875,-1.7233527787062055
HTM,2018-06-20 11:00:00,-3.216481920282113,0.8202926785135739,0.0013173215565783036,0.48417365063374557,-0.0018406304664289326,-0.011879237719675067,-2.783828101058875,-1.7233527787062055
HTM,2018-06-21 11:00:00,-3.216481920282113,0.8202926785135739,0.0013173215565783036,0.48417365063374557,-0.0018406304664289326,-0.011879237719675067,-2.783828101058875,-1.7233527787062055
HTM,2018-06-22 11:00:00,-3.216481920282113,0.8202926785135739,0.0013173215565783036,0.48417365063374557,-0.0018406304664289326,-0.011879237719675067,-2.783828101058875,-1.7233527787062055
HTM,2018-06-23 11:00:00,-3.216481920282113,0.8202926785135739,0.0013173215565783036,0.48417365063374557,-0.0018406304664289326,-0.011879237719675067,-2.783828101058875,-1.7233527787062055
HTM,2018-06-24 11:00:00,-3.216481920282113,0.8202926785135739,0.0013173215565783036,0.48417365063374557,-0.0018406304664289326,-0.011879237719675067,-2.783828101058875,-1.7233527787062055
HTM,2018-06-25 11:00:00,-3.216481920282113,0.8202926785135739,0.0013173215565783036,0.48417365063374557,-0.0018406304664289326,-0.011879237719675067,-2.783828101058875,-1.7233527787062055
HTM,2018-06-26 11:00:00,-3.216481920282113,0.8202926785135739,0.0013173215565783036,0.48417365063374557,-0.0018406304664289326,-0.011879237719675067,-2.783828101058875,-1.7233527787062055
HTM,2018-06-27 11:00:00,-3.216481920282113,0.8202926785135739,0.0013173215565783036,0.48417365063374557,-0.0018406304664289326,-0.011879237719675067,-2.783828101058875,-1.7233527787062055
HTM,2018-06-28 11:00:00,-3.216481920282113,0.8202926785135739,0.0013173215565783036,0.48417365063374557,-0.0018406304664289326,-0.011879237719675067,-2.783828101058875,-1.7233527787062055
HTM,2018-06-29 11:00:00,-3.216481920282113,0.8202926785135739,0.0013173215565783036,0.48417365063374557,-0.0018406304664289326,-0.011879237719675067,-2.783828101058875,-1.7233527787062055
HTM,2018-06-30 11:00:00,-3.216481920282113,0.8202926785135739,0.0013173215565783036,0.48417365063374557,-0.0018406304664289326,-0.011879237719675067,-2.783828101058875,-1.7233527787062055
HTM,2018-07-01 11:00:00,-3.216481920282113,0.8202926785135739,0.0013173215565783036,0.48417365063374557,-0.0018406304664289326,-0.011879237719675067,-2.783828101058875,-1.7233527787062055
HTM,2018-07-02 11:00:00,-3.216481920282113,0.8202926785135739,0.0013173215565783036,0.48417365063374557,-0.0018406304664289326,-0.011879237719675067,-2.783828101058875,-1.7233527787062055
HTM,2018-07-02 11:00:00,-1.3713253015401035,1.5085014701613344,0.0019934786455730797,0.45166710108591246,-0.0019009300976021652,-0.0020317426171023436,-1.861691684045975,-1.4689012418482466
HTM,2018-07-03 11:00:00,-1.3713253015401035,1.5085014701613344,0.0019934786455730797,0.45166710108591246,-0.0019009300976021652,-0.0020317426171023436,-1.861691684045975,-1.4689012418482466
HTM,2018-07-04 11:00:00,-1.3713253015401035,1.5085014701613344,0.0019934786455730797,0.45166710108591246,-0.0019009300976021652,-0.0020317426171023436,-1.861691684045975,-1.4689012418482466
HTM,2018-07-05 11:00:00,-1.3713253015401035,1.5085014701613344,0.0019934786455730797,0.45166710108591246,-0.0019009300976021652,-0.0020317426171023436,-1.861691684045975,-1.4689012418482466
HTM,2018-07-06 11:00:00,-1.3713253015401035,1.5085014701613344,0.0019934786455730797,0.45166710108591246,-0.0019009300976021652,-0.0020317426171023436,-1.861691684045975,-1.4689012418482466
HTM,2018-07-07 11:00:00,-1.3713253015401035,1.5085014701613344,0.0019934786455730797,0.45166710108591246,-0.0019009300976021652,-0.0020317426171023436,-1.861691684045975,-1.4689012418482466
HTM,2018-07-08 11:00:00,-1.3713253015401035,1.5085014701613344,0.0019934786455730797,0.45166710108591246,-0.0019009300976021652,-0.0020317426171023436,-1.861691684045975,-1.4689012418482466
HTM,2018-07-09 11:00:00,-1.3713253015401035,1.5085014701613344,0.0019934786455730797,0.45166710108591246,-0.0019009300976021652,-0.0020317426171023436,-1.861691684045975,-1.4689012418482466
HTM,2018-07-10 11:00:00,-1.3713253015401035,1.5085014701613344,0.0019934786455730797,0.45166710108591246,-0.0019009300976021652,-0.0020317426171023436,-1.861691684045975,-1.4689012418482466
HTM,2018-07-11 11:00:00,-1.3713253015401035,1.5085014701613344,0.0019934786455730797,0.45166710108591246,-0.0019009300976021652,-0.0020317426171023436,-1.861691684045975,-1.4689012418482466
HTM,2018-07-12 11:00:00,-1.3713253015401035,1.5085014701613344,0.0019934786455730797,0.45166710108591246,-0.0019009300976021652,-0.0020317426171023436,-1.861691684045975,-1.4689012418482466
HTM,2018-07-13 11:00:00,-1.3713253015401035,1.5085014701613344,0.0019934786455730797,0.45166710108591246,-0.0019009300976021652,-0.0020317426171023436,-1.861691684045975,-1.4689012418482466
HTM,2018-07-14 11:00:00,-1.3713253015401035,1.5085014701613344,0.0019934786455730797,0.45166710108591246,-0.0019009300976021652,-0.0020317426171023436,-1.861691684045975,-1.4689012418482466
HTM,2018-07-15 11:00:00,-1.3713253015401035,1.5085014701613344,0.0019934786455730797,0.45166710108591246,-0.0019009300976021652,-0.0020317426171023436,-1.861691684045975,-1.4689012418482466
HTM,2018-07-16 11:00:00,-1.3713253015401035,1.5085014701613344,0.0019934786455730797,0.45166710108591246,-0.0019009300976021652,-0.0020317426171023436,-1.861691684045975,-1.4689012418482466
HTM,2018-07-16 11:00:00,-1.6163031402191617,1.6883078664962032,0.0033059953846600386,0.5715222677257983,-0.0018495805977624222,-0.02486598970297805,-2.3130638766114484,-1.5330480507367206
HTM,2018-07-17 11:00:00,-1.6163031402191617,1.6883078664962032,0.0033059953846600386,0.5715222677257983,-0.0018495805977624222,-0.02486598970297805,-2.3130638766114484,-1.5330480507367206
HTM,2018-07-18 11:00:00,-1.6163031402191617,1.6883078664962032,0.0033059953846600386,0.5715222677257983,-0.0018495805977624222,-0.02486598970297805,-2.3130638766114484,-1.5330480507367206
HTM,2018-07-19 11:00:00,-1.6163031402191617,1.6883078664962032,0.0033059953846600386,0.5715222677257983,-0.0018495805977624222,-0.02486598970297805,-2.3130638766114484,-1.5330480507367206
HTM,2018-07-20 11:00:00,-1.6163031402191617,1.6883078664962032,0.0033059953846600386,0.5715222677257983,-0.0018495805977624222,-0.02486598970297805,-2.3130638766114484,-1.5330480507367206
HTM,2018-07-21 11:00:00,-1.6163031402191617,1.6883078664962032,0.0033059953846600386,0.5715222677257983,-0.0018495805977624222,-0.02486598970297805,-2.3130638766114484,-1.5330480507367206
HTM,2018-07-22 11:00:00,-1.6163031402191617,1.6883078664962032,0.0033059953846600386,0.5715222677257983,-0.0018495805977624222,-0.02486598970297805,-2.3130638766114484,-1.5330480507367206
HTM,2018-07-23 11:00:00,-1.6163031402191617,1.6883078664962032,0.0033059953846600386,0.5715222677257983,-0.0018495805977624222,-0.02486598970297805,-2.3130638766114484,-1.5330480507367206
HTM,2018-07-24 11:00:00,-1.6163031402191617,1.6883078664962032,0.0033059953846600386,0.5715222677257983,-0.0018495805977624222,-0.02486598970297805,-2.3130638766114484,-1.5330480507367206
HTM,2018-07-25 11:00:00,-1.6163031402191617,1.6883078664962032,0.0033059953846600386,0.5715222677257983,-0.0018495805977624222,-0.02486598970297805,-2.3130638766114484,-1.5330480507367206
HTM,2018-07-26 11:00:00,-1.6163031402191617,1.6883078664962032,0.0033059953846600386,0.5715222677257983,-0.0018495805977624222,-0.02486598970297805,-2.3130638766114484,-1.5330480507367206
HTM,2018-07-27 11:00:00,-1.6163031402191617,1.6883078664962032,0.0033059953846600386,0.5715222677257983,-0.0018495805977624222,-0.02486598970297805,-2.3130638766114484,-1.5330480507367206
HTM,2018-07-28 11:00:00,-1.6163031402191617,1.6883078664962032,0.0033059953846600386,0.5715222677257983,-0.0018495805977624222,-0.02486598970297805,-2.3130638766114484,-1.5330480507367206
HTM,2018-07-29 11:00:00,-1.6163031402191617,1.6883078664962032,0.0033059953846600386,0.5715222677257983,-0.0018495805977624222,-0.02486598970297805,-2.3130638766114484,-1.5330480507367206
HTM,2018-07-30 11:00:00,-1.6163031402191617,1.6883078664962032,0.0033059953846600386,0.5715222677257983,-0.0018495805977624222,-0.02486598970297805,-2.3130638766114484,-1.5330480507367206
HTM,2018-07-30 11:00:00,0.9553248794072003,3.9747801550032076,0.0066047051679198445,0.773457490256983,-0.0008098865019023272,-0.010255776756211464,-2.6915599201330798,-1.0968546242949877
HTM,2018-07-31 11:00:00,0.9553248794072003,3.9747801550032076,0.0066047051679198445,0.773457490256983,-0.0008098865019023272,-0.010255776756211464,-2.6915599201330798,-1.0968546242949877
HTM,2018-08-01 11:00:00,0.9553248794072003,3.9747801550032076,0.0066047051679198445,0.773457490256983,-0.0008098865019023272,-0.010255776756211464,-2.6915599201330798,-1.0968546242949877
HTM,2018-08-02 11:00:00,0.9553248794072003,3.9747801550032076,0.0066047051679198445,0.773457490256983,-0.0008098865019023272,-0.010255776756211464,-2.6915599201330798,-1.0968546242949877
HTM,2018-08-03 11:00:00,0.9553248794072003,3.9747801550032076,0.0066047051679198445,0.773457490256983,-0.0008098865019023272,-0.010255776756211464,-2.6915599201330798,-1.0968546242949877
HTM,2018-08-04 11:00:00,0.9553248794072003,3.9747801550032076,0.0066047051679198445,0.773457490256983,-0.0008098865019023272,-0.010255776756211464,-2.6915599201330798,-1.0968546242949877
HTM,2018-08-05 11:00:00,0.9553248794072003,3.9747801550032076,0.0066047051679198445,0.773457490256983,-0.0008098865019023272,-0.010255776756211464,-2.6915599201330798,-1.0968546242949877
HTM,2018-08-06 11:00:00,0.9553248794072003,3.9747801550032076,0.0066047051679198445,0.773457490256983,-0.0008098865019023272,-0.010255776756211464,-2.6915599201330798,-1.0968546242949877
HTM,2018-08-07 11:00:00,0.9553248794072003,3.9747801550032076,0.0066047051679198445,0.773457490256983,-0.0008098865019023272,-0.010255776756211464,-2.6915599201330798,-1.0968546242949877
HTM,2018-08-08 11:00:00,0.9553248794072003,3.9747801550032076,0.0066047051679198445,0.773457490256983,-0.0008098865019023272,-0.010255776756211464,-2.6915599201330798,-1.0968546242949877
HTM,2018-08-09 11:00:00,0.9553248794072003,3.9747801550032076,0.0066047051679198445,0.773457490256983,-0.0008098865019023272,-0.010255776756211464,-2.6915599201330798,-1.0968546242949877
HTM,2018-08-10 11:00:00,0.9553248794072003,3.9747801550032076,0.0066047051679198445,0.773457490256983,-0.0008098865019023272,-0.010255776756211464,-2.6915599201330798,-1.0968546242949877
HTM,2018-08-11 11:00:00,0.9553248794072003,3.9747801550032076,0.0066047051679198445,0.773457490256983,-0.0008098865019023272,-0.010255776756211464,-2.6915599201330798,-1.0968546242949877
HTM,2018-08-12 11:00:00,0.9553248794072003,3.9747801550032076,0.0066047051679198445,0.773457490256983,-0.0008098865019023272,-0.010255776756211464,-2.6915599201330798,-1.0968546242949877
HTM,2018-08-13 11:00:00,0.9553248794072003,3.9747801550032076,0.0066047051679198445,0.773457490256983,-0.0008098865019023272,-0.010255776756211464,-2.6915599201330798,-1.0968546242949877
HTM,2018-08-13 11:00:00,-1.0839226118818637,3.5274848601125353,0.007096464980701304,0.7668721254207075,-0.0013872320028341034,0.00930924547080333,-4.325945678368407,-1.0721726867501933
HTM,2018-08-14 11:00:00,-1.0839226118818637,3.5274848601125353,0.007096464980701304,0.7668721254207075,-0.0013872320028341034,0.00930924547080333,-4.325945678368407,-1.0721726867501933
HTM,2018-08-15 11:00:00,-1.0839226118818637,3.5274848601125353,0.007096464980701304,0.7668721254207075,-0.0013872320028341034,0.00930924547080333,-4.325945678368407,-1.0721726867501933
HTM,2018-08-16 11:00:00,-1.0839226118818637,3.5274848601125353,0.007096464980701304,0.7668721254207075,-0.0013872320028341034,0.00930924547080333,-4.325945678368407,-1.0721726867501933
HTM,2018-08-17 11:00:00,-1.0839226118818637,3.5274848601125353,0.007096464980701304,0.7668721254207075,-0.0013872320028341034,0.00930924547080333,-4.325945678368407,-1.0721726867501933
HTM,2018-08-18 11:00:00,-1.0839226118818637,3.5274848601125353,0.007096464980701304,0.7668721254207075,-0.0013872320028341034,0.00930924547080333,-4.325945678368407,-1.0721726867501933
HTM,2018-08-19 11:00:00,-1.0839226118818637,3.5274848601125353,0.007096464980701304,0.7668721254207075,-0.0013872320028341034,0.00930924547080333,-4.325945678368407,-1.0721726867501933
HTM,2018-08-20 11:00:00,-1.0839226118818637,3.5274848601125353,0.007096464980701304,0.7668721254207075,-0.0013872320028341034,0.00930924547080333,-4.325945678368407,-1.0721726867501933
HTM,2018-08-21 11:00:00,-1.0839226118818637,3.5274848601125353,0.007096464980701304,0.7668721254207075,-0.0013872320028341034,0.00930924547080333,-4.325945678368407,-1.0721726867501933
HTM,2018-08-22 11:00:00,-1.0839226118818637,3.5274848601125353,0.007096464980701304,0.7668721254207075,-0.0013872320028341034,0.00930924547080333,-4.325945678368407,-1.0721726867501933
HTM,2018-08-23 11:00:00,-1.0839226118818637,3.5274848601125353,0.007096464980701304,0.7668721254207075,-0.0013872320028341034,0.00930924547080333,-4.325945678368407,-1.0721726867501933
HTM,2018-08-24 11:00:00,-1.0839226118818637,3.5274848601125353,0.007096464980701304,0.7668721254207075,-0.0013872320028341034,0.00930924547080333,-4.325945678368407,-1.0721726867501933
HTM,2018-08-25 11:00:00,-1.0839226118818637,3.5274848601125353,0.007096464980701304,0.7668721254207075,-0.0013872320028341034,0.00930924547080333,-4.325945678368407,-1.0721726867501933
HTM,2018-08-26 11:00:00,-1.0839226118818637,3.5274848601125353,0.007096464980701304,0.7668721254207075,-0.0013872320028341034,0.00930924547080333,-4.325945678368407,-1.0721726867501933
HTM,2018-08-27 11:00:00,-1.0839226118818637,3.5274848601125353,0.007096464980701304,0.7668721254207075,-0.0013872320028341034,0.00930924547080333,-4.325945678368407,-1.0721726867501933
HTM,2018-08-27 11:00:00,-2.7409602542967906,2.380239223649884,0.005605109888947806,0.6242851247561452,-0.002321896820393322,0.030792921013221744,-4.508107801574442,-1.282162771138986
HTM,2018-08-28 11:00:00,-2.7409602542967906,2.380239223649884,0.005605109888947806,0.6242851247561452,-0.002321896820393322,0.030792921013221744,-4.508107801574442,-1.282162771138986
HTM,2018-08-29 11:00:00,-2.7409602542967906,2.380239223649884,0.005605109888947806,0.6242851247561452,-0.002321896820393322,0.030792921013221744,-4.508107801574442,-1.282162771138986
HTM,2018-08-30 11:00:00,-2.7409602542967906,2.380239223649884,0.005605109888947806,0.6242851247561452,-0.002321896820393322,0.030792921013221744,-4.508107801574442,-1.282162771138986
HTM,2018-08-31 11:00:00,-2.7409602542967906,2.380239223649884,0.005605109888947806,0.6242851247561452,-0.002321896820393322,0.030792921013221744,-4.508107801574442,-1.282162771138986
HTM,2018-09-01 11:00:00,-2.7409602542967906,2.380239223649884,0.005605109888947806,0.6242851247561452,-0.002321896820393322,0.030792921013221744,-4.508107801574442,-1.282162771138986
HTM,2018-09-02 11:00:00,-2.7409602542967906,2.380239223649884,0.005605109888947806,0.6242851247561452,-0.002321896820393322,0.030792921013221744,-4.508107801574442,-1.282162771138986
HTM,2018-09-03 11:00:00,-2.7409602542967906,2.380239223649884,0.005605109888947806,0.6242851247561452,-0.002321896820393322,0.030792921013221744,-4.508107801574442,-1.282162771138986
HTM,2018-09-04 11:00:00,-2.7409602542967906,2.380239223649884,0.005605109888947806,0.6242851247561452,-0.002321896820393322,0.030792921013221744,-4.508107801574442,-1.282162771138986
HTM,2018-09-05 11:00:00,-2.7409602542967906,2.380239223649884,0.005605109888947806,0.6242851247561452,-0.002321896820393322,0.030792921013221744,-4.508107801574442,-1.282162771138986
HTM,2018-09-06 11:00:00,-2.7409602542967906,2.380239223649884,0.005605109888947806,0.6242851247561452,-0.002321896820393322,0.030792921013221744,-4.508107801574442,-1.282162771138986
HTM,2018-09-07 11:00:00,-2.7409602542967906,2.380239223649884,0.005605109888947806,0.6242851247561452,-0.002321896820393322,0.030792921013221744,-4.508107801574442,-1.282162771138986
HTM,2018-09-08 11:00:00,-2.7409602542967906,2.380239223649884,0.005605109888947806,0.6242851247561452,-0.002321896820393322,0.030792921013221744,-4.508107801574442,-1.282162771138986
HTM,2018-09-09 11:00:00,-2.7409602542967906,2.380239223649884,0.005605109888947806,0.6242851247561452,-0.002321896820393322,0.030792921013221744,-4.508107801574442,-1.282162771138986
HTM,2018-09-10 11:00:00,-2.7409602542967906,2.380239223649884,0.005605109888947806,0.6242851247561452,-0.002321896820393322,0.030792921013221744,-4.508107801574442,-1.282162771138986
HTM,2018-09-10 11:00:00,-1.0235115980050629,4.205284103863431,0.004562567326263378,1.525063492013885,-0.0025412677846659722,0.026709664894549744,-5.347069316526515,-1.4488237937889252
HTM,2018-09-11 11:00:00,-1.0235115980050629,4.205284103863431,0.004562567326263378,1.525063492013885,-0.0025412677846659722,0.026709664894549744,-5.347069316526515,-1.4488237937889252
HTM,2018-09-12 11:00:00,-1.0235115980050629,4.205284103863431,0.004562567326263378,1.525063492013885,-0.0025412677846659722,0.026709664894549744,-5.347069316526515,-1.4488237937889252
HTM,2018-09-13 11:00:00,-1.0235115980050629,4.205284103863431,0.004562567326263378,1.525063492013885,-0.0025412677846659722,0.026709664894549744,-5.347069316526515,-1.4488237937889252
HTM,2018-09-14 11:00:00,-1.0235115980050629,4.205284103863431,0.004562567326263378,1.525063492013885,-0.0025412677846659722,0.026709664894549744,-5.347069316526515,-1.4488237937889252
HTM,2018-09-15 11:00:00,-1.0235115980050629,4.205284103863431,0.004562567326263378,1.525063492013885,-0.0025412677846659722,0.026709664894549744,-5.347069316526515,-1.4488237937889252
HTM,2018-09-16 11:00:00,-1.0235115980050629,4.205284103863431,0.004562567326263378,1.525063492013885,-0.0025412677846659722,0.026709664894549744,-5.347069316526515,-1.4488237937889252
HTM,2018-09-17 11:00:00,-1.0235115980050629,4.205284103863431,0.004562567326263378,1.525063492013885,-0.0025412677846659722,0.026709664894549744,-5.347069316526515,-1.4488237937889252
HTM,2018-09-18 11:00:00,-1.0235115980050629,4.205284103863431,0.004562567326263378,1.525063492013885,-0.0025412677846659722,0.026709664894549744,-5.347069316526515,-1.4488237937889252
HTM,2018-09-19 11:00:00,-1.0235115980050629,4.205284103863431,0.004562567326263378,1.525063492013885,-0.0025412677846659722,0.026709664894549744,-5.347069316526515,-1.4488237937889252
HTM,2018-09-20 11:00:00,-1.0235115980050629,4.205284103863431,0.004562567326263378,1.525063492013885,-0.0025412677846659722,0.026709664894549744,-5.347069316526515,-1.4488237937889252
HTM,2018-09-21 11:00:00,-1.0235115980050629,4.205284103863431,0.004562567326263378,1.525063492013885,-0.0025412677846659722,0.026709664894549744,-5.347069316526515,-1.4488237937889252
HTM,2018-09-22 11:00:00,-1.0235115980050629,4.205284103863431,0.004562567326263378,1.525063492013885,-0.0025412677846659722,0.026709664894549744,-5.347069316526515,-1.4488237937889252
HTM,2018-09-23 11:00:00,-1.0235115980050629,4.205284103863431,0.004562567326263378,1.525063492013885,-0.0025412677846659722,0.026709664894549744,-5.347069316526515,-1.4488237937889252
HTM,2018-09-24 11:00:00,-1.0235115980050629,4.205284103863431,0.004562567326263378,1.525063492013885,-0.0025412677846659722,0.026709664894549744,-5.347069316526515,-1.4488237937889252
HTM,2018-09-24 11:00:00,-2.567159364454076,3.5420195600990376,0.007528193844505606,0.7051352089165283,-0.0009082731278798766,0.010199132503705232,-5.087764929678713,-1.7564936267051647
HTM,2018-09-25 11:00:00,-2.567159364454076,3.5420195600990376,0.007528193844505606,0.7051352089165283,-0.0009082731278798766,0.010199132503705232,-5.087764929678713,-1.7564936267051647
HTM,2018-09-26 11:00:00,-2.567159364454076,3.5420195600990376,0.007528193844505606,0.7051352089165283,-0.0009082731278798766,0.010199132503705232,-5.087764929678713,-1.7564936267051647
HTM,2018-09-27 11:00:00,-2.567159364454076,3.5420195600990376,0.007528193844505606,0.7051352089165283,-0.0009082731278798766,0.010199132503705232,-5.087764929678713,-1.7564936267051647
HTM,2018-09-28 11:00:00,-2.567159364454076,3.5420195600990376,0.007528193844505606,0.7051352089165283,-0.0009082731278798766,0.010199132503705232,-5.087764929678713,-1.7564936267051647
HTM,2018-09-29 11:00:00,-2.567159364454076,3.5420195600990376,0.007528193844505606,0.7051352089165283,-0.0009082731278798766,0.010199132503705232,-5.087764929678713,-1.7564936267051647
HTM,2018-09-30 11:00:00,-2.567159364454076,3.5420195600990376,0.007528193844505606,0.7051352089165283,-0.0009082731278798766,0.010199132503705232,-5.087764929678713,-1.7564936267051647
HTM,2018-10-01 11:00:00,-2.567159364454076,3.5420195600990376,0.007528193844505606,0.7051352089165283,-0.0009082731278798766,0.010199132503705232,-5.087764929678713,-1.7564936267051647
HTM,2018-10-02 11:00:00,-2.567159364454076,3.5420195600990376,0.007528193844505606,0.7051352089165283,-0.0009082731278798766,0.010199132503705232,-5.087764929678713,-1.7564936267051647
HTM,2018-10-03 11:00:00,-2.567159364454076,3.5420195600990376,0.007528193844505606,0.7051352089165283,-0.0009082731278798766,0.010199132503705232,-5.087764929678713,-1.7564936267051647
HTM,2018-10-04 11:00:00,-2.567159364454076,3.5420195600990376,0.007528193844505606,0.7051352089165283,-0.0009082731278798766,0.010199132503705232,-5.087764929678713,-1.7564936267051647
HTM,2018-10-05 11:00:00,-2.567159364454076,3.5420195600990376,0.007528193844505606,0.7051352089165283,-0.0009082731278798766,0.010199132503705232,-5.087764929678713,-1.7564936267051647
HTM,2018-10-06 11:00:00,-2.567159364454076,3.5420195600990376,0.007528193844505606,0.7051352089165283,-0.0009082731278798766,0.010199132503705232,-5.087764929678713,-1.7564936267051647
HTM,2018-10-07 11:00:00,-2.567159364454076,3.5420195600990376,0.007528193844505606,0.7051352089165283,-0.0009082731278798766,0.010199132503705232,-5.087764929678713,-1.7564936267051647
HTM,2018-10-08 11:00:00,-2.567159364454076,3.5420195600990376,0.007528193844505606,0.7051352089165283,-0.0009082731278798766,0.010199132503705232,-5.087764929678713,-1.7564936267051647
HTM,2018-10-08 11:00:00,-4.28326848443756,2.2847810229867025,0.00460686996677305,0.45583607303373275,-0.0015680795305238696,0.00919103402659235,-4.230968020137234,-2.8223986007506983
HTM,2018-10-09 11:00:00,-4.28326848443756,2.2847810229867025,0.00460686996677305,0.45583607303373275,-0.0015680795305238696,0.00919103402659235,-4.230968020137234,-2.8223986007506983
HTM,2018-10-10 11:00:00,-4.28326848443756,2.2847810229867025,0.00460686996677305,0.45583607303373275,-0.0015680795305238696,0.00919103402659235,-4.230968020137234,-2.8223986007506983
HTM,2018-10-11 11:00:00,-4.28326848443756,2.2847810229867025,0.00460686996677305,0.45583607303373275,-0.0015680795305238696,0.00919103402659235,-4.230968020137234,-2.8223986007506983
HTM,2018-10-12 11:00:00,-4.28326848443756,2.2847810229867025,0.00460686996677305,0.45583607303373275,-0.0015680795305238696,0.00919103402659235,-4.230968020137234,-2.8223986007506983
HTM,2018-10-13 11:00:00,-4.28326848443756,2.2847810229867025,0.00460686996677305,0.45583607303373275,-0.0015680795305238696,0.00919103402659235,-4.230968020137234,-2.8223986007506983
HTM,2018-10-14 11:00:00,-4.28326848443756,2.2847810229867025,0.00460686996677305,0.45583607303373275,-0.0015680795305238696,0.00919103402659235,-4.230968020137234,-2.8223986007506983
HTM,2018-10-15 11:00:00,-4.28326848443756,2.2847810229867025,0.00460686996677305,0.45583607303373275,-0.0015680795305238696,0.00919103402659235,-4.230968020137234,-2.8223986007506983
HTM,2018-10-16 11:00:00,-4.28326848443756,2.2847810229867025,0.00460686996677305,0.45583607303373275,-0.0015680795305238696,0.00919103402659235,-4.230968020137234,-2.8223986007506983
HTM,2018-10-17 11:00:00,-4.28326848443756,2.2847810229867025,0.00460686996677305,0.45583607303373275,-0.0015680795305238696,0.00919103402659235,-4.230968020137234,-2.8223986007506983
HTM,2018-10-18 11:00:00,-4.28326848443756,2.2847810229867025,0.00460686996677305,0.45583607303373275,-0.0015680795305238696,0.00919103402659235,-4.230968020137234,-2.8223986007506983
HTM,2018-10-19 11:00:00,-4.28326848443756,2.2847810229867025,0.00460686996677305,0.45583607303373275,-0.0015680795305238696,0.00919103402659235,-4.230968020137234,-2.8223986007506983
HTM,2018-10-20 11:00:00,-4.28326848443756,2.2847810229867025,0.00460686996677305,0.45583607303373275,-0.0015680795305238696,0.00919103402659235,-4.230968020137234,-2.8223986007506983
HTM,2018-10-21 11:00:00,-4.28326848443756,2.2847810229867025,0.00460686996677305,0.45583607303373275,-0.0015680795305238696,0.00919103402659235,-4.230968020137234,-2.8223986007506983
HTM,2018-10-22 11:00:00,-4.28326848443756,2.2847810229867025,0.00460686996677305,0.45583607303373275,-0.0015680795305238696,0.00919103402659235,-4.230968020137234,-2.8223986007506983
HTM,2018-10-22 11:00:00,-12.824855627272683,3.0634982364553593,0.005154098919430815,1.5074614976807807,-0.0002697418696967586,-0.023530904251994788,-14.074560616963772,-3.331009197168677
HTM,2018-10-23 11:00:00,-12.824855627272683,3.0634982364553593,0.005154098919430815,1.5074614976807807,-0.0002697418696967586,-0.023530904251994788,-14.074560616963772,-3.331009197168677
HTM,2018-10-24 11:00:00,-12.824855627272683,3.0634982364553593,0.005154098919430815,1.5074614976807807,-0.0002697418696967586,-0.023530904251994788,-14.074560616963772,-3.331009197168677
HTM,2018-10-25 11:00:00,-12.824855627272683,3.0634982364553593,0.005154098919430815,1.5074614976807807,-0.0002697418696967586,-0.023530904251994788,-14.074560616963772,-3.331009197168677
HTM,2018-10-26 11:00:00,-12.824855627272683,3.0634982364553593,0.005154098919430815,1.5074614976807807,-0.0002697418696967586,-0.023530904251994788,-14.074560616963772,-3.331009197168677
HTM,2018-10-27 11:00:00,-12.824855627272683,3.0634982364553593,0.005154098919430815,1.5074614976807807,-0.0002697418696967586,-0.023530904251994788,-14.074560616963772,-3.331009197168677
HTM,2018-10-28 11:00:00,-12.824855627272683,3.0634982364553593,0.005154098919430815,1.5074614976807807,-0.0002697418696967586,-0.023530904251994788,-14.074560616963772,-3.331009197168677
HTM,2018-10-29 11:00:00,-12.824855627272683,3.0634982364553593,0.005154098919430815,1.5074614976807807,-0.0002697418696967586,-0.023530904251994788,-14.074560616963772,-3.331009197168677
HTM,2018-10-30 11:00:00,-12.824855627272683,3.0634982364553593,0.005154098919430815,1.5074614976807807,-0.0002697418696967586,-0.023530904251994788,-14.074560616963772,-3.331009197168677
HTM,2018-10-31 11:00:00,-12.824855627272683,3.0634982364553593,0.005154098919430815,1.5074614976807807,-0.0002697418696967586,-0.023530904251994788,-14.074560616963772,-3.331009197168677
HTM,2018-11-01 11:00:00,-12.824855627272683,3.0634982364553593,0.005154098919430815,1.5074614976807807,-0.0002697418696967586,-0.023530904251994788,-14.074560616963772,-3.331009197168677
HTM,2018-11-02 11:00:00,-12.824855627272683,3.0634982364553593,0.005154098919430815,1.5074614976807807,-0.0002697418696967586,-0.023530904251994788,-14.074560616963772,-3.331009197168677
HTM,2018-11-03 11:00:00,-12.824855627272683,3.0634982364553593,0.005154098919430815,1.5074614976807807,-0.0002697418696967586,-0.023530904251994788,-14.074560616963772,-3.331009197168677
HTM,2018-11-04 11:00:00,-12.824855627272683,3.0634982364553593,0.005154098919430815,1.5074614976807807,-0.0002697418696967586,-0.023530904251994788,-14.074560616963772,-3.331009197168677
HTM,2018-11-05 11:00:00,-12.824855627272683,3.0634982364553593,0.005154098919430815,1.5074614976807807,-0.0002697418696967586,-0.023530904251994788,-14.074560616963772,-3.331009197168677
HTM,2018-11-05 11:00:00,-7.332792951769876,2.2137435909113115,0.004573373209171711,0.5653781776628692,-0.0003854156993233504,0.02853200608191997,-5.484688038517769,-4.717818747895338
HTM,2018-11-06 11:00:00,-7.332792951769876,2.2137435909113115,0.004573373209171711,0.5653781776628692,-0.0003854156993233504,0.02853200608191997,-5.484688038517769,-4.717818747895338
HTM,2018-11-07 11:00:00,-7.332792951769876,2.2137435909113115,0.004573373209171711,0.5653781776628692,-0.0003854156993233504,0.02853200608191997,-5.484688038517769,-4.717818747895338
HTM,2018-11-08 11:00:00,-7.332792951769876,2.2137435909113115,0.004573373209171711,0.5653781776628692,-0.0003854156993233504,0.02853200608191997,-5.484688038517769,-4.717818747895338
HTM,2018-11-09 11:00:00,-7.332792951769876,2.2137435909113115,0.004573373209171711,0.5653781776628692,-0.0003854156993233504,0.02853200608191997,-5.484688038517769,-4.717818747895338
HTM,2018-11-10 11:00:00,-7.332792951769876,2.2137435909113115,0.004573373209171711,0.5653781776628692,-0.0003854156993233504,0.02853200608191997,-5.484688038517769,-4.717818747895338
HTM,2018-11-11 11:00:00,-7.332792951769876,2.2137435909113115,0.004573373209171711,0.5653781776628692,-0.0003854156993233504,0.02853200608191997,-5.484688038517769,-4.717818747895338
HTM,2018-11-12 11:00:00,-7.332792951769876,2.2137435909113115,0.004573373209171711,0.5653781776628692,-0.0003854156993233504,0.02853200608191997,-5.484688038517769,-4.717818747895338
HTM,2018-11-13 11:00:00,-7.332792951769876,2.2137435909113115,0.004573373209171711,0.5653781776628692,-0.0003854156993233504,0.02853200608191997,-5.484688038517769,-4.717818747895338
HTM,2018-11-14 11:00:00,-7.332792951769876,2.2137435909113115,0.004573373209171711,0.5653781776628692,-0.0003854156993233504,0.02853200608191997,-5.484688038517769,-4.717818747895338
HTM,2018-11-15 11:00:00,-7.332792951769876,2.2137435909113115,0.004573373209171711,0.5653781776628692,-0.0003854156993233504,0.02853200608191997,-5.484688038517769,-4.717818747895338
HTM,2018-11-16 11:00:00,-7.332792951769876,2.2137435909113115,0.004573373209171711,0.5653781776628692,-0.0003854156993233504,0.02853200608191997,-5.484688038517769,-4.717818747895338
HTM,2018-11-17 11:00:00,-7.332792951769876,2.2137435909113115,0.004573373209171711,0.5653781776628692,-0.0003854156993233504,0.02853200608191997,-5.484688038517769,-4.717818747895338
HTM,2018-11-18 11:00:00,-7.332792951769876,2.2137435909113115,0.004573373209171711,0.5653781776628692,-0.0003854156993233504,0.02853200608191997,-5.484688038517769,-4.717818747895338
HTM,2018-11-19 11:00:00,-7.332792951769876,2.2137435909113115,0.004573373209171711,0.5653781776628692,-0.0003854156993233504,0.02853200608191997,-5.484688038517769,-4.717818747895338
HTM,2018-11-19 11:00:00,-17.122406048608728,2.487283984505102,0.013962588607783424,0.6078627810198858,0.0001349177955448911,0.05041098583987842,-14.78058104634551,-5.65823786693377
HTM,2018-11-20 11:00:00,-17.122406048608728,2.487283984505102,0.013962588607783424,0.6078627810198858,0.0001349177955448911,0.05041098583987842,-14.78058104634551,-5.65823786693377
HTM,2018-11-21 11:00:00,-17.122406048608728,2.487283984505102,0.013962588607783424,0.6078627810198858,0.0001349177955448911,0.05041098583987842,-14.78058104634551,-5.65823786693377
HTM,2018-11-22 11:00:00,-17.122406048608728,2.487283984505102,0.013962588607783424,0.6078627810198858,0.0001349177955448911,0.05041098583987842,-14.78058104634551,-5.65823786693377
HTM,2018-11-23 11:00:00,-17.122406048608728,2.487283984505102,0.013962588607783424,0.6078627810198858,0.0001349177955448911,0.05041098583987842,-14.78058104634551,-5.65823786693377
HTM,2018-11-24 11:00:00,-17.122406048608728,2.487283984505102,0.013962588607783424,0.6078627810198858,0.0001349177955448911,0.05041098583987842,-14.78058104634551,-5.65823786693377
HTM,2018-11-25 11:00:00,-17.122406048608728,2.487283984505102,0.013962588607783424,0.6078627810198858,0.0001349177955448911,0.05041098583987842,-14.78058104634551,-5.65823786693377
HTM,2018-11-26 11:00:00,-17.122406048608728,2.487283984505102,0.013962588607783424,0.6078627810198858,0.0001349177955448911,0.05041098583987842,-14.78058104634551,-5.65823786693377
HTM,2018-11-27 11:00:00,-17.122406048608728,2.487283984505102,0.013962588607783424,0.6078627810198858,0.0001349177955448911,0.05041098583987842,-14.78058104634551,-5.65823786693377
HTM,2018-11-28 11:00:00,-17.122406048608728,2.487283984505102,0.013962588607783424,0.6078627810198858,0.0001349177955448911,0.05041098583987842,-14.78058104634551,-5.65823786693377
HTM,2018-11-29 11:00:00,-17.122406048608728,2.487283984505102,0.013962588607783424,0.6078627810198858,0.0001349177955448911,0.05041098583987842,-14.78058104634551,-5.65823786693377
HTM,2018-11-30 11:00:00,-17.122406048608728,2.487283984505102,0.013962588607783424,0.6078627810198858,0.0001349177955448911,0.05041098583987842,-14.78058104634551,-5.65823786693377
HTM,2018-12-01 11:00:00,-17.122406048608728,2.487283984505102,0.013962588607783424,0.6078627810198858,0.0001349177955448911,0.05041098583987842,-14.78058104634551,-5.65823786693377
HTM,2018-12-02 11:00:00,-17.122406048608728,2.487283984505102,0.013962588607783424,0.6078627810198858,0.0001349177955448911,0.05041098583987842,-14.78058104634551,-5.65823786693377
HTM,2018-12-03 11:00:00,-17.122406048608728,2.487283984505102,0.013962588607783424,0.6078627810198858,0.0001349177955448911,0.05041098583987842,-14.78058104634551,-5.65823786693377
HTM,2018-12-03 11:00:00,-12.79017668758929,1.168967156914511,0.0044738361629268805,0.3348607860058271,0.00013118321104445486,0.0395343234353317,-7.297800102451744,-7.170898829448264
HTM,2018-12-04 11:00:00,-12.79017668758929,1.168967156914511,0.0044738361629268805,0.3348607860058271,0.00013118321104445486,0.0395343234353317,-7.297800102451744,-7.170898829448264
HTM,2018-12-05 11:00:00,-12.79017668758929,1.168967156914511,0.0044738361629268805,0.3348607860058271,0.00013118321104445486,0.0395343234353317,-7.297800102451744,-7.170898829448264
HTM,2018-12-06 11:00:00,-12.79017668758929,1.168967156914511,0.0044738361629268805,0.3348607860058271,0.00013118321104445486,0.0395343234353317,-7.297800102451744,-7.170898829448264
HTM,2018-12-07 11:00:00,-12.79017668758929,1.168967156914511,0.0044738361629268805,0.3348607860058271,0.00013118321104445486,0.0395343234353317,-7.297800102451744,-7.170898829448264
HTM,2018-12-08 11:00:00,-12.79017668758929,1.168967156914511,0.0044738361629268805,0.3348607860058271,0.00013118321104445486,0.0395343234353317,-7.297800102451744,-7.170898829448264
HTM,2018-12-09 11:00:00,-12.79017668758929,1.168967156914511,0.0044738361629268805,0.3348607860058271,0.00013118321104445486,0.0395343234353317,-7.297800102451744,-7.170898829448264
HTM,2018-12-10 11:00:00,-12.79017668758929,1.168967156914511,0.0044738361629268805,0.3348607860058271,0.00013118321104445486,0.0395343234353317,-7.297800102451744,-7.170898829448264
HTM,2018-12-11 11:00:00,-12.79017668758929,1.168967156914511,0.0044738361629268805,0.3348607860058271,0.00013118321104445486,0.0395343234353317,-7.297800102451744,-7.170898829448264
HTM,2018-12-12 11:00:00,-12.79017668758929,1.168967156914511,0.0044738361629268805,0.3348607860058271,0.00013118321104445486,0.0395343234353317,-7.297800102451744,-7.170898829448264
HTM,2018-12-13 11:00:00,-12.79017668758929,1.168967156914511,0.0044738361629268805,0.3348607860058271,0.00013118321104445486,0.0395343234353317,-7.297800102451744,-7.170898829448264
HTM,2018-12-14 11:00:00,-12.79017668758929,1.168967156914511,0.0044738361629268805,0.3348607860058271,0.00013118321104445486,0.0395343234353317,-7.297800102451744,-7.170898829448264
HTM,2018-12-15 11:00:00,-12.79017668758929,1.168967156914511,0.0044738361629268805,0.3348607860058271,0.00013118321104445486,0.0395343234353317,-7.297800102451744,-7.170898829448264
HTM,2018-12-16 11:00:00,-12.79017668758929,1.168967156914511,0.0044738361629268805,0.3348607860058271,0.00013118321104445486,0.0395343234353317,-7.297800102451744,-7.170898829448264
HTM,2018-12-17 11:00:00,-12.79017668758929,1.168967156914511,0.0044738361629268805,0.3348607860058271,0.00013118321104445486,0.0395343234353317,-7.297800102451744,-7.170898829448264
HTM,2018-12-17 11:00:00,-10.96833198101452,2.275063040237484,0.007968519919053747,0.19081311734490145,-8.786915717399569e-06,0.006018166742664593,-6.395732285275028,-7.134432922775776
HTM,2018-12-18 11:00:00,-10.96833198101452,2.275063040237484,0.007968519919053747,0.19081311734490145,-8.786915717399569e-06,0.006018166742664593,-6.395732285275028,-7.134432922775776
HTM,2018-12-19 11:00:00,-10.96833198101452,2.275063040237484,0.007968519919053747,0.19081311734490145,-8.786915717399569e-06,0.006018166742664593,-6.395732285275028,-7.134432922775776
HTM,2018-12-20 11:00:00,-10.96833198101452,2.275063040237484,0.007968519919053747,0.19081311734490145,-8.786915717399569e-06,0.006018166742664593,-6.395732285275028,-7.134432922775776
HTM,2018-12-21 11:00:00,-10.96833198101452,2.275063040237484,0.007968519919053747,0.19081311734490145,-8.786915717399569e-06,0.006018166742664593,-6.395732285275028,-7.134432922775776
HTM,2018-12-22 11:00:00,-10.96833198101452,2.275063040237484,0.007968519919053747,0.19081311734490145,-8.786915717399569e-06,0.006018166742664593,-6.395732285275028,-7.134432922775776
HTM,2018-12-23 11:00:00,-10.96833198101452,2.275063040237484,0.007968519919053747,0.19081311734490145,-8.786915717399569e-06,0.006018166742664593,-6.395732285275028,-7.134432922775776
HTM,2018-12-24 11:00:00,-10.96833198101452,2.275063040237484,0.007968519919053747,0.19081311734490145,-8.786915717399569e-06,0.006018166742664593,-6.395732285275028,-7.134432922775776
HTM,2018-12-25 11:00:00,-10.96833198101452,2.275063040237484,0.007968519919053747,0.19081311734490145,-8.786915717399569e-06,0.006018166742664593,-6.395732285275028,-7.134432922775776
HTM,2018-12-26 11:00:00,-10.96833198101452,2.275063040237484,0.007968519919053747,0.19081311734490145,-8.786915717399569e-06,0.006018166742664593,-6.395732285275028,-7.134432922775776
HTM,2018-12-27 11:00:00,-10.96833198101452,2.275063040237484,0.007968519919053747,0.19081311734490145,-8.786915717399569e-06,0.006018166742664593,-6.395732285275028,-7.134432922775776
HTM,2018-12-28 11:00:00,-10.96833198101452,2.275063040237484,0.007968519919053747,0.19081311734490145,-8.786915717399569e-06,0.006018166742664593,-6.395732285275028,-7.134432922775776
HTM,2018-12-29 11:00:00,-10.96833198101452,2.275063040237484,0.007968519919053747,0.19081311734490145,-8.786915717399569e-06,0.006018166742664593,-6.395732285275028,-7.134432922775776
HTM,2018-12-30 11:00:00,-10.96833198101452,2.275063040237484,0.007968519919053747,0.19081311734490145,-8.786915717399569e-06,0.006018166742664593,-6.395732285275028,-7.134432922775776
HTM,2018-12-31 11:00:00,-10.96833198101452,2.275063040237484,0.007968519919053747,0.19081311734490145,-8.786915717399569e-06,0.006018166742664593,-6.395732285275028,-7.134432922775776
HTM,2018-12-31 11:00:00,-11.08724398891035,6.535130310093166,0.017764937615825097,0.3219985261729694,-2.5904567583040847e-05,0.008757076708531613,-11.161291570806844,-6.94483988269074
HTM,2019-01-01 11:00:00,-11.08724398891035,6.535130310093166,0.017764937615825097,0.3219985261729694,-2.5904567583040847e-05,0.008757076708531613,-11.161291570806844,-6.94483988269074
HTM,2019-01-02 11:00:00,-11.08724398891035,6.535130310093166,0.017764937615825097,0.3219985261729694,-2.5904567583040847e-05,0.008757076708531613,-11.161291570806844,-6.94483988269074
HTM,2019-01-03 11:00:00,-11.08724398891035,6.535130310093166,0.017764937615825097,0.3219985261729694,-2.5904567583040847e-05,0.008757076708531613,-11.161291570806844,-6.94483988269074
HTM,2019-01-04 11:00:00,-11.08724398891035,6.535130310093166,0.017764937615825097,0.3219985261729694,-2.5904567583040847e-05,0.008757076708531613,-11.161291570806844,-6.94483988269074
HTM,2019-01-05 11:00:00,-11.08724398891035,6.535130310093166,0.017764937615825097,0.3219985261729694,-2.5904567583040847e-05,0.008757076708531613,-11.161291570806844,-6.94483988269074
HTM,2019-01-06 11:00:00,-11.08724398891035,6.535130310093166,0.017764937615825097,0.3219985261729694,-2.5904567583040847e-05,0.008757076708531613,-11.161291570806844,-6.94483988269074
HTM,2019-01-07 11:00:00,-11.08724398891035,6.535130310093166,0.017764937615825097,0.3219985261729694,-2.5904567583040847e-05,0.008757076708531613,-11.161291570806844,-6.94483988269074
HTM,2019-01-08 11:00:00,-11.08724398891035,6.535130310093166,0.017764937615825097,0.3219985261729694,-2.5904567583040847e-05,0.008757076708531613,-11.161291570806844,-6.94483988269074
HTM,2019-01-09 11:00:00,-11.08724398891035,6.535130310093166,0.017764937615825097,0.3219985261729694,-2.5904567583040847e-05,0.008757076708531613,-11.161291570806844,-6.94483988269074
HTM,2019-01-10 11:00:00,-11.08724398891035,6.535130310093166,0.017764937615825097,0.3219985261729694,-2.5904567583040847e-05,0.008757076708531613,-11.161291570806844,-6.94483988269074
HTM,2019-01-11 11:00:00,-11.08724398891035,6.535130310093166,0.017764937615825097,0.3219985261729694,-2.5904567583040847e-05,0.008757076708531613,-11.161291570806844,-6.94483988269074
HTM,2019-01-12 11:00:00,-11.08724398891035,6.535130310093166,0.017764937615825097,0.3219985261729694,-2.5904567583040847e-05,0.008757076708531613,-11.161291570806844,-6.94483988269074
HTM,2019-01-13 11:00:00,-11.08724398891035,6.535130310093166,0.017764937615825097,0.3219985261729694,-2.5904567583040847e-05,0.008757076708531613,-11.161291570806844,-6.94483988269074
HTM,2019-01-14 11:00:00,-11.08724398891035,6.535130310093166,0.017764937615825097,0.3219985261729694,-2.5904567583040847e-05,0.008757076708531613,-11.161291570806844,-6.94483988269074
JFJ,2018-01-01 11:00:00,1.8679406097882019,0.41274864879212947,0.003746929338326192,0.012592612554811448,-0.00019936579934676,0.0014960396551709754,-0.4723655169831959,1.9111196537438155
JFJ,2018-01-02 11:00:00,1.8679406097882019,0.41274864879212947,0.003746929338326192,0.012592612554811448,-0.00019936579934676,0.0014960396551709754,-0.4723655169831959,1.9111196537438155
JFJ,2018-01-03 11:00:00,1.8679406097882019,0.41274864879212947,0.003746929338326192,0.012592612554811448,-0.00019936579934676,0.0014960396551709754,-0.4723655169831959,1.9111196537438155
JFJ,2018-01-04 11:00:00,1.8679406097882019,0.41274864879212947,0.003746929338326192,0.012592612554811448,-0.00019936579934676,0.0014960396551709754,-0.4723655169831959,1.9111196537438155
JFJ,2018-01-05 11:00:00,1.8679406097882019,0.41274864879212947,0.003746929338326192,0.012592612554811448,-0.00019936579934676,0.0014960396551709754,-0.4723655169831959,1.9111196537438155
JFJ,2018-01-06 11:00:00,1.8679406097882019,0.41274864879212947,0.003746929338326192,0.012592612554811448,-0.00019936579934676,0.0014960396551709754,-0.4723655169831959,1.9111196537438155
JFJ,2018-01-07 11:00:00,1.8679406097882019,0.41274864879212947,0.003746929338326192,0.012592612554811448,-0.00019936579934676,0.0014960396551709754,-0.4723655169831959,1.9111196537438155
JFJ,2018-01-08 11:00:00,1.8679406097882019,0.41274864879212947,0.003746929338326192,0.012592612554811448,-0.00019936579934676,0.0014960396551709754,-0.4723655169831959,1.9111196537438155
JFJ,2018-01-09 11:00:00,1.8679406097882019,0.41274864879212947,0.003746929338326192,0.012592612554811448,-0.00019936579934676,0.0014960396551709754,-0.4723655169831959,1.9111196537438155
JFJ,2018-01-10 11:00:00,1.8679406097882019,0.41274864879212947,0.003746929338326192,0.012592612554811448,-0.00019936579934676,0.0014960396551709754,-0.4723655169831959,1.9111196537438155
JFJ,2018-01-11 11:00:00,1.8679406097882019,0.41274864879212947,0.003746929338326192,0.012592612554811448,-0.00019936579934676,0.0014960396551709754,-0.4723655169831959,1.9111196537438155
JFJ,2018-01-12 11:00:00,1.8679406097882019,0.41274864879212947,0.003746929338326192,0.012592612554811448,-0.00019936579934676,0.0014960396551709754,-0.4723655169831959,1.9111196537438155
JFJ,2018-01-13 11:00:00,1.8679406097882019,0.41274864879212947,0.003746929338326192,0.012592612554811448,-0.00019936579934676,0.0014960396551709754,-0.4723655169831959,1.9111196537438155
JFJ,2018-01-14 11:00:00,1.8679406097882019,0.41274864879212947,0.003746929338326192,0.012592612554811448,-0.00019936579934676,0.0014960396551709754,-0.4723655169831959,1.9111196537438155
JFJ,2018-01-15 11:00:00,1.8679406097882019,0.41274864879212947,0.003746929338326192,0.012592612554811448,-0.00019936579934676,0.0014960396551709754,-0.4723655169831959,1.9111196537438155
JFJ,2018-01-15 11:00:00,0.6150330245475532,0.11446937329560719,0.003371275827528787,0.018842417576265574,-0.00042930425851068506,0.0034291390214998105,-0.6851786620043105,1.1618274638999817
JFJ,2018-01-16 11:00:00,0.6150330245475532,0.11446937329560719,0.003371275827528787,0.018842417576265574,-0.00042930425851068506,0.0034291390214998105,-0.6851786620043105,1.1618274638999817
JFJ,2018-01-17 11:00:00,0.6150330245475532,0.11446937329560719,0.003371275827528787,0.018842417576265574,-0.00042930425851068506,0.0034291390214998105,-0.6851786620043105,1.1618274638999817
JFJ,2018-01-18 11:00:00,0.6150330245475532,0.11446937329560719,0.003371275827528787,0.018842417576265574,-0.00042930425851068506,0.0034291390214998105,-0.6851786620043105,1.1618274638999817
JFJ,2018-01-19 11:00:00,0.6150330245475532,0.11446937329560719,0.003371275827528787,0.018842417576265574,-0.00042930425851068506,0.0034291390214998105,-0.6851786620043105,1.1618274638999817
JFJ,2018-01-20 11:00:00,0.6150330245475532,0.11446937329560719,0.003371275827528787,0.018842417576265574,-0.00042930425851068506,0.0034291390214998105,-0.6851786620043105,1.1618274638999817
JFJ,2018-01-21 11:00:00,0.6150330245475532,0.11446937329560719,0.003371275827528787,0.018842417576265574,-0.00042930425851068506,0.0034291390214998105,-0.6851786620043105,1.1618274638999817
JFJ,2018-01-22 11:00:00,0.6150330245475532,0.11446937329560719,0.003371275827528787,0.018842417576265574,-0.00042930425851068506,0.0034291390214998105,-0.6851786620043105,1.1618274638999817
JFJ,2018-01-23 11:00:00,0.6150330245475532,0.11446937329560719,0.003371275827528787,0.018842417576265574,-0.00042930425851068506,0.0034291390214998105,-0.6851786620043105,1.1618274638999817
JFJ,2018-01-24 11:00:00,0.6150330245475532,0.11446937329560719,0.003371275827528787,0.018842417576265574,-0.00042930425851068506,0.0034291390214998105,-0.6851786620043105,1.1618274638999817
JFJ,2018-01-25 11:00:00,0.6150330245475532,0.11446937329560719,0.003371275827528787,0.018842417576265574,-0.00042930425851068506,0.0034291390214998105,-0.6851786620043105,1.1618274638999817
JFJ,2018-01-26 11:00:00,0.6150330245475532,0.11446937329560719,0.003371275827528787,0.018842417576265574,-0.00042930425851068506,0.0034291390214998105,-0.6851786620043105,1.1618274638999817
JFJ,2018-01-27 11:00:00,0.6150330245475532,0.11446937329560719,0.003371275827528787,0.018842417576265574,-0.00042930425851068506,0.0034291390214998105,-0.6851786620043105,1.1618274638999817
JFJ,2018-01-28 11:00:00,0.6150330245475532,0.11446937329560719,0.003371275827528787,0.018842417576265574,-0.00042930425851068506,0.0034291390214998105,-0.6851786620043105,1.1618274638999817
JFJ,2018-01-29 11:00:00,0.6150330245475532,0.11446937329560719,0.003371275827528787,0.018842417576265574,-0.00042930425851068506,0.0034291390214998105,-0.6851786620043105,1.1618274638999817
JFJ,2018-01-29 11:00:00,0.22327724449477218,0.5686601028740254,0.0059359352661304205,0.020543695650300977,-0.00037551798113964096,0.004267204054180014,-0.5718838243515094,0.1963526852712248
JFJ,2018-01-30 11:00:00,0.22327724449477218,0.5686601028740254,0.0059359352661304205,0.020543695650300977,-0.00037551798113964096,0.004267204054180014,-0.5718838243515094,0.1963526852712248
JFJ,2018-01-31 11:00:00,0.22327724449477218,0.5686601028740254,0.0059359352661304205,0.020543695650300977,-0.00037551798113964096,0.004267204054180014,-0.5718838243515094,0.1963526852712248
JFJ,2018-02-01 11:00:00,0.22327724449477218,0.5686601028740254,0.0059359352661304205,0.020543695650300977,-0.00037551798113964096,0.004267204054180014,-0.5718838243515094,0.1963526852712248
JFJ,2018-02-02 11:00:00,0.22327724449477218,0.5686601028740254,0.0059359352661304205,0.020543695650300977,-0.00037551798113964096,0.004267204054180014,-0.5718838243515094,0.1963526852712248
JFJ,2018-02-03 11:00:00,0.22327724449477218,0.5686601028740254,0.0059359352661304205,0.020543695650300977,-0.00037551798113964096,0.004267204054180014,-0.5718838243515094,0.1963526852712248
JFJ,2018-02-04 11:00:00,0.22327724449477218,0.5686601028740254,0.0059359352661304205,0.020543695650300977,-0.00037551798113964096,0.004267204054180014,-0.5718838243515094,0.1963526852712248
JFJ,2018-02-05 11:00:00,0.22327724449477218,0.5686601028740254,0.0059359352661304205,0.020543695650300977,-0.00037551798113964096,0.004267204054180014,-0.5718838243515094,0.1963526852712248
JFJ,2018-02-06 11:00:00,0.22327724449477218,0.5686601028740254,0.0059359352661304205,0.020543695650300977,-0.00037551798113964096,0.004267204054180014,-0.5718838243515094,0.1963526852712248
JFJ,2018-02-07 11:00:00,0.22327724449477218,0.5686601028740254,0.0059359352661304205,0.020543695650300977,-0.00037551798113964096,0.004267204054180014,-0.5718838243515094,0.1963526852712248
JFJ,2018-02-08 11:00:00,0.22327724449477218,0.5686601028740254,0.0059359352661304205,0.020543695650300977,-0.00037551798113964096,0.004267204054180014,-0.5718838243515094,0.1963526852712248
JFJ,2018-02-09 11:00:00,0.22327724449477218,0.5686601028740254,0.0059359352661304205,0.020543695650300977,-0.00037551798113964096,0.004267204054180014,-0.5718838243515094,0.1963526852712248
JFJ,2018-02-10 11:00:00,0.22327724449477218,0.5686601028740254,0.0059359352661304205,0.020543695650300977,-0.00037551798113964096,0.004267204054180014,-0.5718838243515094,0.1963526852712248
JFJ,2018-02-11 11:00:00,0.22327724449477218,0.5686601028740254,0.0059359352661304205,0.020543695650300977,-0.00037551798113964096,0.004267204054180014,-0.5718838243515094,0.1963526852712248
JFJ,2018-02-12 11:00:00,0.22327724449477218,0.5686601028740254,0.0059359352661304205,0.020543695650300977,-0.00037551798113964096,0.004267204054180014,-0.5718838243515094,0.1963526852712248
JFJ,2018-02-12 11:00:00,-0.161719667686793,0.5781382252888634,0.003643972410172673,0.038862078665861964,-0.00035916261621251076,0.006033015001224316,-0.9447207361532978,0.1569595763495755
JFJ,2018-02-13 11:00:00,-0.161719667686793,0.5781382252888634,0.003643972410172673,0.038862078665861964,-0.00035916261621251076,0.006033015001224316,-0.9447207361532978,0.1569595763495755
JFJ,2018-02-14 11:00:00,-0.161719667686793,0.5781382252888634,0.003643972410172673,0.038862078665861964,-0.00035916261621251076,0.006033015001224316,-0.9447207361532978,0.1569595763495755
JFJ,2018-02-15 11:00:00,-0.161719667686793,0.5781382252888634,0.003643972410172673,0.038862078665861964,-0.00035916261621251076,0.006033015001224316,-0.9447207361532978,0.1569595763495755
JFJ,2018-02-16 11:00:00,-0.161719667686793,0.5781382252888634,0.003643972410172673,0.038862078665861964,-0.00035916261621251076,0.006033015001224316,-0.9447207361532978,0.1569595763495755
JFJ,2018-02-17 11:00:00,-0.161719667686793,0.5781382252888634,0.003643972410172673,0.038862078665861964,-0.00035916261621251076,0.006033015001224316,-0.9447207361532978,0.1569595763495755
JFJ,2018-02-18 11:00:00,-0.161719667686793,0.5781382252888634,0.003643972410172673,0.038862078665861964,-0.00035916261621251076,0.006033015001224316,-0.9447207361532978,0.1569595763495755
JFJ,2018-02-19 11:00:00,-0.161719667686793,0.5781382252888634,0.003643972410172673,0.038862078665861964,-0.00035916261621251076,0.006033015001224316,-0.9447207361532978,0.1569595763495755
JFJ,2018-02-20 11:00:00,-0.161719667686793,0.5781382252888634,0.003643972410172673,0.038862078665861964,-0.00035916261621251076,0.006033015001224316,-0.9447207361532978,0.1569595763495755
JFJ,2018-02-21 11:00:00,-0.161719667686793,0.5781382252888634,0.003643972410172673,0.038862078665861964,-0.00035916261621251076,0.006033015001224316,-0.9447207361532978,0.1569595763495755
JFJ,2018-02-22 11:00:00,-0.161719667686793,0.5781382252888634,0.003643972410172673,0.038862078665861964,-0.00035916261621251076,0.006033015001224316,-0.9447207361532978,0.1569595763495755
JFJ,2018-02-23 11:00:00,-0.161719667686793,0.5781382252888634,0.003643972410172673,0.038862078665861964,-0.00035916261621251076,0.006033015001224316,-0.9447207361532978,0.1569595763495755
JFJ,2018-02-24 11:00:00,-0.161719667686793,0.5781382252888634,0.003643972410172673,0.038862078665861964,-0.00035916261621251076,0.006033015001224316,-0.9447207361532978,0.1569595763495755
JFJ,2018-02-25 11:00:00,-0.161719667686793,0.5781382252888634,0.003643972410172673,0.038862078665861964,-0.00035916261621251076,0.006033015001224316,-0.9447207361532978,0.1569595763495755
JFJ,2018-02-26 11:00:00,-0.161719667686793,0.5781382252888634,0.003643972410172673,0.038862078665861964,-0.00035916261621251076,0.006033015001224316,-0.9447207361532978,0.1569595763495755
JFJ,2018-02-26 11:00:00,-1.0220476096081328,0.36396823254774663,0.0028382327725616613,0.04193895918295534,-0.0004221120320230317,0.004903131895221089,-1.0499523527506438,-0.3859749318713262
JFJ,2018-02-27 11:00:00,-1.0220476096081328,0.36396823254774663,0.0028382327725616613,0.04193895918295534,-0.0004221120320230317,0.004903131895221089,-1.0499523527506438,-0.3859749318713262
JFJ,2018-02-28 11:00:00,-1.0220476096081328,0.36396823254774663,0.0028382327725616613,0.04193895918295534,-0.0004221120320230317,0.004903131895221089,-1.0499523527506438,-0.3859749318713262
JFJ,2018-03-01 11:00:00,-1.0220476096081328,0.36396823254774663,0.0028382327725616613,0.04193895918295534,-0.0004221120320230317,0.004903131895221089,-1.0499523527506438,-0.3859749318713262
JFJ,2018-03-02 11:00:00,-1.0220476096081328,0.36396823254774663,0.0028382327725616613,0.04193895918295534,-0.0004221120320230317,0.004903131895221089,-1.0499523527506438,-0.3859749318713262
JFJ,2018-03-03 11:00:00,-1.0220476096081328,0.36396823254774663,0.0028382327725616613,0.04193895918295534,-0.0004221120320230317,0.004903131895221089,-1.0499523527506438,-0.3859749318713262
JFJ,2018-03-04 11:00:00,-1.0220476096081328,0.36396823254774663,0.0028382327725616613,0.04193895918295534,-0.0004221120320230317,0.004903131895221089,-1.0499523527506438,-0.3859749318713262
JFJ,2018-03-05 11:00:00,-1.0220476096081328,0.36396823254774663,0.0028382327725616613,0.04193895918295534,-0.0004221120320230317,0.004903131895221089,-1.0499523527506438,-0.3859749318713262
JFJ,2018-03-06 11:00:00,-1.0220476096081328,0.36396823254774663,0.0028382327725616613,0.04193895918295534,-0.0004221120320230317,0.004903131895221089,-1.0499523527506438,-0.3859749318713262
JFJ,2018-03-07 11:00:00,-1.0220476096081328,0.36396823254774663,0.0028382327725616613,0.04193895918295534,-0.0004221120320230317,0.004903131895221089,-1.0499523527506438,-0.3859749318713262
JFJ,2018-03-08 11:00:00,-1.0220476096081328,0.36396823254774663,0.0028382327725616613,0.04193895918295534,-0.0004221120320230317,0.004903131895221089,-1.0499523527506438,-0.3859749318713262
JFJ,2018-03-09 11:00:00,-1.0220476096081328,0.36396823254774663,0.0028382327725616613,0.04193895918295534,-0.0004221120320230317,0.004903131895221089,-1.0499523527506438,-0.3859749318713262
JFJ,2018-03-10 11:00:00,-1.0220476096081328,0.36396823254774663,0.0028382327725616613,0.04193895918295534,-0.0004221120320230317,0.004903131895221089,-1.0499523527506438,-0.3859749318713262
JFJ,2018-03-11 11:00:00,-1.0220476096081328,0.36396823254774663,0.0028382327725616613,0.04193895918295534,-0.0004221120320230317,0.004903131895221089,-1.0499523527506438,-0.3859749318713262
JFJ,2018-03-12 11:00:00,-1.0220476096081328,0.36396823254774663,0.0028382327725616613,0.04193895918295534,-0.0004221120320230317,0.004903131895221089,-1.0499523527506438,-0.3859749318713262
JFJ,2018-03-12 11:00:00,-1.694398127805966,0.21614149286494974,0.0032313410680148012,0.054707795068667534,-0.0004431926089620337,0.002423019620838268,-1.1586403963661955,-0.8129932347179751
JFJ,2018-03-13 11:00:00,-1.694398127805966,0.21614149286494974,0.0032313410680148012,0.054707795068667534,-0.0004431926089620337,0.002423019620838268,-1.1586403963661955,-0.8129932347179751
JFJ,2018-03-14 11:00:00,-1.694398127805966,0.21614149286494974,0.0032313410680148012,0.054707795068667534,-0.0004431926089620337,0.002423019620838268,-1.1586403963661955,-0.8129932347179751
JFJ,2018-03-15 11:00:00,-1.694398127805966,0.21614149286494974,0.0032313410680148012,0.054707795068667534,-0.0004431926089620337,0.002423019620838268,-1.1586403963661955,-0.8129932347179751
JFJ,2018-03-16 11:00:00,-1.694398127805966,0.21614149286494974,0.0032313410680148012,0.054707795068667534,-0.0004431926089620337,0.002423019620838268,-1.1586403963661955,-0.8129932347179751
JFJ,2018-03-17 11:00:00,-1.694398127805966,0.21614149286494974,0.0032313410680148012,0.054707795068667534,-0.0004431926089620337,0.002423019620838268,-1.1586403963661955,-0.8129932347179751
JFJ,2018-03-18 11:00:00,-1.694398127805966,0.21614149286494974,0.0032313410680148012,0.054707795068667534,-0.0004431926089620337,0.002423019620838268,-1.1586403963661955,-0.8129932347179751
JFJ,2018-03-19 11:00:00,-1.694398127805966,0.21614149286494974,0.0032313410680148012,0.054707795068667534,-0.0004431926089620337,0.002423019620838268,-1.1586403963661955,-0.8129932347179751
JFJ,2018-03-20 11:00:00,-1.694398127805966,0.21614149286494974,0.0032313410680148012,0.054707795068667534,-0.0004431926089620337,0.002423019620838268,-1.1586403963661955,-0.8129932347179751
JFJ,2018-03-21 11:00:00,-1.694398127805966,0.21614149286494974,0.0032313410680148012,0.054707795068667534,-0.0004431926089620337,0.002423019620838268,-1.1586403963661955,-0.8129932347179751
JFJ,2018-03-22 11:00:00,-1.694398127805966,0.21614149286494974,0.0032313410680148012,0.054707795068667534,-0.0004431926089620337,0.002423019620838268,-1.1586403963661955,-0.8129932347179751
JFJ,2018-03-23 11:00:00,-1.694398127805966,0.21614149286494974,0.0032313410680148012,0.054707795068667534,-0.0004431926089620337,0.002423019620838268,-1.1586403963661955,-0.8129932347179751
JFJ,2018-03-24 11:00:00,-1.694398127805966,0.21614149286494974,0.0032313410680148012,0.054707795068667534,-0.0004431926089620337,0.002423019620838268,-1.1586403963661955,-0.8129932347179751
JFJ,2018-03-25 11:00:00,-1.694398127805966,0.21614149286494974,0.0032313410680148012,0.054707795068667534,-0.0004431926089620337,0.002423019620838268,-1.1586403963661955,-0.8129932347179751
JFJ,2018-03-26 11:00:00,-1.694398127805966,0.21614149286494974,0.0032313410680148012,0.054707795068667534,-0.0004431926089620337,0.002423019620838268,-1.1586403963661955,-0.8129932347179751
JFJ,2018-03-26 11:00:00,-2.5575324222524123,0.3623193053019762,0.004250182735325602,0.12893979061505959,-0.00035549113983824275,0.0009074981732283272,-2.3524823119797276,-0.70286399487108
JFJ,2018-03-27 11:00:00,-2.5575324222524123,0.3623193053019762,0.004250182735325602,0.12893979061505959,-0.00035549113983824275,0.0009074981732283272,-2.3524823119797276,-0.70286399487108
JFJ,2018-03-28 11:00:00,-2.5575324222524123,0.3623193053019762,0.004250182735325602,0.12893979061505959,-0.00035549113983824275,0.0009074981732283272,-2.3524823119797276,-0.70286399487108
JFJ,2018-03-29 11:00:00,-2.5575324222524123,0.3623193053019762,0.004250182735325602,0.12893979061505959,-0.00035549113983824275,0.0009074981732283272,-2.3524823119797276,-0.70286399487108
JFJ,2018-03-30 11:00:00,-2.5575324222524123,0.3623193053019762,0.004250182735325602,0.12893979061505959,-0.00035549113983824275,0.0009074981732283272,-2.3524823119797276,-0.70286399487108
JFJ,2018-03-31 11:00:00,-2.5575324222524123,0.3623193053019762,0.004250182735325602,0.12893979061505959,-0.00035549113983824275,0.0009074981732283272,-2.3524823119797276,-0.70286399487108
JFJ,2018-04-01 11:00:00,-2.5575324222524123,0.3623193053019762,0.004250182735325602,0.12893979061505959,-0.00035549113983824275,0.0009074981732283272,-2.3524823119797276,-0.70286399487108
JFJ,2018-04-02 11:00:00,-2.5575324222524123,0.3623193053019762,0.004250182735325602,0.12893979061505959,-0.00035549113983824275,0.0009074981732283272,-2.3524823119797276,-0.70286399487108
JFJ,2018-04-03 11:00:00,-2.5575324222524123,0.3623193053019762,0.004250182735325602,0.12893979061505959,-0.00035549113983824275,0.0009074981732283272,-2.3524823119797276,-0.70286399487108
JFJ,2018-04-04 11:00:00,-2.5575324222524123,0.3623193053019762,0.004250182735325602,0.12893979061505959,-0.00035549113983824275,0.0009074981732283272,-2.3524823119797276,-0.70286399487108
JFJ,2018-04-05 11:00:00,-2.5575324222524123,0.3623193053019762,0.004250182735325602,0.12893979061505959,-0.00035549113983824275,0.0009074981732283272,-2.3524823119797276,-0.70286399487108
JFJ,2018-04-06 11:00:00,-2.5575324222524123,0.3623193053019762,0.004250182735325602,0.12893979061505959,-0.00035549113983824275,0.0009074981732283272,-2.3524823119797276,-0.70286399487108
JFJ,2018-04-07 11:00:00,-2.5575324222524123,0.3623193053019762,0.004250182735325602,0.12893979061505959,-0.00035549113983824275,0.0009074981732283272,-2.3524823119797276,-0.70286399487108
JFJ,2018-04-08 11:00:00,-2.5575324222524123,0.3623193053019762,0.004250182735325602,0.12893979061505959,-0.00035549113983824275,0.0009074981732283272,-2.3524823119797276,-0.70286399487108
JFJ,2018-04-09 11:00:00,-2.5575324222524123,0.3623193053019762,0.004250182735325602,0.12893979061505959,-0.00035549113983824275,0.0009074981732283272,-2.3524823119797276,-0.70286399487108
JFJ,2018-04-09 11:00:00,-1.9803057439214293,0.3206193061187637,0.00582338625485347,0.09257325267383719,-0.0004146910349299107,0.00016817130493921562,-1.63327237505527,-0.7670431884463675
JFJ,2018-04-10 11:00:00,-1.9803057439214293,0.3206193061187637,0.00582338625485347,0.09257325267383719,-0.0004146910349299107,0.00016817130493921562,-1.63327237505527,-0.7670431884463675
JFJ,2018-04-11 11:00:00,-1.9803057439214293,0.3206193061187637,0.00582338625485347,0.09257325267383719,-0.0004146910349299107,0.00016817130493921562,-1.63327237505527,-0.7670431884463675
JFJ,2018-04-12 11:00:00,-1.9803057439214293,0.3206193061187637,0.00582338625485347,0.09257325267383719,-0.0004146910349299107,0.00016817130493921562,-1.63327237505527,-0.7670431884463675
JFJ,2018-04-13 11:00:00,-1.9803057439214293,0.3206193061187637,0.00582338625485347,0.09257325267383719,-0.0004146910349299107,0.00016817130493921562,-1.63327237505527,-0.7670431884463675
JFJ,2018-04-14 11:00:00,-1.9803057439214293,0.3206193061187637,0.00582338625485347,0.09257325267383719,-0.0004146910349299107,0.00016817130493921562,-1.63327237505527,-0.7670431884463675
JFJ,2018-04-15 11:00:00,-1.9803057439214293,0.3206193061187637,0.00582338625485347,0.09257325267383719,-0.0004146910349299107,0.00016817130493921562,-1.63327237505527,-0.7670431884463675
JFJ,2018-04-16 11:00:00,-1.9803057439214293,0.3206193061187637,0.00582338625485347,0.09257325267383719,-0.0004146910349299107,0.00016817130493921562,-1.63327237505527,-0.7670431884463675
JFJ,2018-04-17 11:00:00,-1.9803057439214293,0.3206193061187637,0.00582338625485347,0.09257325267383719,-0.0004146910349299107,0.00016817130493921562,-1.63327237505527,-0.7670431884463675
JFJ,2018-04-18 11:00:00,-1.9803057439214293,0.3206193061187637,0.00582338625485347,0.09257325267383719,-0.0004146910349299107,0.00016817130493921562,-1.63327237505527,-0.7670431884463675
JFJ,2018-04-19 11:00:00,-1.9803057439214293,0.3206193061187637,0.00582338625485347,0.09257325267383719,-0.0004146910349299107,0.00016817130493921562,-1.63327237505527,-0.7670431884463675
JFJ,2018-04-20 11:00:00,-1.9803057439214293,0.3206193061187637,0.00582338625485347,0.09257325267383719,-0.0004146910349299107,0.00016817130493921562,-1.63327237505527,-0.7670431884463675
JFJ,2018-04-21 11:00:00,-1.9803057439214293,0.3206193061187637,0.00582338625485347,0.09257325267383719,-0.0004146910349299107,0.00016817130493921562,-1.63327237505527,-0.7670431884463675
JFJ,2018-04-22 11:00:00,-1.9803057439214293,0.3206193061187637,0.00582338625485347,0.09257325267383719,-0.0004146910349299107,0.00016817130493921562,-1.63327237505527,-0.7670431884463675
JFJ,2018-04-23 11:00:00,-1.9803057439214293,0.3206193061187637,0.00582338625485347,0.09257325267383719,-0.0004146910349299107,0.00016817130493921562,-1.63327237505527,-0.7670431884463675
JFJ,2018-04-23 11:00:00,-1.7364553029091605,0.29440203505330065,0.0030865364338290603,0.20559412547948652,-0.00041008166767307424,-0.00954411020839099,-1.3216115663488328,-0.9072953293944894
JFJ,2018-04-24 11:00:00,-1.7364553029091605,0.29440203505330065,0.0030865364338290603,0.20559412547948652,-0.00041008166767307424,-0.00954411020839099,-1.3216115663488328,-0.9072953293944894
JFJ,2018-04-25 11:00:00,-1.7364553029091605,0.29440203505330065,0.0030865364338290603,0.20559412547948652,-0.00041008166767307424,-0.00954411020839099,-1.3216115663488328,-0.9072953293944894
JFJ,2018-04-26 11:00:00,-1.7364553029091605,0.29440203505330065,0.0030865364338290603,0.20559412547948652,-0.00041008166767307424,-0.00954411020839099,-1.3216115663488328,-0.9072953293944894
JFJ,2018-04-27 11:00:00,-1.7364553029091605,0.29440203505330065,0.0030865364338290603,0.20559412547948652,-0.00041008166767307424,-0.00954411020839099,-1.3216115663488328,-0.9072953293944894
JFJ,2018-04-28 11:00:00,-1.7364553029091605,0.29440203505330065,0.0030865364338290603,0.20559412547948652,-0.00041008166767307424,-0.00954411020839099,-1.3216115663488328,-0.9072953293944894
JFJ,2018-04-29 11:00:00,-1.7364553029091605,0.29440203505330065,0.0030865364338290603,0.20559412547948652,-0.00041008166767307424,-0.00954411020839099,-1.3216115663488328,-0.9072953293944894
JFJ,2018-04-30 11:00:00,-1.7364553029091605,0.29440203505330065,0.0030865364338290603,0.20559412547948652,-0.00041008166767307424,-0.00954411020839099,-1.3216115663488328,-0.9072953293944894
JFJ,2018-05-01 11:00:00,-1.7364553029091605,0.29440203505330065,0.0030865364338290603,0.20559412547948652,-0.00041008166767307424,-0.00954411020839099,-1.3216115663488328,-0.9072953293944894
JFJ,2018-05-02 11:00:00,-1.7364553029091605,0.29440203505330065,0.0030865364338290603,0.20559412547948652,-0.00041008166767307424,-0.00954411020839099,-1.3216115663488328,-0.9072953293944894
JFJ,2018-05-03 11:00:00,-1.7364553029091605,0.29440203505330065,0.0030865364338290603,0.20559412547948652,-0.00041008166767307424,-0.00954411020839099,-1.3216115663488328,-0.9072953293944894
JFJ,2018-05-04 11:00:00,-1.7364553029091605,0.29440203505330065,0.0030865364338290603,0.20559412547948652,-0.00041008166767307424,-0.00954411020839099,-1.3216115663488328,-0.9072953293944894
JFJ,2018-05-05 11:00:00,-1.7364553029091605,0.29440203505330065,0.0030865364338290603,0.20559412547948652,-0.00041008166767307424,-0.00954411020839099,-1.3216115663488328,-0.9072953293944894
JFJ,2018-05-06 11:00:00,-1.7364553029091605,0.29440203505330065,0.0030865364338290603,0.20559412547948652,-0.00041008166767307424,-0.00954411020839099,-1.3216115663488328,-0.9072953293944894
JFJ,2018-05-07 11:00:00,-1.7364553029091605,0.29440203505330065,0.0030865364338290603,0.20559412547948652,-0.00041008166767307424,-0.00954411020839099,-1.3216115663488328,-0.9072953293944894
JFJ,2018-05-07 11:00:00,-3.1885723951413323,0.324065564278103,0.003676829172040349,0.4157874249610859,-0.0004370095874347441,-0.02302368333958998,-2.465647200759393,-1.440065726600754
JFJ,2018-05-08 11:00:00,-3.1885723951413323,0.324065564278103,0.003676829172040349,0.4157874249610859,-0.0004370095874347441,-0.02302368333958998,-2.465647200759393,-1.440065726600754
JFJ,2018-05-09 11:00:00,-3.1885723951413323,0.324065564278103,0.003676829172040349,0.4157874249610859,-0.0004370095874347441,-0.02302368333958998,-2.465647200759393,-1.440065726600754
JFJ,2018-05-10 11:00:00,-3.1885723951413323,0.324065564278103,0.003676829172040349,0.4157874249610859,-0.0004370095874347441,-0.02302368333958998,-2.465647200759393,-1.440065726600754
JFJ,2018-05-11 11:00:00,-3.1885723951413323,0.324065564278103,0.003676829172040349,0.4157874249610859,-0.0004370095874347441,-0.02302368333958998,-2.465647200759393,-1.440065726600754
JFJ,2018-05-12 11:00:00,-3.1885723951413323,0.324065564278103,0.003676829172040349,0.4157874249610859,-0.0004370095874347441,-0.02302368333958998,-2.465647200759393,-1.440065726600754
JFJ,2018-05-13 11:00:00,-3.1885723951413323,0.324065564278103,0.003676829172040349,0.4157874249610859,-0.0004370095874347441,-0.02302368333958998,-2.465647200759393,-1.440065726600754
JFJ,2018-05-14 11:00:00,-3.1885723951413323,0.324065564278103,0.003676829172040349,0.4157874249610859,-0.0004370095874347441,-0.02302368333958998,-2.465647200759393,-1.440065726600754
JFJ,2018-05-15 11:00:00,-3.1885723951413323,0.324065564278103,0.003676829172040349,0.4157874249610859,-0.0004370095874347441,-0.02302368333958998,-2.465647200759393,-1.440065726600754
JFJ,2018-05-16 11:00:00,-3.1885723951413323,0.324065564278103,0.003676829172040349,0.4157874249610859,-0.0004370095874347441,-0.02302368333958998,-2.465647200759393,-1.440065726600754
JFJ,2018-05-17 11:00:00,-3.1885723951413323,0.324065564278103,0.003676829172040349,0.4157874249610859,-0.0004370095874347441,-0.02302368333958998,-2.465647200759393,-1.440065726600754
JFJ,2018-05-18 11:00:00,-3.1885723951413323,0.324065564278103,0.003676829172040349,0.4157874249610859,-0.0004370095874347441,-0.02302368333958998,-2.465647200759393,-1.440065726600754
JFJ,2018-05-19 11:00:00,-3.1885723951413323,0.324065564278103,0.003676829172040349,0.4157874249610859,-0.0004370095874347441,-0.02302368333958998,-2.465647200759393,-1.440065726600754
JFJ,2018-05-20 11:00:00,-3.1885723951413323,0.324065564278103,0.003676829172040349,0.4157874249610859,-0.0004370095874347441,-0.02302368333958998,-2.465647200759393,-1.440065726600754
JFJ,2018-05-21 11:00:00,-3.1885723951413323,0.324065564278103,0.003676829172040349,0.4157874249610859,-0.0004370095874347441,-0.02302368333958998,-2.465647200759393,-1.440065726600754
JFJ,2018-05-21 11:00:00,-3.4152044972123443,1.8642652765761671,0.0020808802901368948,0.9686507456771628,-0.0007642501455345891,-0.04148270478015413,-4.83489984803623,-1.3705265595258038
JFJ,2018-05-22 11:00:00,-3.4152044972123443,1.8642652765761671,0.0020808802901368948,0.9686507456771628,-0.0007642501455345891,-0.04148270478015413,-4.83489984803623,-1.3705265595258038
JFJ,2018-05-23 11:00:00,-3.4152044972123443,1.8642652765761671,0.0020808802901368948,0.9686507456771628,-0.0007642501455345891,-0.04148270478015413,-4.83489984803623,-1.3705265595258038
JFJ,2018-05-24 11:00:00,-3.4152044972123443,1.8642652765761671,0.0020808802901368948,0.9686507456771628,-0.0007642501455345891,-0.04148270478015413,-4.83489984803623,-1.3705265595258038
JFJ,2018-05-25 11:00:00,-3.4152044972123443,1.8642652765761671,0.0020808802901368948,0.9686507456771628,-0.0007642501455345891,-0.04148270478015413,-4.83489984803623,-1.3705265595258038
JFJ,2018-05-26 11:00:00,-3.4152044972123443,1.8642652765761671,0.0020808802901368948,0.9686507456771628,-0.0007642501455345891,-0.04148270478015413,-4.83489984803623,-1.3705265595258038
JFJ,2018-05-27 11:00:00,-3.4152044972123443,1.8642652765761671,0.0020808802901368948,0.9686507456771628,-0.0007642501455345891,-0.04148270478015413,-4.83489984803623,-1.3705265595258038
JFJ,2018-05-28 11:00:00,-3.4152044972123443,1.8642652765761671,0.0020808802901368948,0.9686507456771628,-0.0007642501455345891,-0.04148270478015413,-4.83489984803623,-1.3705265595258038
JFJ,2018-05-29 11:00:00,-3.4152044972123443,1.8642652765761671,0.0020808802901368948,0.9686507456771628,-0.0007642501455345891,-0.04148270478015413,-4.83489984803623,-1.3705265595258038
JFJ,2018-05-30 11:00:00,-3.4152044972123443,1.8642652765761671,0.0020808802901368948,0.9686507456771628,-0.0007642501455345891,-0.04148270478015413,-4.83489984803623,-1.3705265595258038
JFJ,2018-05-31 11:00:00,-3.4152044972123443,1.8642652765761671,0.0020808802901368948,0.9686507456771628,-0.0007642501455345891,-0.04148270478015413,-4.83489984803623,-1.3705265595258038
JFJ,2018-06-01 11:00:00,-3.4152044972123443,1.8642652765761671,0.0020808802901368948,0.9686507456771628,-0.0007642501455345891,-0.04148270478015413,-4.83489984803623,-1.3705265595258038
JFJ,2018-06-02 11:00:00,-3.4152044972123443,1.8642652765761671,0.0020808802901368948,0.9686507456771628,-0.0007642501455345891,-0.04148270478015413,-4.83489984803623,-1.3705265595258038
JFJ,2018-06-03 11:00:00,-3.4152044972123443,1.8642652765761671,0.0020808802901368948,0.9686507456771628,-0.0007642501455345891,-0.04148270478015413,-4.83489984803623,-1.3705265595258038
JFJ,2018-06-04 11:00:00,-3.4152044972123443,1.8642652765761671,0.0020808802901368948,0.9686507456771628,-0.0007642501455345891,-0.04148270478015413,-4.83489984803623,-1.3705265595258038
JFJ,2018-06-04 11:00:00,-3.607057079728265,1.043233563790468,0.0017767674217122845,0.9779947181896859,-0.0004914407901860043,-0.061782824407283735,-4.012069897747358,-1.546171554136187
JFJ,2018-06-05 11:00:00,-3.607057079728265,1.043233563790468,0.0017767674217122845,0.9779947181896859,-0.0004914407901860043,-0.061782824407283735,-4.012069897747358,-1.546171554136187
JFJ,2018-06-06 11:00:00,-3.607057079728265,1.043233563790468,0.0017767674217122845,0.9779947181896859,-0.0004914407901860043,-0.061782824407283735,-4.012069897747358,-1.546171554136187
JFJ,2018-06-07 11:00:00,-3.607057079728265,1.043233563790468,0.0017767674217122845,0.9779947181896859,-0.0004914407901860043,-0.061782824407283735,-4.012069897747358,-1.546171554136187
JFJ,2018-06-08 11:00:00,-3.607057079728265,1.043233563790468,0.0017767674217122845,0.9779947181896859,-0.0004914407901860043,-0.061782824407283735,-4.012069897747358,-1.546171554136187
JFJ,2018-06-09 11:00:00,-3.607057079728265,1.043233563790468,0.0017767674217122845,0.9779947181896859,-0.0004914407901860043,-0.061782824407283735,-4.012069897747358,-1.546171554136187
JFJ,2018-06-10 11:00:00,-3.607057079728265,1.043233563790468,0.0017767674217122845,0.9779947181896859,-0.0004914407901860043,-0.061782824407283735,-4.012069897747358,-1.546171554136187
JFJ,2018-06-11 11:00:00,-3.607057079728265,1.043233563790468,0.0017767674217122845,0.9779947181896859,-0.0004914407901860043,-0.061782824407283735,-4.012069897747358,-1.546171554136187
JFJ,2018-06-12 11:00:00,-3.607057079728265,1.043233563790468,0.0017767674217122845,0.9779947181896859,-0.0004914407901860043,-0.061782824407283735,-4.012069897747358,-1.546171554136187
JFJ,2018-06-13 11:00:00,-3.607057079728265,1.043233563790468,0.0017767674217122845,0.9779947181896859,-0.0004914407901860043,-0.061782824407283735,-4.012069897747358,-1.546171554136187
JFJ,2018-06-14 11:00:00,-3.607057079728265,1.043233563790468,0.0017767674217122845,0.9779947181896859,-0.0004914407901860043,-0.061782824407283735,-4.012069897747358,-1.546171554136187
JFJ,2018-06-15 11:00:00,-3.607057079728265,1.043233563790468,0.0017767674217122845,0.9779947181896859,-0.0004914407901860043,-0.061782824407283735,-4.012069897747358,-1.546171554136187
JFJ,2018-06-16 11:00:00,-3.607057079728265,1.043233563790468,0.0017767674217122845,0.9779947181896859,-0.0004914407901860043,-0.061782824407283735,-4.012069897747358,-1.546171554136187
JFJ,2018-06-17 11:00:00,-3.607057079728265,1.043233563790468,0.0017767674217122845,0.9779947181896859,-0.0004914407901860043,-0.061782824407283735,-4.012069897747358,-1.546171554136187
JFJ,2018-06-18 11:00:00,-3.607057079728265,1.043233563790468,0.0017767674217122845,0.9779947181896859,-0.0004914407901860043,-0.061782824407283735,-4.012069897747358,-1.546171554136187
JFJ,2018-06-18 11:00:00,-3.021952637279843,1.2232262470909485,0.005107223370781328,1.0900347499014034,-0.00036430790338189996,-0.035087782857422777,-3.763047188364396,-1.5338837846685058
JFJ,2018-06-19 11:00:00,-3.021952637279843,1.2232262470909485,0.005107223370781328,1.0900347499014034,-0.00036430790338189996,-0.035087782857422777,-3.763047188364396,-1.5338837846685058
JFJ,2018-06-20 11:00:00,-3.021952637279843,1.2232262470909485,0.005107223370781328,1.0900347499014034,-0.00036430790338189996,-0.035087782857422777,-3.763047188364396,-1.5338837846685058
JFJ,2018-06-21 11:00:00,-3.021952637279843,1.2232262470909485,0.005107223370781328,1.0900347499014034,-0.00036430790338189996,-0.035087782857422777,-3.763047188364396,-1.5338837846685058
JFJ,2018-06-22 11:00:00,-3.021952637279843,1.2232262470909485,0.005107223370781328,1.0900347499014034,-0.00036430790338189996,-0.035087782857422777,-3.763047188364396,-1.5338837846685058
JFJ,2018-06-23 11:00:00,-3.021952637279843,1.2232262470909485,0.005107223370781328,1.0900347499014034,-0.00036430790338189996,-0.035087782857422777,-3.763047188364396,-1.5338837846685058
JFJ,2018-06-24 11:00:00,-3.021952637279843,1.2232262470909485,0.005107223370781328,1.0900347499014034,-0.00036430790338189996,-0.035087782857422777,-3.763047188364396,-1.5338837846685058
JFJ,2018-06-25 11:00:00,-3.021952637279843,1.2232262470909485,0.005107223370781328,1.0900347499014034,-0.00036430790338189996,-0.035087782857422777,-3.763047188364396,-1.5338837846685058
JFJ,2018-06-26 11:00:00,-3.021952637279843,1.2232262470909485,0.005107223370781328,1.0900347499014034,-0.00036430790338189996,-0.035087782857422777,-3.763047188364396,-1.5338837846685058
JFJ,2018-06-27 11:00:00,-3.021952637279843,1.2232262470909485,0.005107223370781328,1.0900347499014034,-0.00036430790338189996,-0.035087782857422777,-3.763047188364396,-1.5338837846685058
JFJ,2018-06-28 11:00:00,-3.021952637279843,1.2232262470909485,0.005107223370781328,1.0900347499014034,-0.00036430790338189996,-0.035087782857422777,-3.763047188364396,-1.5338837846685058
JFJ,2018-06-29 11:00:00,-3.021952637279843,1.2232262470909485,0.005107223370781328,1.0900347499014034,-0.00036430790338189996,-0.035087782857422777,-3.763047188364396,-1.5338837846685058
JFJ,2018-06-30 11:00:00,-3.021952637279843,1.2232262470909485,0.005107223370781328,1.0900347499014034,-0.00036430790338189996,-0.035087782857422777,-3.763047188364396,-1.5338837846685058
JFJ,2018-07-01 11:00:00,-3.021952637279843,1.2232262470909485,0.005107223370781328,1.0900347499014034,-0.00036430790338189996,-0.035087782857422777,-3.763047188364396,-1.5338837846685058
JFJ,2018-07-02 11:00:00,-3.021952637279843,1.2232262470909485,0.005107223370781328,1.0900347499014034,-0.00036430790338189996,-0.035087782857422777,-3.763047188364396,-1.5338837846685058
JFJ,2018-07-02 11:00:00,-1.4679986347595166,0.7325041056354753,0.0007775250964251406,0.6843196510875253,-0.00021791746704699625,-0.010880116159650224,-1.5787988561022812,-1.2936525437236843
JFJ,2018-07-03 11:00:00,-1.4679986347595166,0.7325041056354753,0.0007775250964251406,0.6843196510875253,-0.00021791746704699625,-0.010880116159650224,-1.5787988561022812,-1.2936525437236843
JFJ,2018-07-04 11:00:00,-1.4679986347595166,0.7325041056354753,0.0007775250964251406,0.6843196510875253,-0.00021791746704699625,-0.010880116159650224,-1.5787988561022812,-1.2936525437236843
JFJ,2018-07-05 11:00:00,-1.4679986347595166,0.7325041056354753,0.0007775250964251406,0.6843196510875253,-0.00021791746704699625,-0.010880116159650224,-1.5787988561022812,-1.2936525437236843
JFJ,2018-07-06 11:00:00,-1.4679986347595166,0.7325041056354753,0.0007775250964251406,0.6843196510875253,-0.00021791746704699625,-0.010880116159650224,-1.5787988561022812,-1.2936525437236843
JFJ,2018-07-07 11:00:00,-1.4679986347595166,0.7325041056354753,0.0007775250964251406,0.6843196510875253,-0.00021791746704699625,-0.010880116159650224,-1.5787988561022812,-1.2936525437236843
JFJ,2018-07-08 11:00:00,-1.4679986347595166,0.7325041056354753,0.0007775250964251406,0.6843196510875253,-0.00021791746704699625,-0.010880116159650224,-1.5787988561022812,-1.2936525437236843
JFJ,2018-07-09 11:00:00,-1.4679986347595166,0.7325041056354753,0.0007775250964251406,0.6843196510875253,-0.00021791746704699625,-0.010880116159650224,-1.5787988561022812,-1.2936525437236843
JFJ,2018-07-10 11:00:00,-1.4679986347595166,0.7325041056354753,0.0007775250964251406,0.6843196510875253,-0.00021791746704699625,-0.010880116159650224,-1.5787988561022812,-1.2936525437236843
JFJ,2018-07-11 11:00:00,-1.4679986347595166,0.7325041056354753,0.0007775250964251406,0.6843196510875253,-0.00021791746704699625,-0.010880116159650224,-1.5787988561022812,-1.2936525437236843
JFJ,2018-07-12 11:00:00,-1.4679986347595166,0.7325041056354753,0.0007775250964251406,0.6843196510875253,-0.00021791746704699625,-0.010880116159650224,-1.5787988561022812,-1.2936525437236843
JFJ,2018-07-13 11:00:00,-1.4679986347595166,0.7325041056354753,0.0007775250964251406,0.6843196510875253,-0.00021791746704699625,-0.010880116159650224,-1.5787988561022812,-1.2936525437236843
JFJ,2018-07-14 11:00:00,-1.4679986347595166,0.7325041056354753,0.0007775250964251406,0.6843196510875253,-0.00021791746704699625,-0.010880116159650224,-1.5787988561022812,-1.2936525437236843
JFJ,2018-07-15 11:00:00,-1.4679986347595166,0.7325041056354753,0.0007775250964251406,0.6843196510875253,-0.00021791746704699625,-0.010880116159650224,-1.5787988561022812,-1.2936525437236843
JFJ,2018-07-16 11:00:00,-1.4679986347595166,0.7325041056354753,0.0007775250964251406,0.6843196510875253,-0.00021791746704699625,-0.010880116159650224,-1.5787988561022812,-1.2936525437236843
JFJ,2018-07-16 11:00:00,-1.474258185127383,1.1335623025420745,0.005246685947835603,1.24817977973887,-0.00034285021303124847,-0.0374557591825801,-2.832585649886054,-0.9842705181085024
JFJ,2018-07-17 11:00:00,-1.474258185127383,1.1335623025420745,0.005246685947835603,1.24817977973887,-0.00034285021303124847,-0.0374557591825801,-2.832585649886054,-0.9842705181085024
JFJ,2018-07-18 11:00:00,-1.474258185127383,1.1335623025420745,0.005246685947835603,1.24817977973887,-0.00034285021303124847,-0.0374557591825801,-2.832585649886054,-0.9842705181085024
JFJ,2018-07-19 11:00:00,-1.474258185127383,1.1335623025420745,0.005246685947835603,1.24817977973887,-0.00034285021303124847,-0.0374557591825801,-2.832585649886054,-0.9842705181085024
JFJ,2018-07-20 11:00:00,-1.474258185127383,1.1335623025420745,0.005246685947835603,1.24817977973887,-0.00034285021303124847,-0.0374557591825801,-2.832585649886054,-0.9842705181085024
JFJ,2018-07-21 11:00:00,-1.474258185127383,1.1335623025420745,0.005246685947835603,1.24817977973887,-0.00034285021303124847,-0.0374557591825801,-2.832585649886054,-0.9842705181085024
JFJ,2018-07-22 11:00:00,-1.474258185127383,1.1335623025420745,0.005246685947835603,1.24817977973887,-0.00034285021303124847,-0.0374557591825801,-2.832585649886054,-0.9842705181085024
JFJ,2018-07-23 11:00:00,-1.474258185127383,1.1335623025420745,0.005246685947835603,1.24817977973887,-0.00034285021303124847,-0.0374557591825801,-2.832585649886054,-0.9842705181085024
JFJ,2018-07-24 11:00:00,-1.474258185127383,1.1335623025420745,0.005246685947835603,1.24817977973887,-0.00034285021303124847,-0.0374557591825801,-2.832585649886054,-0.9842705181085024
JFJ,2018-07-25 11:00:00,-1.474258185127383,1.1335623025420745,0.005246685947835603,1.24817977973887,-0.00034285021303124847,-0.0374557591825801,-2.832585649886054,-0.9842705181085024
JFJ,2018-07-26 11:00:00,-1.474258185127383,1.1335623025420745,0.005246685947835603,1.24817977973887,-0.00034285021303124847,-0.0374557591825801,-2.832585649886054,-0.9842705181085024
JFJ,2018-07-27 11:00:00,-1.474258185127383,1.1335623025420745,0.005246685947835603,1.24817977973887,-0.00034285021303124847,-0.0374557591825801,-2.832585649886054,-0.9842705181085024
JFJ,2018-07-28 11:00:00,-1.474258185127383,1.1335623025420745,0.005246685947835603,1.24817977973887,-0.00034285021303124847,-0.0374557591825801,-2.832585649886054,-0.9842705181085024
JFJ,2018-07-29 11:00:00,-1.474258185127383,1.1335623025420745,0.005246685947835603,1.24817977973887,-0.00034285021303124847,-0.0374557591825801,-2.832585649886054,-0.9842705181085024
JFJ,2018-07-30 11:00:00,-1.474258185127383,1.1335623025420745,0.005246685947835603,1.24817977973887,-0.00034285021303124847,-0.0374557591825801,-2.832585649886054,-0.9842705181085024
JFJ,2018-07-30 11:00:00,-0.6420380556643843,3.280697502651469,0.004151041075022726,1.6152672506082193,-0.00021852967980991766,-0.040227155764705584,-4.403251270123893,-1.092384612152853
JFJ,2018-07-31 11:00:00,-0.6420380556643843,3.280697502651469,0.004151041075022726,1.6152672506082193,-0.00021852967980991766,-0.040227155764705584,-4.403251270123893,-1.092384612152853
JFJ,2018-08-01 11:00:00,-0.6420380556643843,3.280697502651469,0.004151041075022726,1.6152672506082193,-0.00021852967980991766,-0.040227155764705584,-4.403251270123893,-1.092384612152853
JFJ,2018-08-02 11:00:00,-0.6420380556643843,3.280697502651469,0.004151041075022726,1.6152672506082193,-0.00021852967980991766,-0.040227155764705584,-4.403251270123893,-1.092384612152853
JFJ,2018-08-03 11:00:00,-0.6420380556643843,3.280697502651469,0.004151041075022726,1.6152672506082193,-0.00021852967980991766,-0.040227155764705584,-4.403251270123893,-1.092384612152853
JFJ,2018-08-04 11:00:00,-0.6420380556643843,3.280697502651469,0.004151041075022726,1.6152672506082193,-0.00021852967980991766,-0.040227155764705584,-4.403251270123893,-1.092384612152853
JFJ,2018-08-05 11:00:00,-0.6420380556643843,3.280697502651469,0.004151041075022726,1.6152672506082193,-0.00021852967980991766,-0.040227155764705584,-4.403251270123893,-1.092384612152853
JFJ,2018-08-06 11:00:00,-0.6420380556643843,3.280697502651469,0.004151041075022726,1.6152672506082193,-0.00021852967980991766,-0.040227155764705584,-4.403251270123893,-1.092384612152853
JFJ,2018-08-07 11:00:00,-0.6420380556643843,3.280697502651469,0.004151041075022726,1.6152672506082193,-0.00021852967980991766,-0.040227155764705584,-4.403251270123893,-1.092384612152853
JFJ,2018-08-08 11:00:00,-0.6420380556643843,3.280697502651469,0.004151041075022726,1.6152672506082193,-0.00021852967980991766,-0.040227155764705584,-4.403251270123893,-1.092384612152853
JFJ,2018-08-09 11:00:00,-0.6420380556643843,3.280697502651469,0.004151041075022726,1.6152672506082193,-0.00021852967980991766,-0.040227155764705584,-4.403251270123893,-1.092384612152853
JFJ,2018-08-10 11:00:00,-0.6420380556643843,3.280697502651469,0.004151041075022726,1.6152672506082193,-0.00021852967980991766,-0.040227155764705584,-4.403251270123893,-1.092384612152853
JFJ,2018-08-11 11:00:00,-0.6420380556643843,3.280697502651469,0.004151041075022726,1.6152672506082193,-0.00021852967980991766,-0.040227155764705584,-4.403251270123893,-1.092384612152853
JFJ,2018-08-12 11:00:00,-0.6420380556643843,3.280697502651469,0.004151041075022726,1.6152672506082193,-0.00021852967980991766,-0.040227155764705584,-4.403251270123893,-1.092384612152853
JFJ,2018-08-13 11:00:00,-0.6420380556643843,3.280697502651469,0.004151041075022726,1.6152672506082193,-0.00021852967980991766,-0.040227155764705584,-4.403251270123893,-1.092384612152853
JFJ,2018-08-13 11:00:00,-1.8412960863243732,1.1760100211423818,0.0022473890377551673,1.6741053513535533,7.082807209404606e-05,-0.02989033628173833,-3.4190801218107314,-1.2433722151206257
JFJ,2018-08-14 11:00:00,-1.8412960863243732,1.1760100211423818,0.0022473890377551673,1.6741053513535533,7.082807209404606e-05,-0.02989033628173833,-3.4190801218107314,-1.2433722151206257
JFJ,2018-08-15 11:00:00,-1.8412960863243732,1.1760100211423818,0.0022473890377551673,1.6741053513535533,7.082807209404606e-05,-0.02989033628173833,-3.4190801218107314,-1.2433722151206257
JFJ,2018-08-16 11:00:00,-1.8412960863243732,1.1760100211423818,0.0022473890377551673,1.6741053513535533,7.082807209404606e-05,-0.02989033628173833,-3.4190801218107314,-1.2433722151206257
JFJ,2018-08-17 11:00:00,-1.8412960863243732,1.1760100211423818,0.0022473890377551673,1.6741053513535533,7.082807209404606e-05,-0.02989033628173833,-3.4190801218107314,-1.2433722151206257
JFJ,2018-08-18 11:00:00,-1.8412960863243732,1.1760100211423818,0.0022473890377551673,1.6741053513535533,7.082807209404606e-05,-0.02989033628173833,-3.4190801218107314,-1.2433722151206257
JFJ,2018-08-19 11:00:00,-1.8412960863243732,1.1760100211423818,0.0022473890377551673,1.6741053513535533,7.082807209404606e-05,-0.02989033628173833,-3.4190801218107314,-1.2433722151206257
JFJ,2018-08-20 11:00:00,-1.8412960863243732,1.1760100211423818,0.0022473890377551673,1.6741053513535533,7.082807209404606e-05,-0.02989033628173833,-3.4190801218107314,-1.2433722151206257
JFJ,2018-08-21 11:00:00,-1.8412960863243732,1.1760100211423818,0.0022473890377551673,1.6741053513535533,7.082807209404606e-05,-0.02989033628173833,-3.4190801218107314,-1.2433722151206257
JFJ,2018-08-22 11:00:00,-1.8412960863243732,1.1760100211423818,0.0022473890377551673,1.6741053513535533,7.082807209404606e-05,-0.02989033628173833,-3.4190801218107314,-1.2433722151206257
JFJ,2018-08-23 11:00:00,-1.8412960863243732,1.1760100211423818,0.0022473890377551673,1.6741053513535533,7.082807209404606e-05,-0.02989033628173833,-3.4190801218107314,-1.2433722151206257
JFJ,2018-08-24 11:00:00,-1.8412960863243732,1.1760100211423818,0.0022473890377551673,1.6741053513535533,7.082807209404606e-05,-0.02989033628173833,-3.4190801218107314,-1.2433722151206257
JFJ,2018-08-25 11:00:00,-1.8412960863243732,1.1760100211423818,0.0022473890377551673,1.6741053513535533,7.082807209404606e-05,-0.02989033628173833,-3.4190801218107314,-1.2433722151206257
JFJ,2018-08-26 11:00:00,-1.8412960863243732,1.1760100211423818,0.0022473890377551673,1.6741053513535533,7.082807209404606e-05,-0.02989033628173833,-3.4190801218107314,-1.2433722151206257
JFJ,2018-08-27 11:00:00,-1.8412960863243732,1.1760100211423818,0.0022473890377551673,1.6741053513535533,7.082807209404606e-05,-0.02989033628173833,-3.4190801218107314,-1.2433722151206257
JFJ,2018-08-27 11:00:00,-0.7163189996143321,2.4556922602313165,0.005285645720503901,1.8025750857647422,-0.0002592628337517928,0.011310714009563554,-3.736484378165894,-1.2610297939542885
JFJ,2018-08-28 11:00:00,-0.7163189996143321,2.4556922602313165,0.005285645720503901,1.8025750857647422,-0.0002592628337517928,0.011310714009563554,-3.736484378165894,-1.2610297939542885
JFJ,2018-08-29 11:00:00,-0.7163189996143321,2.4556922602313165,0.005285645720503901,1.8025750857647422,-0.0002592628337517928,0.011310714009563554,-3.736484378165894,-1.2610297939542885
JFJ,2018-08-30 11:00:00,-0.7163189996143321,2.4556922602313165,0.005285645720503901,1.8025750857647422,-0.0002592628337517928,0.011310714009563554,-3.736484378165894,-1.2610297939542885
JFJ,2018-08-31 11:00:00,-0.7163189996143321,2.4556922602313165,0.005285645720503901,1.8025750857647422,-0.0002592628337517928,0.011310714009563554,-3.736484378165894,-1.2610297939542885
JFJ,2018-09-01 11:00:00,-0.7163189996143321,2.4556922602313165,0.005285645720503901,1.8025750857647422,-0.0002592628337517928,0.011310714009563554,-3.736484378165894,-1.2610297939542885
JFJ,2018-09-02 11:00:00,-0.7163189996143321,2.4556922602313165,0.005285645720503901,1.8025750857647422,-0.0002592628337517928,0.011310714009563554,-3.736484378165894,-1.2610297939542885
JFJ,2018-09-03 11:00:00,-0.7163189996143321,2.4556922602313165,0.005285645720503901,1.8025750857647422,-0.0002592628337517928,0.011310714009563554,-3.736484378165894,-1.2610297939542885
JFJ,2018-09-04 11:00:00,-0.7163189996143321,2.4556922602313165,0.005285645720503901,1.8025750857647422,-0.0002592628337517928,0.011310714009563554,-3.736484378165894,-1.2610297939542885
JFJ,2018-09-05 11:00:00,-0.7163189996143321,2.4556922602313165,0.005285645720503901,1.8025750857647422,-0.0002592628337517928,0.011310714009563554,-3.736484378165894,-1.2610297939542885
JFJ,2018-09-06 11:00:00,-0.7163189996143321,2.4556922602313165,0.005285645720503901,1.8025750857647422,-0.0002592628337517928,0.011310714009563554,-3.736484378165894,-1.2610297939542885
JFJ,2018-09-07 11:00:00,-0.7163189996143321,2.4556922602313165,0.005285645720503901,1.8025750857647422,-0.0002592628337517928,0.011310714009563554,-3.736484378165894,-1.2610297939542885
JFJ,2018-09-08 11:00:00,-0.7163189996143321,2.4556922602313165,0.005285645720503901,1.8025750857647422,-0.0002592628337517928,0.011310714009563554,-3.736484378165894,-1.2610297939542885
JFJ,2018-09-09 11:00:00,-0.7163189996143321,2.4556922602313165,0.005285645720503901,1.8025750857647422,-0.0002592628337517928,0.011310714009563554,-3.736484378165894,-1.2610297939542885
JFJ,2018-09-10 11:00:00,-0.7163189996143321,2.4556922602313165,0.005285645720503901,1.8025750857647422,-0.0002592628337517928,0.011310714009563554,-3.736484378165894,-1.2610297939542885
JFJ,2018-11-19 11:00:00,-6.059022542566011,0.08963670775351028,0.004136376469729881,0.06580177246334873,-0.00018383968420877255,0.0005779126729963059,-1.1173121613735961,-5.107894917720027
JFJ,2018-11-20 11:00:00,-6.059022542566011,0.08963670775351028,0.004136376469729881,0.06580177246334873,-0.00018383968420877255,0.0005779126729963059,-1.1173121613735961,-5.107894917720027
JFJ,2018-11-21 11:00:00,-6.059022542566011,0.08963670775351028,0.004136376469729881,0.06580177246334873,-0.00018383968420877255,0.0005779126729963059,-1.1173121613735961,-5.107894917720027
JFJ,2018-11-22 11:00:00,-6.059022542566011,0.08963670775351028,0.004136376469729881,0.06580177246334873,-0.00018383968420877255,0.0005779126729963059,-1.1173121613735961,-5.107894917720027
JFJ,2018-11-23 11:00:00,-6.059022542566011,0.08963670775351028,0.004136376469729881,0.06580177246334873,-0.00018383968420877255,0.0005779126729963059,-1.1173121613735961,-5.107894917720027
JFJ,2018-11-24 11:00:00,-6.059022542566011,0.08963670775351028,0.004136376469729881,0.06580177246334873,-0.00018383968420877255,0.0005779126729963059,-1.1173121613735961,-5.107894917720027
JFJ,2018-11-25 11:00:00,-6.059022542566011,0.08963670775351028,0.004136376469729881,0.06580177246334873,-0.00018383968420877255,0.0005779126729963059,-1.1173121613735961,-5.107894917720027
JFJ,2018-11-26 11:00:00,-6.059022542566011,0.08963670775351028,0.004136376469729881,0.06580177246334873,-0.00018383968420877255,0.0005779126729963059,-1.1173121613735961,-5.107894917720027
JFJ,2018-11-27 11:00:00,-6.059022542566011,0.08963670775351028,0.004136376469729881,0.06580177246334873,-0.00018383968420877255,0.0005779126729963059,-1.1173121613735961,-5.107894917720027
JFJ,2018-11-28 11:00:00,-6.059022542566011,0.08963670775351028,0.004136376469729881,0.06580177246334873,-0.00018383968420877255,0.0005779126729963059,-1.1173121613735961,-5.107894917720027
JFJ,2018-11-29 11:00:00,-6.059022542566011,0.08963670775351028,0.004136376469729881,0.06580177246334873,-0.00018383968420877255,0.0005779126729963059,-1.1173121613735961,-5.107894917720027
JFJ,2018-11-30 11:00:00,-6.059022542566011,0.08963670775351028,0.004136376469729881,0.06580177246334873,-0.00018383968420877255,0.0005779126729963059,-1.1173121613735961,-5.107894917720027
JFJ,2018-12-01 11:00:00,-6.059022542566011,0.08963670775351028,0.004136376469729881,0.06580177246334873,-0.00018383968420877255,0.0005779126729963059,-1.1173121613735961,-5.107894917720027
JFJ,2018-12-02 11:00:00,-6.059022542566011,0.08963670775351028,0.004136376469729881,0.06580177246334873,-0.00018383968420877255,0.0005779126729963059,-1.1173121613735961,-5.107894917720027
JFJ,2018-12-03 11:00:00,-6.059022542566011,0.08963670775351028,0.004136376469729881,0.06580177246334873,-0.00018383968420877255,0.0005779126729963059,-1.1173121613735961,-5.107894917720027
JFJ,2018-12-03 11:00:00,-6.4139432798782865,0.050210615932022654,0.002110878376034761,0.05520383218641891,-0.00016930087061542334,0.0014666613110290818,-0.8722164831086078,-5.657350393534503
JFJ,2018-12-04 11:00:00,-6.4139432798782865,0.050210615932022654,0.002110878376034761,0.05520383218641891,-0.00016930087061542334,0.0014666613110290818,-0.8722164831086078,-5.657350393534503
JFJ,2018-12-05 11:00:00,-6.4139432798782865,0.050210615932022654,0.002110878376034761,0.05520383218641891,-0.00016930087061542334,0.0014666613110290818,-0.8722164831086078,-5.657350393534503
JFJ,2018-12-06 11:00:00,-6.4139432798782865,0.050210615932022654,0.002110878376034761,0.05520383218641891,-0.00016930087061542334,0.0014666613110290818,-0.8722164831086078,-5.657350393534503
JFJ,2018-12-07 11:00:00,-6.4139432798782865,0.050210615932022654,0.002110878376034761,0.05520383218641891,-0.00016930087061542334,0.0014666613110290818,-0.8722164831086078,-5.657350393534503
JFJ,2018-12-08 11:00:00,-6.4139432798782865,0.050210615932022654,0.002110878376034761,0.05520383218641891,-0.00016930087061542334,0.0014666613110290818,-0.8722164831086078,-5.657350393534503
JFJ,2018-12-09 11:00:00,-6.4139432798782865,0.050210615932022654,0.002110878376034761,0.05520383218641891,-0.00016930087061542334,0.0014666613110290818,-0.8722164831086078,-5.657350393534503
JFJ,2018-12-10 11:00:00,-6.4139432798782865,0.050210615932022654,0.002110878376034761,0.05520383218641891,-0.00016930087061542334,0.0014666613110290818,-0.8722164831086078,-5.657350393534503
JFJ,2018-12-11 11:00:00,-6.4139432798782865,0.050210615932022654,0.002110878376034761,0.05520383218641891,-0.00016930087061542334,0.0014666613110290818,-0.8722164831086078,-5.657350393534503
JFJ,2018-12-12 11:00:00,-6.4139432798782865,0.050210615932022654,0.002110878376034761,0.05520383218641891,-0.00016930087061542334,0.0014666613110290818,-0.8722164831086078,-5.657350393534503
JFJ,2018-12-13 11:00:00,-6.4139432798782865,0.050210615932022654,0.002110878376034761,0.05520383218641891,-0.00016930087061542334,0.0014666613110290818,-0.8722164831086078,-5.657350393534503
JFJ,2018-12-14 11:00:00,-6.4139432798782865,0.050210615932022654,0.002110878376034761,0.05520383218641891,-0.00016930087061542334,0.0014666613110290818,-0.8722164831086078,-5.657350393534503
JFJ,2018-12-15 11:00:00,-6.4139432798782865,0.050210615932022654,0.002110878376034761,0.05520383218641891,-0.00016930087061542334,0.0014666613110290818,-0.8722164831086078,-5.657350393534503
JFJ,2018-12-16 11:00:00,-6.4139432798782865,0.050210615932022654,0.002110878376034761,0.05520383218641891,-0.00016930087061542334,0.0014666613110290818,-0.8722164831086078,-5.657350393534503
JFJ,2018-12-17 11:00:00,-6.4139432798782865,0.050210615932022654,0.002110878376034761,0.05520383218641891,-0.00016930087061542334,0.0014666613110290818,-0.8722164831086078,-5.657350393534503
JFJ,2018-12-17 11:00:00,-6.077732089208931,0.2022107581897165,0.00434324815861172,0.014749102747975107,-4.095162687153976e-05,0.00046450064849360616,-0.39520288322933117,-5.90889659272011
JFJ,2018-12-18 11:00:00,-6.077732089208931,0.2022107581897165,0.00434324815861172,0.014749102747975107,-4.095162687153976e-05,0.00046450064849360616,-0.39520288322933117,-5.90889659272011
JFJ,2018-12-19 11:00:00,-6.077732089208931,0.2022107581897165,0.00434324815861172,0.014749102747975107,-4.095162687153976e-05,0.00046450064849360616,-0.39520288322933117,-5.90889659272011
JFJ,2018-12-20 11:00:00,-6.077732089208931,0.2022107581897165,0.00434324815861172,0.014749102747975107,-4.095162687153976e-05,0.00046450064849360616,-0.39520288322933117,-5.90889659272011
JFJ,2018-12-21 11:00:00,-6.077732089208931,0.2022107581897165,0.00434324815861172,0.014749102747975107,-4.095162687153976e-05,0.00046450064849360616,-0.39520288322933117,-5.90889659272011
JFJ,2018-12-22 11:00:00,-6.077732089208931,0.2022107581897165,0.00434324815861172,0.014749102747975107,-4.095162687153976e-05,0.00046450064849360616,-0.39520288322933117,-5.90889659272011
JFJ,2018-12-23 11:00:00,-6.077732089208931,0.2022107581897165,0.00434324815861172,0.014749102747975107,-4.095162687153976e-05,0.00046450064849360616,-0.39520288322933117,-5.90889659272011
JFJ,2018-12-24 11:00:00,-6.077732089208931,0.2022107581897165,0.00434324815861172,0.014749102747975107,-4.095162687153976e-05,0.00046450064849360616,-0.39520288322933117,-5.90889659272011
JFJ,2018-12-25 11:00:00,-6.077732089208931,0.2022107581897165,0.00434324815861172,0.014749102747975107,-4.095162687153976e-05,0.00046450064849360616,-0.39520288322933117,-5.90889659272011
JFJ,2018-12-26 11:00:00,-6.077732089208931,0.2022107581897165,0.00434324815861172,0.014749102747975107,-4.095162687153976e-05,0.00046450064849360616,-0.39520288322933117,-5.90889659272011
JFJ,2018-12-27 11:00:00,-6.077732089208931,0.2022107581897165,0.00434324815861172,0.014749102747975107,-4.095162687153976e-05,0.00046450064849360616,-0.39520288322933117,-5.90889659272011
JFJ,2018-12-28 11:00:00,-6.077732089208931,0.2022107581897165,0.00434324815861172,0.014749102747975107,-4.095162687153976e-05,0.00046450064849360616,-0.39520288322933117,-5.90889659272011
JFJ,2018-12-29 11:00:00,-6.077732089208931,0.2022107581897165,0.00434324815861172,0.014749102747975107,-4.095162687153976e-05,0.00046450064849360616,-0.39520288322933117,-5.90889659272011
JFJ,2018-12-30 11:00:00,-6.077732089208931,0.2022107581897165,0.00434324815861172,0.014749102747975107,-4.095162687153976e-05,0.00046450064849360616,-0.39520288322933117,-5.90889659272011
JFJ,2018-12-31 11:00:00,-6.077732089208931,0.2022107581897165,0.00434324815861172,0.014749102747975107,-4.095162687153976e-05,0.00046450064849360616,-0.39520288322933117,-5.90889659272011
JFJ,2018-12-31 11:00:00,-6.466017546715707,0.04215915402997764,0.0014399274869069762,0.0061433119436850765,-1.4338156037420614e-05,6.649116180967766e-05,-0.1157051857538207,-6.401165498348575
JFJ,2019-01-01 11:00:00,-6.466017546715707,0.04215915402997764,0.0014399274869069762,0.0061433119436850765,-1.4338156037420614e-05,6.649116180967766e-05,-0.1157051857538207,-6.401165498348575
JFJ,2019-01-02 11:00:00,-6.466017546715707,0.04215915402997764,0.0014399274869069762,0.0061433119436850765,-1.4338156037420614e-05,6.649116180967766e-05,-0.1157051857538207,-6.401165498348575
JFJ,2019-01-03 11:00:00,-6.466017546715707,0.04215915402997764,0.0014399274869069762,0.0061433119436850765,-1.4338156037420614e-05,6.649116180967766e-05,-0.1157051857538207,-6.401165498348575
JFJ,2019-01-04 11:00:00,-6.466017546715707,0.04215915402997764,0.0014399274869069762,0.0061433119436850765,-1.4338156037420614e-05,6.649116180967766e-05,-0.1157051857538207,-6.401165498348575
JFJ,2019-01-05 11:00:00,-6.466017546715707,0.04215915402997764,0.0014399274869069762,0.0061433119436850765,-1.4338156037420614e-05,6.649116180967766e-05,-0.1157051857538207,-6.401165498348575
JFJ,2019-01-06 11:00:00,-6.466017546715707,0.04215915402997764,0.0014399274869069762,0.0061433119436850765,-1.4338156037420614e-05,6.649116180967766e-05,-0.1157051857538207,-6.401165498348575
JFJ,2019-01-07 11:00:00,-6.466017546715707,0.04215915402997764,0.0014399274869069762,0.0061433119436850765,-1.4338156037420614e-05,6.649116180967766e-05,-0.1157051857538207,-6.401165498348575
JFJ,2019-01-08 11:00:00,-6.466017546715707,0.04215915402997764,0.0014399274869069762,0.0061433119436850765,-1.4338156037420614e-05,6.649116180967766e-05,-0.1157051857538207,-6.401165498348575
JFJ,2019-01-09 11:00:00,-6.466017546715707,0.04215915402997764,0.0014399274869069762,0.0061433119436850765,-1.4338156037420614e-05,6.649116180967766e-05,-0.1157051857538207,-6.401165498348575
JFJ,2019-01-10 11:00:00,-6.466017546715707,0.04215915402997764,0.0014399274869069762,0.0061433119436850765,-1.4338156037420614e-05,6.649116180967766e-05,-0.1157051857538207,-6.401165498348575
JFJ,2019-01-11 11:00:00,-6.466017546715707,0.04215915402997764,0.0014399274869069762,0.0061433119436850765,-1.4338156037420614e-05,6.649116180967766e-05,-0.1157051857538207,-6.401165498348575
JFJ,2019-01-12 11:00:00,-6.466017546715707,0.04215915402997764,0.0014399274869069762,0.0061433119436850765,-1.4338156037420614e-05,6.649116180967766e-05,-0.1157051857538207,-6.401165498348575
JFJ,2019-01-13 11:00:00,-6.466017546715707,0.04215915402997764,0.0014399274869069762,0.0061433119436850765,-1.4338156037420614e-05,6.649116180967766e-05,-0.1157051857538207,-6.401165498348575
JFJ,2019-01-14 11:00:00,-6.466017546715707,0.04215915402997764,0.0014399274869069762,0.0061433119436850765,-1.4338156037420614e-05,6.649116180967766e-05,-0.1157051857538207,-6.401165498348575
KIT,2018-01-01 11:00:00,-5.75003111160827,12.12826269794835,0.021989061607413932,0.2570635061812229,-0.0007642293144632427,0.0569086565603807,-19.626656494468893,1.4513681400491028
KIT,2018-01-02 11:00:00,-5.75003111160827,12.12826269794835,0.021989061607413932,0.2570635061812229,-0.0007642293144632427,0.0569086565603807,-19.626656494468893,1.4513681400491028
KIT,2018-01-03 11:00:00,-5.75003111160827,12.12826269794835,0.021989061607413932,0.2570635061812229,-0.0007642293144632427,0.0569086565603807,-19.626656494468893,1.4513681400491028
KIT,2018-01-04 11:00:00,-5.75003111160827,12.12826269794835,0.021989061607413932,0.2570635061812229,-0.0007642293144632427,0.0569086565603807,-19.626656494468893,1.4513681400491028
KIT,2018-01-05 11:00:00,-5.75003111160827,12.12826269794835,0.021989061607413932,0.2570635061812229,-0.0007642293144632427,0.0569086565603807,-19.626656494468893,1.4513681400491028
KIT,2018-01-06 11:00:00,-5.75003111160827,12.12826269794835,0.021989061607413932,0.2570635061812229,-0.0007642293144632427,0.0569086565603807,-19.626656494468893,1.4513681400491028
KIT,2018-01-07 11:00:00,-5.75003111160827,12.12826269794835,0.021989061607413932,0.2570635061812229,-0.0007642293144632427,0.0569086565603807,-19.626656494468893,1.4513681400491028
KIT,2018-01-08 11:00:00,-5.75003111160827,12.12826269794835,0.021989061607413932,0.2570635061812229,-0.0007642293144632427,0.0569086565603807,-19.626656494468893,1.4513681400491028
KIT,2018-01-09 11:00:00,-5.75003111160827,12.12826269794835,0.021989061607413932,0.2570635061812229,-0.0007642293144632427,0.0569086565603807,-19.626656494468893,1.4513681400491028
KIT,2018-01-10 11:00:00,-5.75003111160827,12.12826269794835,0.021989061607413932,0.2570635061812229,-0.0007642293144632427,0.0569086565603807,-19.626656494468893,1.4513681400491028
KIT,2018-01-11 11:00:00,-5.75003111160827,12.12826269794835,0.021989061607413932,0.2570635061812229,-0.0007642293144632427,0.0569086565603807,-19.626656494468893,1.4513681400491028
KIT,2018-01-12 11:00:00,-5.75003111160827,12.12826269794835,0.021989061607413932,0.2570635061812229,-0.0007642293144632427,0.0569086565603807,-19.626656494468893,1.4513681400491028
KIT,2018-01-13 11:00:00,-5.75003111160827,12.12826269794835,0.021989061607413932,0.2570635061812229,-0.0007642293144632427,0.0569086565603807,-19.626656494468893,1.4513681400491028
KIT,2018-01-14 11:00:00,-5.75003111160827,12.12826269794835,0.021989061607413932,0.2570635061812229,-0.0007642293144632427,0.0569086565603807,-19.626656494468893,1.4513681400491028
KIT,2018-01-15 11:00:00,-5.75003111160827,12.12826269794835,0.021989061607413932,0.2570635061812229,-0.0007642293144632427,0.0569086565603807,-19.626656494468893,1.4513681400491028
KIT,2018-01-15 11:00:00,-12.746934691129878,4.026847715007185,0.00614036465859202,0.3208339573351254,-0.000818953883159561,0.06280617455982873,-17.82480463375695,0.6802978935405519
KIT,2018-01-16 11:00:00,-12.746934691129878,4.026847715007185,0.00614036465859202,0.3208339573351254,-0.000818953883159561,0.06280617455982873,-17.82480463375695,0.6802978935405519
KIT,2018-01-17 11:00:00,-12.746934691129878,4.026847715007185,0.00614036465859202,0.3208339573351254,-0.000818953883159561,0.06280617455982873,-17.82480463375695,0.6802978935405519
KIT,2018-01-18 11:00:00,-12.746934691129878,4.026847715007185,0.00614036465859202,0.3208339573351254,-0.000818953883159561,0.06280617455982873,-17.82480463375695,0.6802978935405519
KIT,2018-01-19 11:00:00,-12.746934691129878,4.026847715007185,0.00614036465859202,0.3208339573351254,-0.000818953883159561,0.06280617455982873,-17.82480463375695,0.6802978935405519
KIT,2018-01-20 11:00:00,-12.746934691129878,4.026847715007185,0.00614036465859202,0.3208339573351254,-0.000818953883159561,0.06280617455982873,-17.82480463375695,0.6802978935405519
KIT,2018-01-21 11:00:00,-12.746934691129878,4.026847715007185,0.00614036465859202,0.3208339573351254,-0.000818953883159561,0.06280617455982873,-17.82480463375695,0.6802978935405519
KIT,2018-01-22 11:00:00,-12.746934691129878,4.026847715007185,0.00614036465859202,0.3208339573351254,-0.000818953883159561,0.06280617455982873,-17.82480463375695,0.6802978935405519
KIT,2018-01-23 11:00:00,-12.746934691129878,4.026847715007185,0.00614036465859202,0.3208339573351254,-0.000818953883159561,0.06280617455982873,-17.82480463375695,0.6802978935405519
KIT,2018-01-24 11:00:00,-12.746934691129878,4.026847715007185,0.00614036465859202,0.3208339573351254,-0.000818953883159561,0.06280617455982873,-17.82480463375695,0.6802978935405519
KIT,2018-01-25 11:00:00,-12.746934691129878,4.026847715007185,0.00614036465859202,0.3208339573351254,-0.000818953883159561,0.06280617455982873,-17.82480463375695,0.6802978935405519
KIT,2018-01-26 11:00:00,-12.746934691129878,4.026847715007185,0.00614036465859202,0.3208339573351254,-0.000818953883159561,0.06280617455982873,-17.82480463375695,0.6802978935405519
KIT,2018-01-27 11:00:00,-12.746934691129878,4.026847715007185,0.00614036465859202,0.3208339573351254,-0.000818953883159561,0.06280617455982873,-17.82480463375695,0.6802978935405519
KIT,2018-01-28 11:00:00,-12.746934691129878,4.026847715007185,0.00614036465859202,0.3208339573351254,-0.000818953883159561,0.06280617455982873,-17.82480463375695,0.6802978935405519
KIT,2018-01-29 11:00:00,-12.746934691129878,4.026847715007185,0.00614036465859202,0.3208339573351254,-0.000818953883159561,0.06280617455982873,-17.82480463375695,0.6802978935405519
KIT,2018-01-29 11:00:00,-8.337223291901202,3.6363026073234734,0.011727458166539983,0.17070748672507605,-0.0005602309056757883,0.04068706845570233,-11.80704377762985,-0.3960228271915686
KIT,2018-01-30 11:00:00,-8.337223291901202,3.6363026073234734,0.011727458166539983,0.17070748672507605,-0.0005602309056757883,0.04068706845570233,-11.80704377762985,-0.3960228271915686
KIT,2018-01-31 11:00:00,-8.337223291901202,3.6363026073234734,0.011727458166539983,0.17070748672507605,-0.0005602309056757883,0.04068706845570233,-11.80704377762985,-0.3960228271915686
KIT,2018-02-01 11:00:00,-8.337223291901202,3.6363026073234734,0.011727458166539983,0.17070748672507605,-0.0005602309056757883,0.04068706845570233,-11.80704377762985,-0.3960228271915686
KIT,2018-02-02 11:00:00,-8.337223291901202,3.6363026073234734,0.011727458166539983,0.17070748672507605,-0.0005602309056757883,0.04068706845570233,-11.80704377762985,-0.3960228271915686
KIT,2018-02-03 11:00:00,-8.337223291901202,3.6363026073234734,0.011727458166539983,0.17070748672507605,-0.0005602309056757883,0.04068706845570233,-11.80704377762985,-0.3960228271915686
KIT,2018-02-04 11:00:00,-8.337223291901202,3.6363026073234734,0.011727458166539983,0.17070748672507605,-0.0005602309056757883,0.04068706845570233,-11.80704377762985,-0.3960228271915686
KIT,2018-02-05 11:00:00,-8.337223291901202,3.6363026073234734,0.011727458166539983,0.17070748672507605,-0.0005602309056757883,0.04068706845570233,-11.80704377762985,-0.3960228271915686
KIT,2018-02-06 11:00:00,-8.337223291901202,3.6363026073234734,0.011727458166539983,0.17070748672507605,-0.0005602309056757883,0.04068706845570233,-11.80704377762985,-0.3960228271915686
KIT,2018-02-07 11:00:00,-8.337223291901202,3.6363026073234734,0.011727458166539983,0.17070748672507605,-0.0005602309056757883,0.04068706845570233,-11.80704377762985,-0.3960228271915686
KIT,2018-02-08 11:00:00,-8.337223291901202,3.6363026073234734,0.011727458166539983,0.17070748672507605,-0.0005602309056757883,0.04068706845570233,-11.80704377762985,-0.3960228271915686
KIT,2018-02-09 11:00:00,-8.337223291901202,3.6363026073234734,0.011727458166539983,0.17070748672507605,-0.0005602309056757883,0.04068706845570233,-11.80704377762985,-0.3960228271915686
KIT,2018-02-10 11:00:00,-8.337223291901202,3.6363026073234734,0.011727458166539983,0.17070748672507605,-0.0005602309056757883,0.04068706845570233,-11.80704377762985,-0.3960228271915686
KIT,2018-02-11 11:00:00,-8.337223291901202,3.6363026073234734,0.011727458166539983,0.17070748672507605,-0.0005602309056757883,0.04068706845570233,-11.80704377762985,-0.3960228271915686
KIT,2018-02-12 11:00:00,-8.337223291901202,3.6363026073234734,0.011727458166539983,0.17070748672507605,-0.0005602309056757883,0.04068706845570233,-11.80704377762985,-0.3960228271915686
KIT,2018-02-12 11:00:00,-16.979234910671448,5.541947044104531,0.009061350539117346,0.4007567229371661,-0.0005866113630914087,0.07860930554528223,-22.451507763512122,-0.576934009770887
KIT,2018-02-13 11:00:00,-16.979234910671448,5.541947044104531,0.009061350539117346,0.4007567229371661,-0.0005866113630914087,0.07860930554528223,-22.451507763512122,-0.576934009770887
KIT,2018-02-14 11:00:00,-16.979234910671448,5.541947044104531,0.009061350539117346,0.4007567229371661,-0.0005866113630914087,0.07860930554528223,-22.451507763512122,-0.576934009770887
KIT,2018-02-15 11:00:00,-16.979234910671448,5.541947044104531,0.009061350539117346,0.4007567229371661,-0.0005866113630914087,0.07860930554528223,-22.451507763512122,-0.576934009770887
KIT,2018-02-16 11:00:00,-16.979234910671448,5.541947044104531,0.009061350539117346,0.4007567229371661,-0.0005866113630914087,0.07860930554528223,-22.451507763512122,-0.576934009770887
KIT,2018-02-17 11:00:00,-16.979234910671448,5.541947044104531,0.009061350539117346,0.4007567229371661,-0.0005866113630914087,0.07860930554528223,-22.451507763512122,-0.576934009770887
KIT,2018-02-18 11:00:00,-16.979234910671448,5.541947044104531,0.009061350539117346,0.4007567229371661,-0.0005866113630914087,0.07860930554528223,-22.451507763512122,-0.576934009770887
KIT,2018-02-19 11:00:00,-16.979234910671448,5.541947044104531,0.009061350539117346,0.4007567229371661,-0.0005866113630914087,0.07860930554528223,-22.451507763512122,-0.576934009770887
KIT,2018-02-20 11:00:00,-16.979234910671448,5.541947044104531,0.009061350539117346,0.4007567229371661,-0.0005866113630914087,0.07860930554528223,-22.451507763512122,-0.576934009770887
KIT,2018-02-21 11:00:00,-16.979234910671448,5.541947044104531,0.009061350539117346,0.4007567229371661,-0.0005866113630914087,0.07860930554528223,-22.451507763512122,-0.576934009770887
KIT,2018-02-22 11:00:00,-16.979234910671448,5.541947044104531,0.009061350539117346,0.4007567229371661,-0.0005866113630914087,0.07860930554528223,-22.451507763512122,-0.576934009770887
KIT,2018-02-23 11:00:00,-16.979234910671448,5.541947044104531,0.009061350539117346,0.4007567229371661,-0.0005866113630914087,0.07860930554528223,-22.451507763512122,-0.576934009770887
KIT,2018-02-24 11:00:00,-16.979234910671448,5.541947044104531,0.009061350539117346,0.4007567229371661,-0.0005866113630914087,0.07860930554528223,-22.451507763512122,-0.576934009770887
KIT,2018-02-25 11:00:00,-16.979234910671448,5.541947044104531,0.009061350539117346,0.4007567229371661,-0.0005866113630914087,0.07860930554528223,-22.451507763512122,-0.576934009770887
KIT,2018-02-26 11:00:00,-16.979234910671448,5.541947044104531,0.009061350539117346,0.4007567229371661,-0.0005866113630914087,0.07860930554528223,-22.451507763512122,-0.576934009770887
KIT,2018-02-26 11:00:00,-14.845040428331172,3.1827211916812326,0.005409337882753347,0.33243994815943495,-0.00013279925905445596,0.038400159266482686,-16.94688359394702,-1.4904298946490186
KIT,2018-02-27 11:00:00,-14.845040428331172,3.1827211916812326,0.005409337882753347,0.33243994815943495,-0.00013279925905445596,0.038400159266482686,-16.94688359394702,-1.4904298946490186
KIT,2018-02-28 11:00:00,-14.845040428331172,3.1827211916812326,0.005409337882753347,0.33243994815943495,-0.00013279925905445596,0.038400159266482686,-16.94688359394702,-1.4904298946490186
KIT,2018-03-01 11:00:00,-14.845040428331172,3.1827211916812326,0.005409337882753347,0.33243994815943495,-0.00013279925905445596,0.038400159266482686,-16.94688359394702,-1.4904298946490186
KIT,2018-03-02 11:00:00,-14.845040428331172,3.1827211916812326,0.005409337882753347,0.33243994815943495,-0.00013279925905445596,0.038400159266482686,-16.94688359394702,-1.4904298946490186
KIT,2018-03-03 11:00:00,-14.845040428331172,3.1827211916812326,0.005409337882753347,0.33243994815943495,-0.00013279925905445596,0.038400159266482686,-16.94688359394702,-1.4904298946490186
KIT,2018-03-04 11:00:00,-14.845040428331172,3.1827211916812326,0.005409337882753347,0.33243994815943495,-0.00013279925905445596,0.038400159266482686,-16.94688359394702,-1.4904298946490186
KIT,2018-03-05 11:00:00,-14.845040428331172,3.1827211916812326,0.005409337882753347,0.33243994815943495,-0.00013279925905445596,0.038400159266482686,-16.94688359394702,-1.4904298946490186
KIT,2018-03-06 11:00:00,-14.845040428331172,3.1827211916812326,0.005409337882753347,0.33243994815943495,-0.00013279925905445596,0.038400159266482686,-16.94688359394702,-1.4904298946490186
KIT,2018-03-07 11:00:00,-14.845040428331172,3.1827211916812326,0.005409337882753347,0.33243994815943495,-0.00013279925905445596,0.038400159266482686,-16.94688359394702,-1.4904298946490186
KIT,2018-03-08 11:00:00,-14.845040428331172,3.1827211916812326,0.005409337882753347,0.33243994815943495,-0.00013279925905445596,0.038400159266482686,-16.94688359394702,-1.4904298946490186
KIT,2018-03-09 11:00:00,-14.845040428331172,3.1827211916812326,0.005409337882753347,0.33243994815943495,-0.00013279925905445596,0.038400159266482686,-16.94688359394702,-1.4904298946490186
KIT,2018-03-10 11:00:00,-14.845040428331172,3.1827211916812326,0.005409337882753347,0.33243994815943495,-0.00013279925905445596,0.038400159266482686,-16.94688359394702,-1.4904298946490186
KIT,2018-03-11 11:00:00,-14.845040428331172,3.1827211916812326,0.005409337882753347,0.33243994815943495,-0.00013279925905445596,0.038400159266482686,-16.94688359394702,-1.4904298946490186
KIT,2018-03-12 11:00:00,-14.845040428331172,3.1827211916812326,0.005409337882753347,0.33243994815943495,-0.00013279925905445596,0.038400159266482686,-16.94688359394702,-1.4904298946490186
KIT,2018-03-12 11:00:00,-11.48613411860939,2.9827157116156204,0.008659448555649133,0.4123038323047774,-0.00041455011692174596,0.014541572665407584,-13.360818416495663,-1.568426014754218
KIT,2018-03-13 11:00:00,-11.48613411860939,2.9827157116156204,0.008659448555649133,0.4123038323047774,-0.00041455011692174596,0.014541572665407584,-13.360818416495663,-1.568426014754218
KIT,2018-03-14 11:00:00,-11.48613411860939,2.9827157116156204,0.008659448555649133,0.4123038323047774,-0.00041455011692174596,0.014541572665407584,-13.360818416495663,-1.568426014754218
KIT,2018-03-15 11:00:00,-11.48613411860939,2.9827157116156204,0.008659448555649133,0.4123038323047774,-0.00041455011692174596,0.014541572665407584,-13.360818416495663,-1.568426014754218
KIT,2018-03-16 11:00:00,-11.48613411860939,2.9827157116156204,0.008659448555649133,0.4123038323047774,-0.00041455011692174596,0.014541572665407584,-13.360818416495663,-1.568426014754218
KIT,2018-03-17 11:00:00,-11.48613411860939,2.9827157116156204,0.008659448555649133,0.4123038323047774,-0.00041455011692174596,0.014541572665407584,-13.360818416495663,-1.568426014754218
KIT,2018-03-18 11:00:00,-11.48613411860939,2.9827157116156204,0.008659448555649133,0.4123038323047774,-0.00041455011692174596,0.014541572665407584,-13.360818416495663,-1.568426014754218
KIT,2018-03-19 11:00:00,-11.48613411860939,2.9827157116156204,0.008659448555649133,0.4123038323047774,-0.00041455011692174596,0.014541572665407584,-13.360818416495663,-1.568426014754218
KIT,2018-03-20 11:00:00,-11.48613411860939,2.9827157116156204,0.008659448555649133,0.4123038323047774,-0.00041455011692174596,0.014541572665407584,-13.360818416495663,-1.568426014754218
KIT,2018-03-21 11:00:00,-11.48613411860939,2.9827157116156204,0.008659448555649133,0.4123038323047774,-0.00041455011692174596,0.014541572665407584,-13.360818416495663,-1.568426014754218
KIT,2018-03-22 11:00:00,-11.48613411860939,2.9827157116156204,0.008659448555649133,0.4123038323047774,-0.00041455011692174596,0.014541572665407584,-13.360818416495663,-1.568426014754218
KIT,2018-03-23 11:00:00,-11.48613411860939,2.9827157116156204,0.008659448555649133,0.4123038323047774,-0.00041455011692174596,0.014541572665407584,-13.360818416495663,-1.568426014754218
KIT,2018-03-24 11:00:00,-11.48613411860939,2.9827157116156204,0.008659448555649133,0.4123038323047774,-0.00041455011692174596,0.014541572665407584,-13.360818416495663,-1.568426014754218
KIT,2018-03-25 11:00:00,-11.48613411860939,2.9827157116156204,0.008659448555649133,0.4123038323047774,-0.00041455011692174596,0.014541572665407584,-13.360818416495663,-1.568426014754218
KIT,2018-03-26 11:00:00,-11.48613411860939,2.9827157116156204,0.008659448555649133,0.4123038323047774,-0.00041455011692174596,0.014541572665407584,-13.360818416495663,-1.568426014754218
KIT,2018-03-26 11:00:00,-11.107194148941579,3.896665990990162,0.008994722227602637,0.3412666845894578,-0.0005180697451537002,0.012549226370281559,-14.315639753643781,-1.0691035540406009
KIT,2018-03-27 11:00:00,-11.107194148941579,3.896665990990162,0.008994722227602637,0.3412666845894578,-0.0005180697451537002,0.012549226370281559,-14.315639753643781,-1.0691035540406009
KIT,2018-03-28 11:00:00,-11.107194148941579,3.896665990990162,0.008994722227602637,0.3412666845894578,-0.0005180697451537002,0.012549226370281559,-14.315639753643781,-1.0691035540406009
KIT,2018-03-29 11:00:00,-11.107194148941579,3.896665990990162,0.008994722227602637,0.3412666845894578,-0.0005180697451537002,0.012549226370281559,-14.315639753643781,-1.0691035540406009
KIT,2018-03-30 11:00:00,-11.107194148941579,3.896665990990162,0.008994722227602637,0.3412666845894578,-0.0005180697451537002,0.012549226370281559,-14.315639753643781,-1.0691035540406009
KIT,2018-03-31 11:00:00,-11.107194148941579,3.896665990990162,0.008994722227602637,0.3412666845894578,-0.0005180697451537002,0.012549226370281559,-14.315639753643781,-1.0691035540406009
KIT,2018-04-01 11:00:00,-11.107194148941579,3.896665990990162,0.008994722227602637,0.3412666845894578,-0.0005180697451537002,0.012549226370281559,-14.315639753643781,-1.0691035540406009
KIT,2018-04-02 11:00:00,-11.107194148941579,3.896665990990162,0.008994722227602637,0.3412666845894578,-0.0005180697451537002,0.012549226370281559,-14.315639753643781,-1.0691035540406009
KIT,2018-04-03 11:00:00,-11.107194148941579,3.896665990990162,0.008994722227602637,0.3412666845894578,-0.0005180697451537002,0.012549226370281559,-14.315639753643781,-1.0691035540406009
KIT,2018-04-04 11:00:00,-11.107194148941579,3.896665990990162,0.008994722227602637,0.3412666845894578,-0.0005180697451537002,0.012549226370281559,-14.315639753643781,-1.0691035540406009
KIT,2018-04-05 11:00:00,-11.107194148941579,3.896665990990162,0.008994722227602637,0.3412666845894578,-0.0005180697451537002,0.012549226370281559,-14.315639753643781,-1.0691035540406009
KIT,2018-04-06 11:00:00,-11.107194148941579,3.896665990990162,0.008994722227602637,0.3412666845894578,-0.0005180697451537002,0.012549226370281559,-14.315639753643781,-1.0691035540406009
KIT,2018-04-07 11:00:00,-11.107194148941579,3.896665990990162,0.008994722227602637,0.3412666845894578,-0.0005180697451537002,0.012549226370281559,-14.315639753643781,-1.0691035540406009
KIT,2018-04-08 11:00:00,-11.107194148941579,3.896665990990162,0.008994722227602637,0.3412666845894578,-0.0005180697451537002,0.012549226370281559,-14.315639753643781,-1.0691035540406009
KIT,2018-04-09 11:00:00,-11.107194148941579,3.896665990990162,0.008994722227602637,0.3412666845894578,-0.0005180697451537002,0.012549226370281559,-14.315639753643781,-1.0691035540406009
KIT,2018-04-09 11:00:00,-7.368816766386164,4.601007159004869,0.011372388219271268,0.6269696146445823,-0.001041032814521788,0.009766799912802248,-11.692346359139782,-0.9374222362619816
KIT,2018-04-10 11:00:00,-7.368816766386164,4.601007159004869,0.011372388219271268,0.6269696146445823,-0.001041032814521788,0.009766799912802248,-11.692346359139782,-0.9374222362619816
KIT,2018-04-11 11:00:00,-7.368816766386164,4.601007159004869,0.011372388219271268,0.6269696146445823,-0.001041032814521788,0.009766799912802248,-11.692346359139782,-0.9374222362619816
KIT,2018-04-12 11:00:00,-7.368816766386164,4.601007159004869,0.011372388219271268,0.6269696146445823,-0.001041032814521788,0.009766799912802248,-11.692346359139782,-0.9374222362619816
KIT,2018-04-13 11:00:00,-7.368816766386164,4.601007159004869,0.011372388219271268,0.6269696146445823,-0.001041032814521788,0.009766799912802248,-11.692346359139782,-0.9374222362619816
KIT,2018-04-14 11:00:00,-7.368816766386164,4.601007159004869,0.011372388219271268,0.6269696146445823,-0.001041032814521788,0.009766799912802248,-11.692346359139782,-0.9374222362619816
KIT,2018-04-15 11:00:00,-7.368816766386164,4.601007159004869,0.011372388219271268,0.6269696146445823,-0.001041032814521788,0.009766799912802248,-11.692346359139782,-0.9374222362619816
KIT,2018-04-16 11:00:00,-7.368816766386164,4.601007159004869,0.011372388219271268,0.6269696146445823,-0.001041032814521788,0.009766799912802248,-11.692346359139782,-0.9374222362619816
KIT,2018-04-17 11:00:00,-7.368816766386164,4.601007159004869,0.011372388219271268,0.6269696146445823,-0.001041032814521788,0.009766799912802248,-11.692346359139782,-0.9374222362619816
KIT,2018-04-18 11:00:00,-7.368816766386164,4.601007159004869,0.011372388219271268,0.6269696146445823,-0.001041032814521788,0.009766799912802248,-11.692346359139782,-0.9374222362619816
KIT,2018-04-19 11:00:00,-7.368816766386164,4.601007159004869,0.011372388219271268,0.6269696146445823,-0.001041032814521788,0.009766799912802248,-11.692346359139782,-0.9374222362619816
KIT,2018-04-20 11:00:00,-7.368816766386164,4.601007159004869,0.011372388219271268,0.6269696146445823,-0.001041032814521788,0.009766799912802248,-11.692346359139782,-0.9374222362619816
KIT,2018-04-21 11:00:00,-7.368816766386164,4.601007159004869,0.011372388219271268,0.6269696146445823,-0.001041032814521788,0.009766799912802248,-11.692346359139782,-0.9374222362619816
KIT,2018-04-22 11:00:00,-7.368816766386164,4.601007159004869,0.011372388219271268,0.6269696146445823,-0.001041032814521788,0.009766799912802248,-11.692346359139782,-0.9374222362619816
KIT,2018-04-23 11:00:00,-7.368816766386164,4.601007159004869,0.011372388219271268,0.6269696146445823,-0.001041032814521788,0.009766799912802248,-11.692346359139782,-0.9374222362619816
KIT,2018-04-23 11:00:00,-13.688675872629108,3.5769155976593434,0.008073340368590648,1.1736706233942333,-0.0010520106238370078,-0.028539322079016292,-16.842375998213985,-1.5924009687193583
KIT,2018-04-24 11:00:00,-13.688675872629108,3.5769155976593434,0.008073340368590648,1.1736706233942333,-0.0010520106238370078,-0.028539322079016292,-16.842375998213985,-1.5924009687193583
KIT,2018-04-25 11:00:00,-13.688675872629108,3.5769155976593434,0.008073340368590648,1.1736706233942333,-0.0010520106238370078,-0.028539322079016292,-16.842375998213985,-1.5924009687193583
KIT,2018-04-26 11:00:00,-13.688675872629108,3.5769155976593434,0.008073340368590648,1.1736706233942333,-0.0010520106238370078,-0.028539322079016292,-16.842375998213985,-1.5924009687193583
KIT,2018-04-27 11:00:00,-13.688675872629108,3.5769155976593434,0.008073340368590648,1.1736706233942333,-0.0010520106238370078,-0.028539322079016292,-16.842375998213985,-1.5924009687193583
KIT,2018-04-28 11:00:00,-13.688675872629108,3.5769155976593434,0.008073340368590648,1.1736706233942333,-0.0010520106238370078,-0.028539322079016292,-16.842375998213985,-1.5924009687193583
KIT,2018-04-29 11:00:00,-13.688675872629108,3.5769155976593434,0.008073340368590648,1.1736706233942333,-0.0010520106238370078,-0.028539322079016292,-16.842375998213985,-1.5924009687193583
KIT,2018-04-30 11:00:00,-13.688675872629108,3.5769155976593434,0.008073340368590648,1.1736706233942333,-0.0010520106238370078,-0.028539322079016292,-16.842375998213985,-1.5924009687193583
KIT,2018-05-01 11:00:00,-13.688675872629108,3.5769155976593434,0.008073340368590648,1.1736706233942333,-0.0010520106238370078,-0.028539322079016292,-16.842375998213985,-1.5924009687193583
KIT,2018-05-02 11:00:00,-13.688675872629108,3.5769155976593434,0.008073340368590648,1.1736706233942333,-0.0010520106238370078,-0.028539322079016292,-16.842375998213985,-1.5924009687193583
KIT,2018-05-03 11:00:00,-13.688675872629108,3.5769155976593434,0.008073340368590648,1.1736706233942333,-0.0010520106238370078,-0.028539322079016292,-16.842375998213985,-1.5924009687193583
KIT,2018-05-04 11:00:00,-13.688675872629108,3.5769155976593434,0.008073340368590648,1.1736706233942333,-0.0010520106238370078,-0.028539322079016292,-16.842375998213985,-1.5924009687193583
KIT,2018-05-05 11:00:00,-13.688675872629108,3.5769155976593434,0.008073340368590648,1.1736706233942333,-0.0010520106238370078,-0.028539322079016292,-16.842375998213985,-1.5924009687193583
KIT,2018-05-06 11:00:00,-13.688675872629108,3.5769155976593434,0.008073340368590648,1.1736706233942333,-0.0010520106238370078,-0.028539322079016292,-16.842375998213985,-1.5924009687193583
KIT,2018-05-07 11:00:00,-13.688675872629108,3.5769155976593434,0.008073340368590648,1.1736706233942333,-0.0010520106238370078,-0.028539322079016292,-16.842375998213985,-1.5924009687193583
KIT,2018-05-07 11:00:00,-4.396716500165551,4.509359649244041,0.00790448006526887,0.7532514783543568,-0.0014216345092832729,-0.01996103822215021,-7.772210018650234,-1.8803183555451977
KIT,2018-05-08 11:00:00,-4.396716500165551,4.509359649244041,0.00790448006526887,0.7532514783543568,-0.0014216345092832729,-0.01996103822215021,-7.772210018650234,-1.8803183555451977
KIT,2018-05-09 11:00:00,-4.396716500165551,4.509359649244041,0.00790448006526887,0.7532514783543568,-0.0014216345092832729,-0.01996103822215021,-7.772210018650234,-1.8803183555451977
KIT,2018-05-10 11:00:00,-4.396716500165551,4.509359649244041,0.00790448006526887,0.7532514783543568,-0.0014216345092832729,-0.01996103822215021,-7.772210018650234,-1.8803183555451977
KIT,2018-05-11 11:00:00,-4.396716500165551,4.509359649244041,0.00790448006526887,0.7532514783543568,-0.0014216345092832729,-0.01996103822215021,-7.772210018650234,-1.8803183555451977
KIT,2018-05-12 11:00:00,-4.396716500165551,4.509359649244041,0.00790448006526887,0.7532514783543568,-0.0014216345092832729,-0.01996103822215021,-7.772210018650234,-1.8803183555451977
KIT,2018-05-13 11:00:00,-4.396716500165551,4.509359649244041,0.00790448006526887,0.7532514783543568,-0.0014216345092832729,-0.01996103822215021,-7.772210018650234,-1.8803183555451977
KIT,2018-05-14 11:00:00,-4.396716500165551,4.509359649244041,0.00790448006526887,0.7532514783543568,-0.0014216345092832729,-0.01996103822215021,-7.772210018650234,-1.8803183555451977
KIT,2018-05-15 11:00:00,-4.396716500165551,4.509359649244041,0.00790448006526887,0.7532514783543568,-0.0014216345092832729,-0.01996103822215021,-7.772210018650234,-1.8803183555451977
KIT,2018-05-16 11:00:00,-4.396716500165551,4.509359649244041,0.00790448006526887,0.7532514783543568,-0.0014216345092832729,-0.01996103822215021,-7.772210018650234,-1.8803183555451977
KIT,2018-05-17 11:00:00,-4.396716500165551,4.509359649244041,0.00790448006526887,0.7532514783543568,-0.0014216345092832729,-0.01996103822215021,-7.772210018650234,-1.8803183555451977
KIT,2018-05-18 11:00:00,-4.396716500165551,4.509359649244041,0.00790448006526887,0.7532514783543568,-0.0014216345092832729,-0.01996103822215021,-7.772210018650234,-1.8803183555451977
KIT,2018-05-19 11:00:00,-4.396716500165551,4.509359649244041,0.00790448006526887,0.7532514783543568,-0.0014216345092832729,-0.01996103822215021,-7.772210018650234,-1.8803183555451977
KIT,2018-05-20 11:00:00,-4.396716500165551,4.509359649244041,0.00790448006526887,0.7532514783543568,-0.0014216345092832729,-0.01996103822215021,-7.772210018650234,-1.8803183555451977
KIT,2018-05-21 11:00:00,-4.396716500165551,4.509359649244041,0.00790448006526887,0.7532514783543568,-0.0014216345092832729,-0.01996103822215021,-7.772210018650234,-1.8803183555451977
KIT,2018-05-21 11:00:00,-10.724316358563737,4.969074826697013,0.0034759452030812435,1.4001325422121669,-0.001920926168297105,-0.029641544006213653,-15.649278123566129,-1.431422622259466
KIT,2018-05-22 11:00:00,-10.724316358563737,4.969074826697013,0.0034759452030812435,1.4001325422121669,-0.001920926168297105,-0.029641544006213653,-15.649278123566129,-1.431422622259466
KIT,2018-05-23 11:00:00,-10.724316358563737,4.969074826697013,0.0034759452030812435,1.4001325422121669,-0.001920926168297105,-0.029641544006213653,-15.649278123566129,-1.431422622259466
KIT,2018-05-24 11:00:00,-10.724316358563737,4.969074826697013,0.0034759452030812435,1.4001325422121669,-0.001920926168297105,-0.029641544006213653,-15.649278123566129,-1.431422622259466
KIT,2018-05-25 11:00:00,-10.724316358563737,4.969074826697013,0.0034759452030812435,1.4001325422121669,-0.001920926168297105,-0.029641544006213653,-15.649278123566129,-1.431422622259466
KIT,2018-05-26 11:00:00,-10.724316358563737,4.969074826697013,0.0034759452030812435,1.4001325422121669,-0.001920926168297105,-0.029641544006213653,-15.649278123566129,-1.431422622259466
KIT,2018-05-27 11:00:00,-10.724316358563737,4.969074826697013,0.0034759452030812435,1.4001325422121669,-0.001920926168297105,-0.029641544006213653,-15.649278123566129,-1.431422622259466
KIT,2018-05-28 11:00:00,-10.724316358563737,4.969074826697013,0.0034759452030812435,1.4001325422121669,-0.001920926168297105,-0.029641544006213653,-15.649278123566129,-1.431422622259466
KIT,2018-05-29 11:00:00,-10.724316358563737,4.969074826697013,0.0034759452030812435,1.4001325422121669,-0.001920926168297105,-0.029641544006213653,-15.649278123566129,-1.431422622259466
KIT,2018-05-30 11:00:00,-10.724316358563737,4.969074826697013,0.0034759452030812435,1.4001325422121669,-0.001920926168297105,-0.029641544006213653,-15.649278123566129,-1.431422622259466
KIT,2018-05-31 11:00:00,-10.724316358563737,4.969074826697013,0.0034759452030812435,1.4001325422121669,-0.001920926168297105,-0.029641544006213653,-15.649278123566129,-1.431422622259466
KIT,2018-06-01 11:00:00,-10.724316358563737,4.969074826697013,0.0034759452030812435,1.4001325422121669,-0.001920926168297105,-0.029641544006213653,-15.649278123566129,-1.431422622259466
KIT,2018-06-02 11:00:00,-10.724316358563737,4.969074826697013,0.0034759452030812435,1.4001325422121669,-0.001920926168297105,-0.029641544006213653,-15.649278123566129,-1.431422622259466
KIT,2018-06-03 11:00:00,-10.724316358563737,4.969074826697013,0.0034759452030812435,1.4001325422121669,-0.001920926168297105,-0.029641544006213653,-15.649278123566129,-1.431422622259466
KIT,2018-06-04 11:00:00,-10.724316358563737,4.969074826697013,0.0034759452030812435,1.4001325422121669,-0.001920926168297105,-0.029641544006213653,-15.649278123566129,-1.431422622259466
KIT,2018-06-04 11:00:00,-14.346350083413439,5.90910431397022,0.009978491169378005,3.0736745264218066,-0.0017860246414005165,-0.11332274248185924,-21.659401289630257,-1.5700400605832048
KIT,2018-06-05 11:00:00,-14.346350083413439,5.90910431397022,0.009978491169378005,3.0736745264218066,-0.0017860246414005165,-0.11332274248185924,-21.659401289630257,-1.5700400605832048
KIT,2018-06-06 11:00:00,-14.346350083413439,5.90910431397022,0.009978491169378005,3.0736745264218066,-0.0017860246414005165,-0.11332274248185924,-21.659401289630257,-1.5700400605832048
KIT,2018-06-07 11:00:00,-14.346350083413439,5.90910431397022,0.009978491169378005,3.0736745264218066,-0.0017860246414005165,-0.11332274248185924,-21.659401289630257,-1.5700400605832048
KIT,2018-06-08 11:00:00,-14.346350083413439,5.90910431397022,0.009978491169378005,3.0736745264218066,-0.0017860246414005165,-0.11332274248185924,-21.659401289630257,-1.5700400605832048
KIT,2018-06-09 11:00:00,-14.346350083413439,5.90910431397022,0.009978491169378005,3.0736745264218066,-0.0017860246414005165,-0.11332274248185924,-21.659401289630257,-1.5700400605832048
KIT,2018-06-10 11:00:00,-14.346350083413439,5.90910431397022,0.009978491169378005,3.0736745264218066,-0.0017860246414005165,-0.11332274248185924,-21.659401289630257,-1.5700400605832048
KIT,2018-06-11 11:00:00,-14.346350083413439,5.90910431397022,0.009978491169378005,3.0736745264218066,-0.0017860246414005165,-0.11332274248185924,-21.659401289630257,-1.5700400605832048
KIT,2018-06-12 11:00:00,-14.346350083413439,5.90910431397022,0.009978491169378005,3.0736745264218066,-0.0017860246414005165,-0.11332274248185924,-21.659401289630257,-1.5700400605832048
KIT,2018-06-13 11:00:00,-14.346350083413439,5.90910431397022,0.009978491169378005,3.0736745264218066,-0.0017860246414005165,-0.11332274248185924,-21.659401289630257,-1.5700400605832048
KIT,2018-06-14 11:00:00,-14.346350083413439,5.90910431397022,0.009978491169378005,3.0736745264218066,-0.0017860246414005165,-0.11332274248185924,-21.659401289630257,-1.5700400605832048
KIT,2018-06-15 11:00:00,-14.346350083413439,5.90910431397022,0.009978491169378005,3.0736745264218066,-0.0017860246414005165,-0.11332274248185924,-21.659401289630257,-1.5700400605832048
KIT,2018-06-16 11:00:00,-14.346350083413439,5.90910431397022,0.009978491169378005,3.0736745264218066,-0.0017860246414005165,-0.11332274248185924,-21.659401289630257,-1.5700400605832048
KIT,2018-06-17 11:00:00,-14.346350083413439,5.90910431397022,0.009978491169378005,3.0736745264218066,-0.0017860246414005165,-0.11332274248185924,-21.659401289630257,-1.5700400605832048
KIT,2018-06-18 11:00:00,-14.346350083413439,5.90910431397022,0.009978491169378005,3.0736745264218066,-0.0017860246414005165,-0.11332274248185924,-21.659401289630257,-1.5700400605832048
KIT,2018-06-18 11:00:00,-15.312113201762267,5.4486498523156115,0.006273854114044851,2.77074941086448,-0.00150344603580493,-0.06958209001302845,-21.80263027462194,-1.6746603303829344
KIT,2018-06-19 11:00:00,-15.312113201762267,5.4486498523156115,0.006273854114044851,2.77074941086448,-0.00150344603580493,-0.06958209001302845,-21.80263027462194,-1.6746603303829344
KIT,2018-06-20 11:00:00,-15.312113201762267,5.4486498523156115,0.006273854114044851,2.77074941086448,-0.00150344603580493,-0.06958209001302845,-21.80263027462194,-1.6746603303829344
KIT,2018-06-21 11:00:00,-15.312113201762267,5.4486498523156115,0.006273854114044851,2.77074941086448,-0.00150344603580493,-0.06958209001302845,-21.80263027462194,-1.6746603303829344
KIT,2018-06-22 11:00:00,-15.312113201762267,5.4486498523156115,0.006273854114044851,2.77074941086448,-0.00150344603580493,-0.06958209001302845,-21.80263027462194,-1.6746603303829344
KIT,2018-06-23 11:00:00,-15.312113201762267,5.4486498523156115,0.006273854114044851,2.77074941086448,-0.00150344603580493,-0.06958209001302845,-21.80263027462194,-1.6746603303829344
KIT,2018-06-24 11:00:00,-15.312113201762267,5.4486498523156115,0.006273854114044851,2.77074941086448,-0.00150344603580493,-0.06958209001302845,-21.80263027462194,-1.6746603303829344
KIT,2018-06-25 11:00:00,-15.312113201762267,5.4486498523156115,0.006273854114044851,2.77074941086448,-0.00150344603580493,-0.06958209001302845,-21.80263027462194,-1.6746603303829344
KIT,2018-06-26 11:00:00,-15.312113201762267,5.4486498523156115,0.006273854114044851,2.77074941086448,-0.00150344603580493,-0.06958209001302845,-21.80263027462194,-1.6746603303829344
KIT,2018-06-27 11:00:00,-15.312113201762267,5.4486498523156115,0.006273854114044851,2.77074941086448,-0.00150344603580493,-0.06958209001302845,-21.80263027462194,-1.6746603303829344
KIT,2018-06-28 11:00:00,-15.312113201762267,5.4486498523156115,0.006273854114044851,2.77074941086448,-0.00150344603580493,-0.06958209001302845,-21.80263027462194,-1.6746603303829344
KIT,2018-06-29 11:00:00,-15.312113201762267,5.4486498523156115,0.006273854114044851,2.77074941086448,-0.00150344603580493,-0.06958209001302845,-21.80263027462194,-1.6746603303829344
KIT,2018-06-30 11:00:00,-15.312113201762267,5.4486498523156115,0.006273854114044851,2.77074941086448,-0.00150344603580493,-0.06958209001302845,-21.80263027462194,-1.6746603303829344
KIT,2018-07-01 11:00:00,-15.312113201762267,5.4486498523156115,0.006273854114044851,2.77074941086448,-0.00150344603580493,-0.06958209001302845,-21.80263027462194,-1.6746603303829344
KIT,2018-07-02 11:00:00,-15.312113201762267,5.4486498523156115,0.006273854114044851,2.77074941086448,-0.00150344603580493,-0.06958209001302845,-21.80263027462194,-1.6746603303829344
KIT,2018-07-02 11:00:00,-5.802604137058876,2.444241014056057,0.0023240675979233883,1.1950488674035082,-0.0011489667769592011,-0.0033339007313192446,-7.97221202360866,-1.4773441013038473
KIT,2018-07-03 11:00:00,-5.802604137058876,2.444241014056057,0.0023240675979233883,1.1950488674035082,-0.0011489667769592011,-0.0033339007313192446,-7.97221202360866,-1.4773441013038473
KIT,2018-07-04 11:00:00,-5.802604137058876,2.444241014056057,0.0023240675979233883,1.1950488674035082,-0.0011489667769592011,-0.0033339007313192446,-7.97221202360866,-1.4773441013038473
KIT,2018-07-05 11:00:00,-5.802604137058876,2.444241014056057,0.0023240675979233883,1.1950488674035082,-0.0011489667769592011,-0.0033339007313192446,-7.97221202360866,-1.4773441013038473
KIT,2018-07-06 11:00:00,-5.802604137058876,2.444241014056057,0.0023240675979233883,1.1950488674035082,-0.0011489667769592011,-0.0033339007313192446,-7.97221202360866,-1.4773441013038473
KIT,2018-07-07 11:00:00,-5.802604137058876,2.444241014056057,0.0023240675979233883,1.1950488674035082,-0.0011489667769592011,-0.0033339007313192446,-7.97221202360866,-1.4773441013038473
KIT,2018-07-08 11:00:00,-5.802604137058876,2.444241014056057,0.0023240675979233883,1.1950488674035082,-0.0011489667769592011,-0.0033339007313192446,-7.97221202360866,-1.4773441013038473
KIT,2018-07-09 11:00:00,-5.802604137058876,2.444241014056057,0.0023240675979233883,1.1950488674035082,-0.0011489667769592011,-0.0033339007313192446,-7.97221202360866,-1.4773441013038473
KIT,2018-07-10 11:00:00,-5.802604137058876,2.444241014056057,0.0023240675979233883,1.1950488674035082,-0.0011489667769592011,-0.0033339007313192446,-7.97221202360866,-1.4773441013038473
KIT,2018-07-11 11:00:00,-5.802604137058876,2.444241014056057,0.0023240675979233883,1.1950488674035082,-0.0011489667769592011,-0.0033339007313192446,-7.97221202360866,-1.4773441013038473
KIT,2018-07-12 11:00:00,-5.802604137058876,2.444241014056057,0.0023240675979233883,1.1950488674035082,-0.0011489667769592011,-0.0033339007313192446,-7.97221202360866,-1.4773441013038473
KIT,2018-07-13 11:00:00,-5.802604137058876,2.444241014056057,0.0023240675979233883,1.1950488674035082,-0.0011489667769592011,-0.0033339007313192446,-7.97221202360866,-1.4773441013038473
KIT,2018-07-14 11:00:00,-5.802604137058876,2.444241014056057,0.0023240675979233883,1.1950488674035082,-0.0011489667769592011,-0.0033339007313192446,-7.97221202360866,-1.4773441013038473
KIT,2018-07-15 11:00:00,-5.802604137058876,2.444241014056057,0.0023240675979233883,1.1950488674035082,-0.0011489667769592011,-0.0033339007313192446,-7.97221202360866,-1.4773441013038473
KIT,2018-07-16 11:00:00,-5.802604137058876,2.444241014056057,0.0023240675979233883,1.1950488674035082,-0.0011489667769592011,-0.0033339007313192446,-7.97221202360866,-1.4773441013038473
KIT,2018-07-16 11:00:00,-8.507448894825849,2.8139529800629925,0.005596115536264947,2.278489760743553,-0.0010863336053935466,-0.04097458637706784,-12.274328206576971,-1.2913398872319666
KIT,2018-07-17 11:00:00,-8.507448894825849,2.8139529800629925,0.005596115536264947,2.278489760743553,-0.0010863336053935466,-0.04097458637706784,-12.274328206576971,-1.2913398872319666
KIT,2018-07-18 11:00:00,-8.507448894825849,2.8139529800629925,0.005596115536264947,2.278489760743553,-0.0010863336053935466,-0.04097458637706784,-12.274328206576971,-1.2913398872319666
KIT,2018-07-19 11:00:00,-8.507448894825849,2.8139529800629925,0.005596115536264947,2.278489760743553,-0.0010863336053935466,-0.04097458637706784,-12.274328206576971,-1.2913398872319666
KIT,2018-07-20 11:00:00,-8.507448894825849,2.8139529800629925,0.005596115536264947,2.278489760743553,-0.0010863336053935466,-0.04097458637706784,-12.274328206576971,-1.2913398872319666
KIT,2018-07-21 11:00:00,-8.507448894825849,2.8139529800629925,0.005596115536264947,2.278489760743553,-0.0010863336053935466,-0.04097458637706784,-12.274328206576971,-1.2913398872319666
KIT,2018-07-22 11:00:00,-8.507448894825849,2.8139529800629925,0.005596115536264947,2.278489760743553,-0.0010863336053935466,-0.04097458637706784,-12.274328206576971,-1.2913398872319666
KIT,2018-07-23 11:00:00,-8.507448894825849,2.8139529800629925,0.005596115536264947,2.278489760743553,-0.0010863336053935466,-0.04097458637706784,-12.274328206576971,-1.2913398872319666
KIT,2018-07-24 11:00:00,-8.507448894825849,2.8139529800629925,0.005596115536264947,2.278489760743553,-0.0010863336053935466,-0.04097458637706784,-12.274328206576971,-1.2913398872319666
KIT,2018-07-25 11:00:00,-8.507448894825849,2.8139529800629925,0.005596115536264947,2.278489760743553,-0.0010863336053935466,-0.04097458637706784,-12.274328206576971,-1.2913398872319666
KIT,2018-07-26 11:00:00,-8.507448894825849,2.8139529800629925,0.005596115536264947,2.278489760743553,-0.0010863336053935466,-0.04097458637706784,-12.274328206576971,-1.2913398872319666
KIT,2018-07-27 11:00:00,-8.507448894825849,2.8139529800629925,0.005596115536264947,2.278489760743553,-0.0010863336053935466,-0.04097458637706784,-12.274328206576971,-1.2913398872319666
KIT,2018-07-28 11:00:00,-8.507448894825849,2.8139529800629925,0.005596115536264947,2.278489760743553,-0.0010863336053935466,-0.04097458637706784,-12.274328206576971,-1.2913398872319666
KIT,2018-07-29 11:00:00,-8.507448894825849,2.8139529800629925,0.005596115536264947,2.278489760743553,-0.0010863336053935466,-0.04097458637706784,-12.274328206576971,-1.2913398872319666
KIT,2018-07-30 11:00:00,-8.507448894825849,2.8139529800629925,0.005596115536264947,2.278489760743553,-0.0010863336053935466,-0.04097458637706784,-12.274328206576971,-1.2913398872319666
KIT,2018-07-30 11:00:00,-5.281205230972359,6.041520411336616,0.006942360995398976,2.6765985346590457,-0.0003441771224480388,-0.022741234315583746,-12.86060702976851,-1.1306862562957405
KIT,2018-07-31 11:00:00,-5.281205230972359,6.041520411336616,0.006942360995398976,2.6765985346590457,-0.0003441771224480388,-0.022741234315583746,-12.86060702976851,-1.1306862562957405
KIT,2018-08-01 11:00:00,-5.281205230972359,6.041520411336616,0.006942360995398976,2.6765985346590457,-0.0003441771224480388,-0.022741234315583746,-12.86060702976851,-1.1306862562957405
KIT,2018-08-02 11:00:00,-5.281205230972359,6.041520411336616,0.006942360995398976,2.6765985346590457,-0.0003441771224480388,-0.022741234315583746,-12.86060702976851,-1.1306862562957405
KIT,2018-08-03 11:00:00,-5.281205230972359,6.041520411336616,0.006942360995398976,2.6765985346590457,-0.0003441771224480388,-0.022741234315583746,-12.86060702976851,-1.1306862562957405
KIT,2018-08-04 11:00:00,-5.281205230972359,6.041520411336616,0.006942360995398976,2.6765985346590457,-0.0003441771224480388,-0.022741234315583746,-12.86060702976851,-1.1306862562957405
KIT,2018-08-05 11:00:00,-5.281205230972359,6.041520411336616,0.006942360995398976,2.6765985346590457,-0.0003441771224480388,-0.022741234315583746,-12.86060702976851,-1.1306862562957405
KIT,2018-08-06 11:00:00,-5.281205230972359,6.041520411336616,0.006942360995398976,2.6765985346590457,-0.0003441771224480388,-0.022741234315583746,-12.86060702976851,-1.1306862562957405
KIT,2018-08-07 11:00:00,-5.281205230972359,6.041520411336616,0.006942360995398976,2.6765985346590457,-0.0003441771224480388,-0.022741234315583746,-12.86060702976851,-1.1306862562957405
KIT,2018-08-08 11:00:00,-5.281205230972359,6.041520411336616,0.006942360995398976,2.6765985346590457,-0.0003441771224480388,-0.022741234315583746,-12.86060702976851,-1.1306862562957405
KIT,2018-08-09 11:00:00,-5.281205230972359,6.041520411336616,0.006942360995398976,2.6765985346590457,-0.0003441771224480388,-0.022741234315583746,-12.86060702976851,-1.1306862562957405
KIT,2018-08-10 11:00:00,-5.281205230972359,6.041520411336616,0.006942360995398976,2.6765985346590457,-0.0003441771224480388,-0.022741234315583746,-12.86060702976851,-1.1306862562957405
KIT,2018-08-11 11:00:00,-5.281205230972359,6.041520411336616,0.006942360995398976,2.6765985346590457,-0.0003441771224480388,-0.022741234315583746,-12.86060702976851,-1.1306862562957405
KIT,2018-08-12 11:00:00,-5.281205230972359,6.041520411336616,0.006942360995398976,2.6765985346590457,-0.0003441771224480388,-0.022741234315583746,-12.86060702976851,-1.1306862562957405
KIT,2018-08-13 11:00:00,-5.281205230972359,6.041520411336616,0.006942360995398976,2.6765985346590457,-0.0003441771224480388,-0.022741234315583746,-12.86060702976851,-1.1306862562957405
KIT,2018-08-13 11:00:00,-3.216168473727409,6.613469410740516,0.0063561385413087096,2.513475235303688,-0.00021895109025727157,0.05736002426701904,-11.17530965904153,-1.255218270325762
KIT,2018-08-14 11:00:00,-3.216168473727409,6.613469410740516,0.0063561385413087096,2.513475235303688,-0.00021895109025727157,0.05736002426701904,-11.17530965904153,-1.255218270325762
KIT,2018-08-15 11:00:00,-3.216168473727409,6.613469410740516,0.0063561385413087096,2.513475235303688,-0.00021895109025727157,0.05736002426701904,-11.17530965904153,-1.255218270325762
KIT,2018-08-16 11:00:00,-3.216168473727409,6.613469410740516,0.0063561385413087096,2.513475235303688,-0.00021895109025727157,0.05736002426701904,-11.17530965904153,-1.255218270325762
KIT,2018-08-17 11:00:00,-3.216168473727409,6.613469410740516,0.0063561385413087096,2.513475235303688,-0.00021895109025727157,0.05736002426701904,-11.17530965904153,-1.255218270325762
KIT,2018-08-18 11:00:00,-3.216168473727409,6.613469410740516,0.0063561385413087096,2.513475235303688,-0.00021895109025727157,0.05736002426701904,-11.17530965904153,-1.255218270325762
KIT,2018-08-19 11:00:00,-3.216168473727409,6.613469410740516,0.0063561385413087096,2.513475235303688,-0.00021895109025727157,0.05736002426701904,-11.17530965904153,-1.255218270325762
KIT,2018-08-20 11:00:00,-3.216168473727409,6.613469410740516,0.0063561385413087096,2.513475235303688,-0.00021895109025727157,0.05736002426701904,-11.17530965904153,-1.255218270325762
KIT,2018-08-21 11:00:00,-3.216168473727409,6.613469410740516,0.0063561385413087096,2.513475235303688,-0.00021895109025727157,0.05736002426701904,-11.17530965904153,-1.255218270325762
KIT,2018-08-22 11:00:00,-3.216168473727409,6.613469410740516,0.0063561385413087096,2.513475235303688,-0.00021895109025727157,0.05736002426701904,-11.17530965904153,-1.255218270325762
KIT,2018-08-23 11:00:00,-3.216168473727409,6.613469410740516,0.0063561385413087096,2.513475235303688,-0.00021895109025727157,0.05736002426701904,-11.17530965904153,-1.255218270325762
KIT,2018-08-24 11:00:00,-3.216168473727409,6.613469410740516,0.0063561385413087096,2.513475235303688,-0.00021895109025727157,0.05736002426701904,-11.17530965904153,-1.255218270325762
KIT,2018-08-25 11:00:00,-3.216168473727409,6.613469410740516,0.0063561385413087096,2.513475235303688,-0.00021895109025727157,0.05736002426701904,-11.17530965904153,-1.255218270325762
KIT,2018-08-26 11:00:00,-3.216168473727409,6.613469410740516,0.0063561385413087096,2.513475235303688,-0.00021895109025727157,0.05736002426701904,-11.17530965904153,-1.255218270325762
KIT,2018-08-27 11:00:00,-3.216168473727409,6.613469410740516,0.0063561385413087096,2.513475235303688,-0.00021895109025727157,0.05736002426701904,-11.17530965904153,-1.255218270325762
KIT,2018-08-27 11:00:00,-5.232851101395344,7.0897729940704,0.010754183817509574,2.1286332408718236,-0.0006743851979198986,0.07640881945283767,-13.37884355101361,-1.1869210193123942
KIT,2018-08-28 11:00:00,-5.232851101395344,7.0897729940704,0.010754183817509574,2.1286332408718236,-0.0006743851979198986,0.07640881945283767,-13.37884355101361,-1.1869210193123942
KIT,2018-08-29 11:00:00,-5.232851101395344,7.0897729940704,0.010754183817509574,2.1286332408718236,-0.0006743851979198986,0.07640881945283767,-13.37884355101361,-1.1869210193123942
KIT,2018-08-30 11:00:00,-5.232851101395344,7.0897729940704,0.010754183817509574,2.1286332408718236,-0.0006743851979198986,0.07640881945283767,-13.37884355101361,-1.1869210193123942
KIT,2018-08-31 11:00:00,-5.232851101395344,7.0897729940704,0.010754183817509574,2.1286332408718236,-0.0006743851979198986,0.07640881945283767,-13.37884355101361,-1.1869210193123942
KIT,2018-09-01 11:00:00,-5.232851101395344,7.0897729940704,0.010754183817509574,2.1286332408718236,-0.0006743851979198986,0.07640881945283767,-13.37884355101361,-1.1869210193123942
KIT,2018-09-02 11:00:00,-5.232851101395344,7.0897729940704,0.010754183817509574,2.1286332408718236,-0.0006743851979198986,0.07640881945283767,-13.37884355101361,-1.1869210193123942
KIT,2018-09-03 11:00:00,-5.232851101395344,7.0897729940704,0.010754183817509574,2.1286332408718236,-0.0006743851979198986,0.07640881945283767,-13.37884355101361,-1.1869210193123942
KIT,2018-09-04 11:00:00,-5.232851101395344,7.0897729940704,0.010754183817509574,2.1286332408718236,-0.0006743851979198986,0.07640881945283767,-13.37884355101361,-1.1869210193123942
KIT,2018-09-05 11:00:00,-5.232851101395344,7.0897729940704,0.010754183817509574,2.1286332408718236,-0.0006743851979198986,0.07640881945283767,-13.37884355101361,-1.1869210193123942
KIT,2018-09-06 11:00:00,-5.232851101395344,7.0897729940704,0.010754183817509574,2.1286332408718236,-0.0006743851979198986,0.07640881945283767,-13.37884355101361,-1.1869210193123942
KIT,2018-09-07 11:00:00,-5.232851101395344,7.0897729940704,0.010754183817509574,2.1286332408718236,-0.0006743851979198986,0.07640881945283767,-13.37884355101361,-1.1869210193123942
KIT,2018-09-08 11:00:00,-5.232851101395344,7.0897729940704,0.010754183817509574,2.1286332408718236,-0.0006743851979198986,0.07640881945283767,-13.37884355101361,-1.1869210193123942
KIT,2018-09-09 11:00:00,-5.232851101395344,7.0897729940704,0.010754183817509574,2.1286332408718236,-0.0006743851979198986,0.07640881945283767,-13.37884355101361,-1.1869210193123942
KIT,2018-09-10 11:00:00,-5.232851101395344,7.0897729940704,0.010754183817509574,2.1286332408718236,-0.0006743851979198986,0.07640881945283767,-13.37884355101361,-1.1869210193123942
KIT,2018-09-10 11:00:00,-10.891410984494838,4.323252483762829,0.005512043683507021,3.0065016357329046,-0.0009428776796330036,0.032177549741196035,-16.71487526252029,-1.5797972986668531
KIT,2018-09-11 11:00:00,-10.891410984494838,4.323252483762829,0.005512043683507021,3.0065016357329046,-0.0009428776796330036,0.032177549741196035,-16.71487526252029,-1.5797972986668531
KIT,2018-09-12 11:00:00,-10.891410984494838,4.323252483762829,0.005512043683507021,3.0065016357329046,-0.0009428776796330036,0.032177549741196035,-16.71487526252029,-1.5797972986668531
KIT,2018-09-13 11:00:00,-10.891410984494838,4.323252483762829,0.005512043683507021,3.0065016357329046,-0.0009428776796330036,0.032177549741196035,-16.71487526252029,-1.5797972986668531
KIT,2018-09-14 11:00:00,-10.891410984494838,4.323252483762829,0.005512043683507021,3.0065016357329046,-0.0009428776796330036,0.032177549741196035,-16.71487526252029,-1.5797972986668531
KIT,2018-09-15 11:00:00,-10.891410984494838,4.323252483762829,0.005512043683507021,3.0065016357329046,-0.0009428776796330036,0.032177549741196035,-16.71487526252029,-1.5797972986668531
KIT,2018-09-16 11:00:00,-10.891410984494838,4.323252483762829,0.005512043683507021,3.0065016357329046,-0.0009428776796330036,0.032177549741196035,-16.71487526252029,-1.5797972986668531
KIT,2018-09-17 11:00:00,-10.891410984494838,4.323252483762829,0.005512043683507021,3.0065016357329046,-0.0009428776796330036,0.032177549741196035,-16.71487526252029,-1.5797972986668531
KIT,2018-09-18 11:00:00,-10.891410984494838,4.323252483762829,0.005512043683507021,3.0065016357329046,-0.0009428776796330036,0.032177549741196035,-16.71487526252029,-1.5797972986668531
KIT,2018-09-19 11:00:00,-10.891410984494838,4.323252483762829,0.005512043683507021,3.0065016357329046,-0.0009428776796330036,0.032177549741196035,-16.71487526252029,-1.5797972986668531
KIT,2018-09-20 11:00:00,-10.891410984494838,4.323252483762829,0.005512043683507021,3.0065016357329046,-0.0009428776796330036,0.032177549741196035,-16.71487526252029,-1.5797972986668531
KIT,2018-09-21 11:00:00,-10.891410984494838,4.323252483762829,0.005512043683507021,3.0065016357329046,-0.0009428776796330036,0.032177549741196035,-16.71487526252029,-1.5797972986668531
KIT,2018-09-22 11:00:00,-10.891410984494838,4.323252483762829,0.005512043683507021,3.0065016357329046,-0.0009428776796330036,0.032177549741196035,-16.71487526252029,-1.5797972986668531
KIT,2018-09-23 11:00:00,-10.891410984494838,4.323252483762829,0.005512043683507021,3.0065016357329046,-0.0009428776796330036,0.032177549741196035,-16.71487526252029,-1.5797972986668531
KIT,2018-09-24 11:00:00,-10.891410984494838,4.323252483762829,0.005512043683507021,3.0065016357329046,-0.0009428776796330036,0.032177549741196035,-16.71487526252029,-1.5797972986668531
KIT,2018-09-24 11:00:00,-6.683234676627423,4.8459140619399035,0.005455397079277037,2.676012606074801,-0.00013329500347548467,0.006367429683599533,-12.482292848041473,-1.7593582648236958
KIT,2018-09-25 11:00:00,-6.683234676627423,4.8459140619399035,0.005455397079277037,2.676012606074801,-0.00013329500347548467,0.006367429683599533,-12.482292848041473,-1.7593582648236958
KIT,2018-09-26 11:00:00,-6.683234676627423,4.8459140619399035,0.005455397079277037,2.676012606074801,-0.00013329500347548467,0.006367429683599533,-12.482292848041473,-1.7593582648236958
KIT,2018-09-27 11:00:00,-6.683234676627423,4.8459140619399035,0.005455397079277037,2.676012606074801,-0.00013329500347548467,0.006367429683599533,-12.482292848041473,-1.7593582648236958
KIT,2018-09-28 11:00:00,-6.683234676627423,4.8459140619399035,0.005455397079277037,2.676012606074801,-0.00013329500347548467,0.006367429683599533,-12.482292848041473,-1.7593582648236958
KIT,2018-09-29 11:00:00,-6.683234676627423,4.8459140619399035,0.005455397079277037,2.676012606074801,-0.00013329500347548467,0.006367429683599533,-12.482292848041473,-1.7593582648236958
KIT,2018-09-30 11:00:00,-6.683234676627423,4.8459140619399035,0.005455397079277037,2.676012606074801,-0.00013329500347548467,0.006367429683599533,-12.482292848041473,-1.7593582648236958
KIT,2018-10-01 11:00:00,-6.683234676627423,4.8459140619399035,0.005455397079277037,2.676012606074801,-0.00013329500347548467,0.006367429683599533,-12.482292848041473,-1.7593582648236958
KIT,2018-10-02 11:00:00,-6.683234676627423,4.8459140619399035,0.005455397079277037,2.676012606074801,-0.00013329500347548467,0.006367429683599533,-12.482292848041473,-1.7593582648236958
KIT,2018-10-03 11:00:00,-6.683234676627423,4.8459140619399035,0.005455397079277037,2.676012606074801,-0.00013329500347548467,0.006367429683599533,-12.482292848041473,-1.7593582648236958
KIT,2018-10-04 11:00:00,-6.683234676627423,4.8459140619399035,0.005455397079277037,2.676012606074801,-0.00013329500347548467,0.006367429683599533,-12.482292848041473,-1.7593582648236958
KIT,2018-10-05 11:00:00,-6.683234676627423,4.8459140619399035,0.005455397079277037,2.676012606074801,-0.00013329500347548467,0.006367429683599533,-12.482292848041473,-1.7593582648236958
KIT,2018-10-06 11:00:00,-6.683234676627423,4.8459140619399035,0.005455397079277037,2.676012606074801,-0.00013329500347548467,0.006367429683599533,-12.482292848041473,-1.7593582648236958
KIT,2018-10-07 11:00:00,-6.683234676627423,4.8459140619399035,0.005455397079277037,2.676012606074801,-0.00013329500347548467,0.006367429683599533,-12.482292848041473,-1.7593582648236958
KIT,2018-10-08 11:00:00,-6.683234676627423,4.8459140619399035,0.005455397079277037,2.676012606074801,-0.00013329500347548467,0.006367429683599533,-12.482292848041473,-1.7593582648236958
KIT,2018-10-08 11:00:00,-11.25034038990394,4.387726792056441,0.003033768327951532,1.979870322368417,-0.0005623080507723542,0.009026576542764172,-14.708222170797518,-2.9713441180045943
KIT,2018-10-09 11:00:00,-11.25034038990394,4.387726792056441,0.003033768327951532,1.979870322368417,-0.0005623080507723542,0.009026576542764172,-14.708222170797518,-2.9713441180045943
KIT,2018-10-10 11:00:00,-11.25034038990394,4.387726792056441,0.003033768327951532,1.979870322368417,-0.0005623080507723542,0.009026576542764172,-14.708222170797518,-2.9713441180045943
KIT,2018-10-11 11:00:00,-11.25034038990394,4.387726792056441,0.003033768327951532,1.979870322368417,-0.0005623080507723542,0.009026576542764172,-14.708222170797518,-2.9713441180045943
KIT,2018-10-12 11:00:00,-11.25034038990394,4.387726792056441,0.003033768327951532,1.979870322368417,-0.0005623080507723542,0.009026576542764172,-14.708222170797518,-2.9713441180045943
KIT,2018-10-13 11:00:00,-11.25034038990394,4.387726792056441,0.003033768327951532,1.979870322368417,-0.0005623080507723542,0.009026576542764172,-14.708222170797518,-2.9713441180045943
KIT,2018-10-14 11:00:00,-11.25034038990394,4.387726792056441,0.003033768327951532,1.979870322368417,-0.0005623080507723542,0.009026576542764172,-14.708222170797518,-2.9713441180045943
KIT,2018-10-15 11:00:00,-11.25034038990394,4.387726792056441,0.003033768327951532,1.979870322368417,-0.0005623080507723542,0.009026576542764172,-14.708222170797518,-2.9713441180045943
KIT,2018-10-16 11:00:00,-11.25034038990394,4.387726792056441,0.003033768327951532,1.979870322368417,-0.0005623080507723542,0.009026576542764172,-14.708222170797518,-2.9713441180045943
KIT,2018-10-17 11:00:00,-11.25034038990394,4.387726792056441,0.003033768327951532,1.979870322368417,-0.0005623080507723542,0.009026576542764172,-14.708222170797518,-2.9713441180045943
KIT,2018-10-18 11:00:00,-11.25034038990394,4.387726792056441,0.003033768327951532,1.979870322368417,-0.0005623080507723542,0.009026576542764172,-14.708222170797518,-2.9713441180045943
KIT,2018-10-19 11:00:00,-11.25034038990394,4.387726792056441,0.003033768327951532,1.979870322368417,-0.0005623080507723542,0.009026576542764172,-14.708222170797518,-2.9713441180045943
KIT,2018-10-20 11:00:00,-11.25034038990394,4.387726792056441,0.003033768327951532,1.979870322368417,-0.0005623080507723542,0.009026576542764172,-14.708222170797518,-2.9713441180045943
KIT,2018-10-21 11:00:00,-11.25034038990394,4.387726792056441,0.003033768327951532,1.979870322368417,-0.0005623080507723542,0.009026576542764172,-14.708222170797518,-2.9713441180045943
KIT,2018-10-22 11:00:00,-11.25034038990394,4.387726792056441,0.003033768327951532,1.979870322368417,-0.0005623080507723542,0.009026576542764172,-14.708222170797518,-2.9713441180045943
KIT,2018-10-22 11:00:00,-16.92798906278231,7.708062679998918,0.00201971740382839,3.3379757762113296,9.788258673460617e-06,-0.01294009008460349,-24.80175214925201,-3.2317977952155044
KIT,2018-10-23 11:00:00,-16.92798906278231,7.708062679998918,0.00201971740382839,3.3379757762113296,9.788258673460617e-06,-0.01294009008460349,-24.80175214925201,-3.2317977952155044
KIT,2018-10-24 11:00:00,-16.92798906278231,7.708062679998918,0.00201971740382839,3.3379757762113296,9.788258673460617e-06,-0.01294009008460349,-24.80175214925201,-3.2317977952155044
KIT,2018-10-25 11:00:00,-16.92798906278231,7.708062679998918,0.00201971740382839,3.3379757762113296,9.788258673460617e-06,-0.01294009008460349,-24.80175214925201,-3.2317977952155044
KIT,2018-10-26 11:00:00,-16.92798906278231,7.708062679998918,0.00201971740382839,3.3379757762113296,9.788258673460617e-06,-0.01294009008460349,-24.80175214925201,-3.2317977952155044
KIT,2018-10-27 11:00:00,-16.92798906278231,7.708062679998918,0.00201971740382839,3.3379757762113296,9.788258673460617e-06,-0.01294009008460349,-24.80175214925201,-3.2317977952155044
KIT,2018-10-28 11:00:00,-16.92798906278231,7.708062679998918,0.00201971740382839,3.3379757762113296,9.788258673460617e-06,-0.01294009008460349,-24.80175214925201,-3.2317977952155044
KIT,2018-10-29 11:00:00,-16.92798906278231,7.708062679998918,0.00201971740382839,3.3379757762113296,9.788258673460617e-06,-0.01294009008460349,-24.80175214925201,-3.2317977952155044
KIT,2018-10-30 11:00:00,-16.92798906278231,7.708062679998918,0.00201971740382839,3.3379757762113296,9.788258673460617e-06,-0.01294009008460349,-24.80175214925201,-3.2317977952155044
KIT,2018-10-31 11:00:00,-16.92798906278231,7.708062679998918,0.00201971740382839,3.3379757762113296,9.788258673460617e-06,-0.01294009008460349,-24.80175214925201,-3.2317977952155044
KIT,2018-11-01 11:00:00,-16.92798906278231,7.708062679998918,0.00201971740382839,3.3379757762113296,9.788258673460617e-06,-0.01294009008460349,-24.80175214925201,-3.2317977952155044
KIT,2018-11-02 11:00:00,-16.92798906278231,7.708062679998918,0.00201971740382839,3.3379757762113296,9.788258673460617e-06,-0.01294009008460349,-24.80175214925201,-3.2317977952155044
KIT,2018-11-03 11:00:00,-16.92798906278231,7.708062679998918,0.00201971740382839,3.3379757762113296,9.788258673460617e-06,-0.01294009008460349,-24.80175214925201,-3.2317977952155044
KIT,2018-11-04 11:00:00,-16.92798906278231,7.708062679998918,0.00201971740382839,3.3379757762113296,9.788258673460617e-06,-0.01294009008460349,-24.80175214925201,-3.2317977952155044
KIT,2018-11-05 11:00:00,-16.92798906278231,7.708062679998918,0.00201971740382839,3.3379757762113296,9.788258673460617e-06,-0.01294009008460349,-24.80175214925201,-3.2317977952155044
KIT,2018-11-05 11:00:00,-17.57529662107928,5.525484488444092,0.006152468749234544,1.434341919948022,-0.0006593170391757627,0.036543140414670855,-20.36419863220571,-4.338595514066119
KIT,2018-11-06 11:00:00,-17.57529662107928,5.525484488444092,0.006152468749234544,1.434341919948022,-0.0006593170391757627,0.036543140414670855,-20.36419863220571,-4.338595514066119
KIT,2018-11-07 11:00:00,-17.57529662107928,5.525484488444092,0.006152468749234544,1.434341919948022,-0.0006593170391757627,0.036543140414670855,-20.36419863220571,-4.338595514066119
KIT,2018-11-08 11:00:00,-17.57529662107928,5.525484488444092,0.006152468749234544,1.434341919948022,-0.0006593170391757627,0.036543140414670855,-20.36419863220571,-4.338595514066119
KIT,2018-11-09 11:00:00,-17.57529662107928,5.525484488444092,0.006152468749234544,1.434341919948022,-0.0006593170391757627,0.036543140414670855,-20.36419863220571,-4.338595514066119
KIT,2018-11-10 11:00:00,-17.57529662107928,5.525484488444092,0.006152468749234544,1.434341919948022,-0.0006593170391757627,0.036543140414670855,-20.36419863220571,-4.338595514066119
KIT,2018-11-11 11:00:00,-17.57529662107928,5.525484488444092,0.006152468749234544,1.434341919948022,-0.0006593170391757627,0.036543140414670855,-20.36419863220571,-4.338595514066119
KIT,2018-11-12 11:00:00,-17.57529662107928,5.525484488444092,0.006152468749234544,1.434341919948022,-0.0006593170391757627,0.036543140414670855,-20.36419863220571,-4.338595514066119
KIT,2018-11-13 11:00:00,-17.57529662107928,5.525484488444092,0.006152468749234544,1.434341919948022,-0.0006593170391757627,0.036543140414670855,-20.36419863220571,-4.338595514066119
KIT,2018-11-14 11:00:00,-17.57529662107928,5.525484488444092,0.006152468749234544,1.434341919948022,-0.0006593170391757627,0.036543140414670855,-20.36419863220571,-4.338595514066119
KIT,2018-11-15 11:00:00,-17.57529662107928,5.525484488444092,0.006152468749234544,1.434341919948022,-0.0006593170391757627,0.036543140414670855,-20.36419863220571,-4.338595514066119
KIT,2018-11-16 11:00:00,-17.57529662107928,5.525484488444092,0.006152468749234544,1.434341919948022,-0.0006593170391757627,0.036543140414670855,-20.36419863220571,-4.338595514066119
KIT,2018-11-17 11:00:00,-17.57529662107928,5.525484488444092,0.006152468749234544,1.434341919948022,-0.0006593170391757627,0.036543140414670855,-20.36419863220571,-4.338595514066119
KIT,2018-11-18 11:00:00,-17.57529662107928,5.525484488444092,0.006152468749234544,1.434341919948022,-0.0006593170391757627,0.036543140414670855,-20.36419863220571,-4.338595514066119
KIT,2018-11-19 11:00:00,-17.57529662107928,5.525484488444092,0.006152468749234544,1.434341919948022,-0.0006593170391757627,0.036543140414670855,-20.36419863220571,-4.338595514066119
KIT,2018-11-19 11:00:00,-18.455025271283006,3.160004002625373,0.010413497582531973,0.5622152974405663,-0.0003373568369591155,0.029997036279603612,-17.03695556513685,-5.311112350539445
KIT,2018-11-20 11:00:00,-18.455025271283006,3.160004002625373,0.010413497582531973,0.5622152974405663,-0.0003373568369591155,0.029997036279603612,-17.03695556513685,-5.311112350539445
KIT,2018-11-21 11:00:00,-18.455025271283006,3.160004002625373,0.010413497582531973,0.5622152974405663,-0.0003373568369591155,0.029997036279603612,-17.03695556513685,-5.311112350539445
KIT,2018-11-22 11:00:00,-18.455025271283006,3.160004002625373,0.010413497582531973,0.5622152974405663,-0.0003373568369591155,0.029997036279603612,-17.03695556513685,-5.311112350539445
KIT,2018-11-23 11:00:00,-18.455025271283006,3.160004002625373,0.010413497582531973,0.5622152974405663,-0.0003373568369591155,0.029997036279603612,-17.03695556513685,-5.311112350539445
KIT,2018-11-24 11:00:00,-18.455025271283006,3.160004002625373,0.010413497582531973,0.5622152974405663,-0.0003373568369591155,0.029997036279603612,-17.03695556513685,-5.311112350539445
KIT,2018-11-25 11:00:00,-18.455025271283006,3.160004002625373,0.010413497582531973,0.5622152974405663,-0.0003373568369591155,0.029997036279603612,-17.03695556513685,-5.311112350539445
KIT,2018-11-26 11:00:00,-18.455025271283006,3.160004002625373,0.010413497582531973,0.5622152974405663,-0.0003373568369591155,0.029997036279603612,-17.03695556513685,-5.311112350539445
KIT,2018-11-27 11:00:00,-18.455025271283006,3.160004002625373,0.010413497582531973,0.5622152974405663,-0.0003373568369591155,0.029997036279603612,-17.03695556513685,-5.311112350539445
KIT,2018-11-28 11:00:00,-18.455025271283006,3.160004002625373,0.010413497582531973,0.5622152974405663,-0.0003373568369591155,0.029997036279603612,-17.03695556513685,-5.311112350539445
KIT,2018-11-29 11:00:00,-18.455025271283006,3.160004002625373,0.010413497582531973,0.5622152974405663,-0.0003373568369591155,0.029997036279603612,-17.03695556513685,-5.311112350539445
KIT,2018-11-30 11:00:00,-18.455025271283006,3.160004002625373,0.010413497582531973,0.5622152974405663,-0.0003373568369591155,0.029997036279603612,-17.03695556513685,-5.311112350539445
KIT,2018-12-01 11:00:00,-18.455025271283006,3.160004002625373,0.010413497582531973,0.5622152974405663,-0.0003373568369591155,0.029997036279603612,-17.03695556513685,-5.311112350539445
KIT,2018-12-02 11:00:00,-18.455025271283006,3.160004002625373,0.010413497582531973,0.5622152974405663,-0.0003373568369591155,0.029997036279603612,-17.03695556513685,-5.311112350539445
KIT,2018-12-03 11:00:00,-18.455025271283006,3.160004002625373,0.010413497582531973,0.5622152974405663,-0.0003373568369591155,0.029997036279603612,-17.03695556513685,-5.311112350539445
KIT,2018-12-03 11:00:00,-24.019498773524724,3.4740026683654563,0.009730884881154263,0.7384280039013694,-0.00040417151059465335,0.06495298328832073,-22.236966521969777,-6.316262014124429
KIT,2018-12-04 11:00:00,-24.019498773524724,3.4740026683654563,0.009730884881154263,0.7384280039013694,-0.00040417151059465335,0.06495298328832073,-22.236966521969777,-6.316262014124429
KIT,2018-12-05 11:00:00,-24.019498773524724,3.4740026683654563,0.009730884881154263,0.7384280039013694,-0.00040417151059465335,0.06495298328832073,-22.236966521969777,-6.316262014124429
KIT,2018-12-06 11:00:00,-24.019498773524724,3.4740026683654563,0.009730884881154263,0.7384280039013694,-0.00040417151059465335,0.06495298328832073,-22.236966521969777,-6.316262014124429
KIT,2018-12-07 11:00:00,-24.019498773524724,3.4740026683654563,0.009730884881154263,0.7384280039013694,-0.00040417151059465335,0.06495298328832073,-22.236966521969777,-6.316262014124429
KIT,2018-12-08 11:00:00,-24.019498773524724,3.4740026683654563,0.009730884881154263,0.7384280039013694,-0.00040417151059465335,0.06495298328832073,-22.236966521969777,-6.316262014124429
KIT,2018-12-09 11:00:00,-24.019498773524724,3.4740026683654563,0.009730884881154263,0.7384280039013694,-0.00040417151059465335,0.06495298328832073,-22.236966521969777,-6.316262014124429
KIT,2018-12-10 11:00:00,-24.019498773524724,3.4740026683654563,0.009730884881154263,0.7384280039013694,-0.00040417151059465335,0.06495298328832073,-22.236966521969777,-6.316262014124429
KIT,2018-12-11 11:00:00,-24.019498773524724,3.4740026683654563,0.009730884881154263,0.7384280039013694,-0.00040417151059465335,0.06495298328832073,-22.236966521969777,-6.316262014124429
KIT,2018-12-12 11:00:00,-24.019498773524724,3.4740026683654563,0.009730884881154263,0.7384280039013694,-0.00040417151059465335,0.06495298328832073,-22.236966521969777,-6.316262014124429
KIT,2018-12-13 11:00:00,-24.019498773524724,3.4740026683654563,0.009730884881154263,0.7384280039013694,-0.00040417151059465335,0.06495298328832073,-22.236966521969777,-6.316262014124429
KIT,2018-12-14 11:00:00,-24.019498773524724,3.4740026683654563,0.009730884881154263,0.7384280039013694,-0.00040417151059465335,0.06495298328832073,-22.236966521969777,-6.316262014124429
KIT,2018-12-15 11:00:00,-24.019498773524724,3.4740026683654563,0.009730884881154263,0.7384280039013694,-0.00040417151059465335,0.06495298328832073,-22.236966521969777,-6.316262014124429
KIT,2018-12-16 11:00:00,-24.019498773524724,3.4740026683654563,0.009730884881154263,0.7384280039013694,-0.00040417151059465335,0.06495298328832073,-22.236966521969777,-6.316262014124429
KIT,2018-12-17 11:00:00,-24.019498773524724,3.4740026683654563,0.009730884881154263,0.7384280039013694,-0.00040417151059465335,0.06495298328832073,-22.236966521969777,-6.316262014124429
KIT,2018-12-17 11:00:00,-17.89448762820106,3.70388325845476,0.012287983682609332,0.2744465340010009,-0.00014530478709909647,0.008750514318363406,-15.37581922237342,-6.674620126721402
KIT,2018-12-18 11:00:00,-17.89448762820106,3.70388325845476,0.012287983682609332,0.2744465340010009,-0.00014530478709909647,0.008750514318363406,-15.37581922237342,-6.674620126721402
KIT,2018-12-19 11:00:00,-17.89448762820106,3.70388325845476,0.012287983682609332,0.2744465340010009,-0.00014530478709909647,0.008750514318363406,-15.37581922237342,-6.674620126721402
KIT,2018-12-20 11:00:00,-17.89448762820106,3.70388325845476,0.012287983682609332,0.2744465340010009,-0.00014530478709909647,0.008750514318363406,-15.37581922237342,-6.674620126721402
KIT,2018-12-21 11:00:00,-17.89448762820106,3.70388325845476,0.012287983682609332,0.2744465340010009,-0.00014530478709909647,0.008750514318363406,-15.37581922237342,-6.674620126721402
KIT,2018-12-22 11:00:00,-17.89448762820106,3.70388325845476,0.012287983682609332,0.2744465340010009,-0.00014530478709909647,0.008750514318363406,-15.37581922237342,-6.674620126721402
KIT,2018-12-23 11:00:00,-17.89448762820106,3.70388325845476,0.012287983682609332,0.2744465340010009,-0.00014530478709909647,0.008750514318363406,-15.37581922237342,-6.674620126721402
KIT,2018-12-24 11:00:00,-17.89448762820106,3.70388325845476,0.012287983682609332,0.2744465340010009,-0.00014530478709909647,0.008750514318363406,-15.37581922237342,-6.674620126721402
KIT,2018-12-25 11:00:00,-17.89448762820106,3.70388325845476,0.012287983682609332,0.2744465340010009,-0.00014530478709909647,0.008750514318363406,-15.37581922237342,-6.674620126721402
KIT,2018-12-26 11:00:00,-17.89448762820106,3.70388325845476,0.012287983682609332,0.2744465340010009,-0.00014530478709909647,0.008750514318363406,-15.37581922237342,-6.674620126721402
KIT,2018-12-27 11:00:00,-17.89448762820106,3.70388325845476,0.012287983682609332,0.2744465340010009,-0.00014530478709909647,0.008750514318363406,-15.37581922237342,-6.674620126721402
KIT,2018-12-28 11:00:00,-17.89448762820106,3.70388325845476,0.012287983682609332,0.2744465340010009,-0.00014530478709909647,0.008750514318363406,-15.37581922237342,-6.674620126721402
KIT,2018-12-29 11:00:00,-17.89448762820106,3.70388325845476,0.012287983682609332,0.2744465340010009,-0.00014530478709909647,0.008750514318363406,-15.37581922237342,-6.674620126721402
KIT,2018-12-30 11:00:00,-17.89448762820106,3.70388325845476,0.012287983682609332,0.2744465340010009,-0.00014530478709909647,0.008750514318363406,-15.37581922237342,-6.674620126721402
KIT,2018-12-31 11:00:00,-17.89448762820106,3.70388325845476,0.012287983682609332,0.2744465340010009,-0.00014530478709909647,0.008750514318363406,-15.37581922237342,-6.674620126721402
KIT,2018-12-31 11:00:00,-19.799075769004457,6.404952194761881,0.02213127038741604,0.3291837640524185,-0.00013343303249192313,0.009056498601921417,-19.8020254666287,-6.959186859868791
KIT,2019-01-01 11:00:00,-19.799075769004457,6.404952194761881,0.02213127038741604,0.3291837640524185,-0.00013343303249192313,0.009056498601921417,-19.8020254666287,-6.959186859868791
KIT,2019-01-02 11:00:00,-19.799075769004457,6.404952194761881,0.02213127038741604,0.3291837640524185,-0.00013343303249192313,0.009056498601921417,-19.8020254666287,-6.959186859868791
KIT,2019-01-03 11:00:00,-19.799075769004457,6.404952194761881,0.02213127038741604,0.3291837640524185,-0.00013343303249192313,0.009056498601921417,-19.8020254666287,-6.959186859868791
KIT,2019-01-04 11:00:00,-19.799075769004457,6.404952194761881,0.02213127038741604,0.3291837640524185,-0.00013343303249192313,0.009056498601921417,-19.8020254666287,-6.959186859868791
KIT,2019-01-05 11:00:00,-19.799075769004457,6.404952194761881,0.02213127038741604,0.3291837640524185,-0.00013343303249192313,0.009056498601921417,-19.8020254666287,-6.959186859868791
KIT,2019-01-06 11:00:00,-19.799075769004457,6.404952194761881,0.02213127038741604,0.3291837640524185,-0.00013343303249192313,0.009056498601921417,-19.8020254666287,-6.959186859868791
KIT,2019-01-07 11:00:00,-19.799075769004457,6.404952194761881,0.02213127038741604,0.3291837640524185,-0.00013343303249192313,0.009056498601921417,-19.8020254666287,-6.959186859868791
KIT,2019-01-08 11:00:00,-19.799075769004457,6.404952194761881,0.02213127038741604,0.3291837640524185,-0.00013343303249192313,0.009056498601921417,-19.8020254666287,-6.959186859868791
KIT,2019-01-09 11:00:00,-19.799075769004457,6.404952194761881,0.02213127038741604,0.3291837640524185,-0.00013343303249192313,0.009056498601921417,-19.8020254666287,-6.959186859868791
KIT,2019-01-10 11:00:00,-19.799075769004457,6.404952194761881,0.02213127038741604,0.3291837640524185,-0.00013343303249192313,0.009056498601921417,-19.8020254666287,-6.959186859868791
KIT,2019-01-11 11:00:00,-19.799075769004457,6.404952194761881,0.02213127038741604,0.3291837640524185,-0.00013343303249192313,0.009056498601921417,-19.8020254666287,-6.959186859868791
KIT,2019-01-12 11:00:00,-19.799075769004457,6.404952194761881,0.02213127038741604,0.3291837640524185,-0.00013343303249192313,0.009056498601921417,-19.8020254666287,-6.959186859868791
KIT,2019-01-13 11:00:00,-19.799075769004457,6.404952194761881,0.02213127038741604,0.3291837640524185,-0.00013343303249192313,0.009056498601921417,-19.8020254666287,-6.959186859868791
KIT,2019-01-14 11:00:00,-19.799075769004457,6.404952194761881,0.02213127038741604,0.3291837640524185,-0.00013343303249192313,0.009056498601921417,-19.8020254666287,-6.959186859868791
KRE,2018-01-01 11:00:00,-11.08391929497979,4.1018453502791505,0.014318474971279155,0.2344791617109853,-0.0007369686850651874,0.04505968213099719,-16.796685605380286,1.347559095383511
KRE,2018-01-02 11:00:00,-11.08391929497979,4.1018453502791505,0.014318474971279155,0.2344791617109853,-0.0007369686850651874,0.04505968213099719,-16.796685605380286,1.347559095383511
KRE,2018-01-03 11:00:00,-11.08391929497979,4.1018453502791505,0.014318474971279155,0.2344791617109853,-0.0007369686850651874,0.04505968213099719,-16.796685605380286,1.347559095383511
KRE,2018-01-04 11:00:00,-11.08391929497979,4.1018453502791505,0.014318474971279155,0.2344791617109853,-0.0007369686850651874,0.04505968213099719,-16.796685605380286,1.347559095383511
KRE,2018-01-05 11:00:00,-11.08391929497979,4.1018453502791505,0.014318474971279155,0.2344791617109853,-0.0007369686850651874,0.04505968213099719,-16.796685605380286,1.347559095383511
KRE,2018-01-06 11:00:00,-11.08391929497979,4.1018453502791505,0.014318474971279155,0.2344791617109853,-0.0007369686850651874,0.04505968213099719,-16.796685605380286,1.347559095383511
KRE,2018-01-07 11:00:00,-11.08391929497979,4.1018453502791505,0.014318474971279155,0.2344791617109853,-0.0007369686850651874,0.04505968213099719,-16.796685605380286,1.347559095383511
KRE,2018-01-08 11:00:00,-11.08391929497979,4.1018453502791505,0.014318474971279155,0.2344791617109853,-0.0007369686850651874,0.04505968213099719,-16.796685605380286,1.347559095383511
KRE,2018-01-09 11:00:00,-11.08391929497979,4.1018453502791505,0.014318474971279155,0.2344791617109853,-0.0007369686850651874,0.04505968213099719,-16.796685605380286,1.347559095383511
KRE,2018-01-10 11:00:00,-11.08391929497979,4.1018453502791505,0.014318474971279155,0.2344791617109853,-0.0007369686850651874,0.04505968213099719,-16.796685605380286,1.347559095383511
KRE,2018-01-11 11:00:00,-11.08391929497979,4.1018453502791505,0.014318474971279155,0.2344791617109853,-0.0007369686850651874,0.04505968213099719,-16.796685605380286,1.347559095383511
KRE,2018-01-12 11:00:00,-11.08391929497979,4.1018453502791505,0.014318474971279155,0.2344791617109853,-0.0007369686850651874,0.04505968213099719,-16.796685605380286,1.347559095383511
KRE,2018-01-13 11:00:00,-11.08391929497979,4.1018453502791505,0.014318474971279155,0.2344791617109853,-0.0007369686850651874,0.04505968213099719,-16.796685605380286,1.347559095383511
KRE,2018-01-14 11:00:00,-11.08391929497979,4.1018453502791505,0.014318474971279155,0.2344791617109853,-0.0007369686850651874,0.04505968213099719,-16.796685605380286,1.347559095383511
KRE,2018-01-15 11:00:00,-11.08391929497979,4.1018453502791505,0.014318474971279155,0.2344791617109853,-0.0007369686850651874,0.04505968213099719,-16.796685605380286,1.347559095383511
KRE,2018-01-15 11:00:00,-8.608881087473728,1.7737417076631687,0.005828004886389267,0.263840913005443,-0.0005795631695119427,0.060443605149385154,-11.340090673848103,0.640755099191404
KRE,2018-01-16 11:00:00,-8.608881087473728,1.7737417076631687,0.005828004886389267,0.263840913005443,-0.0005795631695119427,0.060443605149385154,-11.340090673848103,0.640755099191404
KRE,2018-01-17 11:00:00,-8.608881087473728,1.7737417076631687,0.005828004886389267,0.263840913005443,-0.0005795631695119427,0.060443605149385154,-11.340090673848103,0.640755099191404
KRE,2018-01-18 11:00:00,-8.608881087473728,1.7737417076631687,0.005828004886389267,0.263840913005443,-0.0005795631695119427,0.060443605149385154,-11.340090673848103,0.640755099191404
KRE,2018-01-19 11:00:00,-8.608881087473728,1.7737417076631687,0.005828004886389267,0.263840913005443,-0.0005795631695119427,0.060443605149385154,-11.340090673848103,0.640755099191404
KRE,2018-01-20 11:00:00,-8.608881087473728,1.7737417076631687,0.005828004886389267,0.263840913005443,-0.0005795631695119427,0.060443605149385154,-11.340090673848103,0.640755099191404
KRE,2018-01-21 11:00:00,-8.608881087473728,1.7737417076631687,0.005828004886389267,0.263840913005443,-0.0005795631695119427,0.060443605149385154,-11.340090673848103,0.640755099191404
KRE,2018-01-22 11:00:00,-8.608881087473728,1.7737417076631687,0.005828004886389267,0.263840913005443,-0.0005795631695119427,0.060443605149385154,-11.340090673848103,0.640755099191404
KRE,2018-01-23 11:00:00,-8.608881087473728,1.7737417076631687,0.005828004886389267,0.263840913005443,-0.0005795631695119427,0.060443605149385154,-11.340090673848103,0.640755099191404
KRE,2018-01-24 11:00:00,-8.608881087473728,1.7737417076631687,0.005828004886389267,0.263840913005443,-0.0005795631695119427,0.060443605149385154,-11.340090673848103,0.640755099191404
KRE,2018-01-25 11:00:00,-8.608881087473728,1.7737417076631687,0.005828004886389267,0.263840913005443,-0.0005795631695119427,0.060443605149385154,-11.340090673848103,0.640755099191404
KRE,2018-01-26 11:00:00,-8.608881087473728,1.7737417076631687,0.005828004886389267,0.263840913005443,-0.0005795631695119427,0.060443605149385154,-11.340090673848103,0.640755099191404
KRE,2018-01-27 11:00:00,-8.608881087473728,1.7737417076631687,0.005828004886389267,0.263840913005443,-0.0005795631695119427,0.060443605149385154,-11.340090673848103,0.640755099191404
KRE,2018-01-28 11:00:00,-8.608881087473728,1.7737417076631687,0.005828004886389267,0.263840913005443,-0.0005795631695119427,0.060443605149385154,-11.340090673848103,0.640755099191404
KRE,2018-01-29 11:00:00,-8.608881087473728,1.7737417076631687,0.005828004886389267,0.263840913005443,-0.0005795631695119427,0.060443605149385154,-11.340090673848103,0.640755099191404
KRE,2018-01-29 11:00:00,-6.873220091828287,2.9899992515215303,0.006694971147992143,0.22541076416566488,-0.00028560712509896646,0.04796445125768803,-9.853828931091751,-0.2941053162703057
KRE,2018-01-30 11:00:00,-6.873220091828287,2.9899992515215303,0.006694971147992143,0.22541076416566488,-0.00028560712509896646,0.04796445125768803,-9.853828931091751,-0.2941053162703057
KRE,2018-01-31 11:00:00,-6.873220091828287,2.9899992515215303,0.006694971147992143,0.22541076416566488,-0.00028560712509896646,0.04796445125768803,-9.853828931091751,-0.2941053162703057
KRE,2018-02-01 11:00:00,-6.873220091828287,2.9899992515215303,0.006694971147992143,0.22541076416566488,-0.00028560712509896646,0.04796445125768803,-9.853828931091751,-0.2941053162703057
KRE,2018-02-02 11:00:00,-6.873220091828287,2.9899992515215303,0.006694971147992143,0.22541076416566488,-0.00028560712509896646,0.04796445125768803,-9.853828931091751,-0.2941053162703057
KRE,2018-02-03 11:00:00,-6.873220091828287,2.9899992515215303,0.006694971147992143,0.22541076416566488,-0.00028560712509896646,0.04796445125768803,-9.853828931091751,-0.2941053162703057
KRE,2018-02-04 11:00:00,-6.873220091828287,2.9899992515215303,0.006694971147992143,0.22541076416566488,-0.00028560712509896646,0.04796445125768803,-9.853828931091751,-0.2941053162703057
KRE,2018-02-05 11:00:00,-6.873220091828287,2.9899992515215303,0.006694971147992143,0.22541076416566488,-0.00028560712509896646,0.04796445125768803,-9.853828931091751,-0.2941053162703057
KRE,2018-02-06 11:00:00,-6.873220091828287,2.9899992515215303,0.006694971147992143,0.22541076416566488,-0.00028560712509896646,0.04796445125768803,-9.853828931091751,-0.2941053162703057
KRE,2018-02-07 11:00:00,-6.873220091828287,2.9899992515215303,0.006694971147992143,0.22541076416566488,-0.00028560712509896646,0.04796445125768803,-9.853828931091751,-0.2941053162703057
KRE,2018-02-08 11:00:00,-6.873220091828287,2.9899992515215303,0.006694971147992143,0.22541076416566488,-0.00028560712509896646,0.04796445125768803,-9.853828931091751,-0.2941053162703057
KRE,2018-02-09 11:00:00,-6.873220091828287,2.9899992515215303,0.006694971147992143,0.22541076416566488,-0.00028560712509896646,0.04796445125768803,-9.853828931091751,-0.2941053162703057
KRE,2018-02-10 11:00:00,-6.873220091828287,2.9899992515215303,0.006694971147992143,0.22541076416566488,-0.00028560712509896646,0.04796445125768803,-9.853828931091751,-0.2941053162703057
KRE,2018-02-11 11:00:00,-6.873220091828287,2.9899992515215303,0.006694971147992143,0.22541076416566488,-0.00028560712509896646,0.04796445125768803,-9.853828931091751,-0.2941053162703057
KRE,2018-02-12 11:00:00,-6.873220091828287,2.9899992515215303,0.006694971147992143,0.22541076416566488,-0.00028560712509896646,0.04796445125768803,-9.853828931091751,-0.2941053162703057
KRE,2018-02-12 11:00:00,-11.681988344068431,3.577264254519456,0.006277459611097878,0.3577701990231771,-0.0006175378562368597,0.06053591704867336,-14.995572014416565,-0.7042696057724783
KRE,2018-02-13 11:00:00,-11.681988344068431,3.577264254519456,0.006277459611097878,0.3577701990231771,-0.0006175378562368597,0.06053591704867336,-14.995572014416565,-0.7042696057724783
KRE,2018-02-14 11:00:00,-11.681988344068431,3.577264254519456,0.006277459611097878,0.3577701990231771,-0.0006175378562368597,0.06053591704867336,-14.995572014416565,-0.7042696057724783
KRE,2018-02-15 11:00:00,-11.681988344068431,3.577264254519456,0.006277459611097878,0.3577701990231771,-0.0006175378562368597,0.06053591704867336,-14.995572014416565,-0.7042696057724783
KRE,2018-02-16 11:00:00,-11.681988344068431,3.577264254519456,0.006277459611097878,0.3577701990231771,-0.0006175378562368597,0.06053591704867336,-14.995572014416565,-0.7042696057724783
KRE,2018-02-17 11:00:00,-11.681988344068431,3.577264254519456,0.006277459611097878,0.3577701990231771,-0.0006175378562368597,0.06053591704867336,-14.995572014416565,-0.7042696057724783
KRE,2018-02-18 11:00:00,-11.681988344068431,3.577264254519456,0.006277459611097878,0.3577701990231771,-0.0006175378562368597,0.06053591704867336,-14.995572014416565,-0.7042696057724783
KRE,2018-02-19 11:00:00,-11.681988344068431,3.577264254519456,0.006277459611097878,0.3577701990231771,-0.0006175378562368597,0.06053591704867336,-14.995572014416565,-0.7042696057724783
KRE,2018-02-20 11:00:00,-11.681988344068431,3.577264254519456,0.006277459611097878,0.3577701990231771,-0.0006175378562368597,0.06053591704867336,-14.995572014416565,-0.7042696057724783
KRE,2018-02-21 11:00:00,-11.681988344068431,3.577264254519456,0.006277459611097878,0.3577701990231771,-0.0006175378562368597,0.06053591704867336,-14.995572014416565,-0.7042696057724783
KRE,2018-02-22 11:00:00,-11.681988344068431,3.577264254519456,0.006277459611097878,0.3577701990231771,-0.0006175378562368597,0.06053591704867336,-14.995572014416565,-0.7042696057724783
KRE,2018-02-23 11:00:00,-11.681988344068431,3.577264254519456,0.006277459611097878,0.3577701990231771,-0.0006175378562368597,0.06053591704867336,-14.995572014416565,-0.7042696057724783
KRE,2018-02-24 11:00:00,-11.681988344068431,3.577264254519456,0.006277459611097878,0.3577701990231771,-0.0006175378562368597,0.06053591704867336,-14.995572014416565,-0.7042696057724783
KRE,2018-02-25 11:00:00,-11.681988344068431,3.577264254519456,0.006277459611097878,0.3577701990231771,-0.0006175378562368597,0.06053591704867336,-14.995572014416565,-0.7042696057724783
KRE,2018-02-26 11:00:00,-11.681988344068431,3.577264254519456,0.006277459611097878,0.3577701990231771,-0.0006175378562368597,0.06053591704867336,-14.995572014416565,-0.7042696057724783
KRE,2018-02-26 11:00:00,-9.908594208193076,2.012672055024864,0.003096152629697765,0.2722382435449532,5.509420900418182e-05,0.03044893816608828,-10.228079749272474,-2.028646167013316
KRE,2018-02-27 11:00:00,-9.908594208193076,2.012672055024864,0.003096152629697765,0.2722382435449532,5.509420900418182e-05,0.03044893816608828,-10.228079749272474,-2.028646167013316
KRE,2018-02-28 11:00:00,-9.908594208193076,2.012672055024864,0.003096152629697765,0.2722382435449532,5.509420900418182e-05,0.03044893816608828,-10.228079749272474,-2.028646167013316
KRE,2018-03-01 11:00:00,-9.908594208193076,2.012672055024864,0.003096152629697765,0.2722382435449532,5.509420900418182e-05,0.03044893816608828,-10.228079749272474,-2.028646167013316
KRE,2018-03-02 11:00:00,-9.908594208193076,2.012672055024864,0.003096152629697765,0.2722382435449532,5.509420900418182e-05,0.03044893816608828,-10.228079749272474,-2.028646167013316
KRE,2018-03-03 11:00:00,-9.908594208193076,2.012672055024864,0.003096152629697765,0.2722382435449532,5.509420900418182e-05,0.03044893816608828,-10.228079749272474,-2.028646167013316
KRE,2018-03-04 11:00:00,-9.908594208193076,2.012672055024864,0.003096152629697765,0.2722382435449532,5.509420900418182e-05,0.03044893816608828,-10.228079749272474,-2.028646167013316
KRE,2018-03-05 11:00:00,-9.908594208193076,2.012672055024864,0.003096152629697765,0.2722382435449532,5.509420900418182e-05,0.03044893816608828,-10.228079749272474,-2.028646167013316
KRE,2018-03-06 11:00:00,-9.908594208193076,2.012672055024864,0.003096152629697765,0.2722382435449532,5.509420900418182e-05,0.03044893816608828,-10.228079749272474,-2.028646167013316
KRE,2018-03-07 11:00:00,-9.908594208193076,2.012672055024864,0.003096152629697765,0.2722382435449532,5.509420900418182e-05,0.03044893816608828,-10.228079749272474,-2.028646167013316
KRE,2018-03-08 11:00:00,-9.908594208193076,2.012672055024864,0.003096152629697765,0.2722382435449532,5.509420900418182e-05,0.03044893816608828,-10.228079749272474,-2.028646167013316
KRE,2018-03-09 11:00:00,-9.908594208193076,2.012672055024864,0.003096152629697765,0.2722382435449532,5.509420900418182e-05,0.03044893816608828,-10.228079749272474,-2.028646167013316
KRE,2018-03-10 11:00:00,-9.908594208193076,2.012672055024864,0.003096152629697765,0.2722382435449532,5.509420900418182e-05,0.03044893816608828,-10.228079749272474,-2.028646167013316
KRE,2018-03-11 11:00:00,-9.908594208193076,2.012672055024864,0.003096152629697765,0.2722382435449532,5.509420900418182e-05,0.03044893816608828,-10.228079749272474,-2.028646167013316
KRE,2018-03-12 11:00:00,-9.908594208193076,2.012672055024864,0.003096152629697765,0.2722382435449532,5.509420900418182e-05,0.03044893816608828,-10.228079749272474,-2.028646167013316
KRE,2018-03-12 11:00:00,-8.701069114884538,1.7973742407461146,0.006526795944509547,0.3672819046411425,-0.0003645865639681951,0.015612899129587637,-9.340708613720345,-1.5661246251026968
KRE,2018-03-13 11:00:00,-8.701069114884538,1.7973742407461146,0.006526795944509547,0.3672819046411425,-0.0003645865639681951,0.015612899129587637,-9.340708613720345,-1.5661246251026968
KRE,2018-03-14 11:00:00,-8.701069114884538,1.7973742407461146,0.006526795944509547,0.3672819046411425,-0.0003645865639681951,0.015612899129587637,-9.340708613720345,-1.5661246251026968
KRE,2018-03-15 11:00:00,-8.701069114884538,1.7973742407461146,0.006526795944509547,0.3672819046411425,-0.0003645865639681951,0.015612899129587637,-9.340708613720345,-1.5661246251026968
KRE,2018-03-16 11:00:00,-8.701069114884538,1.7973742407461146,0.006526795944509547,0.3672819046411425,-0.0003645865639681951,0.015612899129587637,-9.340708613720345,-1.5661246251026968
KRE,2018-03-17 11:00:00,-8.701069114884538,1.7973742407461146,0.006526795944509547,0.3672819046411425,-0.0003645865639681951,0.015612899129587637,-9.340708613720345,-1.5661246251026968
KRE,2018-03-18 11:00:00,-8.701069114884538,1.7973742407461146,0.006526795944509547,0.3672819046411425,-0.0003645865639681951,0.015612899129587637,-9.340708613720345,-1.5661246251026968
KRE,2018-03-19 11:00:00,-8.701069114884538,1.7973742407461146,0.006526795944509547,0.3672819046411425,-0.0003645865639681951,0.015612899129587637,-9.340708613720345,-1.5661246251026968
KRE,2018-03-20 11:00:00,-8.701069114884538,1.7973742407461146,0.006526795944509547,0.3672819046411425,-0.0003645865639681951,0.015612899129587637,-9.340708613720345,-1.5661246251026968
KRE,2018-03-21 11:00:00,-8.701069114884538,1.7973742407461146,0.006526795944509547,0.3672819046411425,-0.0003645865639681951,0.015612899129587637,-9.340708613720345,-1.5661246251026968
KRE,2018-03-22 11:00:00,-8.701069114884538,1.7973742407461146,0.006526795944509547,0.3672819046411425,-0.0003645865639681951,0.015612899129587637,-9.340708613720345,-1.5661246251026968
KRE,2018-03-23 11:00:00,-8.701069114884538,1.7973742407461146,0.006526795944509547,0.3672819046411425,-0.0003645865639681951,0.015612899129587637,-9.340708613720345,-1.5661246251026968
KRE,2018-03-24 11:00:00,-8.701069114884538,1.7973742407461146,0.006526795944509547,0.3672819046411425,-0.0003645865639681951,0.015612899129587637,-9.340708613720345,-1.5661246251026968
KRE,2018-03-25 11:00:00,-8.701069114884538,1.7973742407461146,0.006526795944509547,0.3672819046411425,-0.0003645865639681951,0.015612899129587637,-9.340708613720345,-1.5661246251026968
KRE,2018-03-26 11:00:00,-8.701069114884538,1.7973742407461146,0.006526795944509547,0.3672819046411425,-0.0003645865639681951,0.015612899129587637,-9.340708613720345,-1.5661246251026968
KRE,2018-03-26 11:00:00,-8.601569104406048,1.7029216219697212,0.006108996132872749,0.279414425605135,-0.0005838562906690256,0.008293699439786912,-9.694339786203725,-0.9140396545588813
KRE,2018-03-27 11:00:00,-8.601569104406048,1.7029216219697212,0.006108996132872749,0.279414425605135,-0.0005838562906690256,0.008293699439786912,-9.694339786203725,-0.9140396545588813
KRE,2018-03-28 11:00:00,-8.601569104406048,1.7029216219697212,0.006108996132872749,0.279414425605135,-0.0005838562906690256,0.008293699439786912,-9.694339786203725,-0.9140396545588813
KRE,2018-03-29 11:00:00,-8.601569104406048,1.7029216219697212,0.006108996132872749,0.279414425605135,-0.0005838562906690256,0.008293699439786912,-9.694339786203725,-0.9140396545588813
KRE,2018-03-30 11:00:00,-8.601569104406048,1.7029216219697212,0.006108996132872749,0.279414425605135,-0.0005838562906690256,0.008293699439786912,-9.694339786203725,-0.9140396545588813
KRE,2018-03-31 11:00:00,-8.601569104406048,1.7029216219697212,0.006108996132872749,0.279414425605135,-0.0005838562906690256,0.008293699439786912,-9.694339786203725,-0.9140396545588813
KRE,2018-04-01 11:00:00,-8.601569104406048,1.7029216219697212,0.006108996132872749,0.279414425605135,-0.0005838562906690256,0.008293699439786912,-9.694339786203725,-0.9140396545588813
KRE,2018-04-02 11:00:00,-8.601569104406048,1.7029216219697212,0.006108996132872749,0.279414425605135,-0.0005838562906690256,0.008293699439786912,-9.694339786203725,-0.9140396545588813
KRE,2018-04-03 11:00:00,-8.601569104406048,1.7029216219697212,0.006108996132872749,0.279414425605135,-0.0005838562906690256,0.008293699439786912,-9.694339786203725,-0.9140396545588813
KRE,2018-04-04 11:00:00,-8.601569104406048,1.7029216219697212,0.006108996132872749,0.279414425605135,-0.0005838562906690256,0.008293699439786912,-9.694339786203725,-0.9140396545588813
KRE,2018-04-05 11:00:00,-8.601569104406048,1.7029216219697212,0.006108996132872749,0.279414425605135,-0.0005838562906690256,0.008293699439786912,-9.694339786203725,-0.9140396545588813
KRE,2018-04-06 11:00:00,-8.601569104406048,1.7029216219697212,0.006108996132872749,0.279414425605135,-0.0005838562906690256,0.008293699439786912,-9.694339786203725,-0.9140396545588813
KRE,2018-04-07 11:00:00,-8.601569104406048,1.7029216219697212,0.006108996132872749,0.279414425605135,-0.0005838562906690256,0.008293699439786912,-9.694339786203725,-0.9140396545588813
KRE,2018-04-08 11:00:00,-8.601569104406048,1.7029216219697212,0.006108996132872749,0.279414425605135,-0.0005838562906690256,0.008293699439786912,-9.694339786203725,-0.9140396545588813
KRE,2018-04-09 11:00:00,-8.601569104406048,1.7029216219697212,0.006108996132872749,0.279414425605135,-0.0005838562906690256,0.008293699439786912,-9.694339786203725,-0.9140396545588813
KRE,2018-04-09 11:00:00,-7.568829008019698,1.6952806733531456,0.008323363463728311,0.44483616013021415,-0.0009094323497261117,0.00837513552542025,-8.713621166893612,-1.0219007601743837
KRE,2018-04-10 11:00:00,-7.568829008019698,1.6952806733531456,0.008323363463728311,0.44483616013021415,-0.0009094323497261117,0.00837513552542025,-8.713621166893612,-1.0219007601743837
KRE,2018-04-11 11:00:00,-7.568829008019698,1.6952806733531456,0.008323363463728311,0.44483616013021415,-0.0009094323497261117,0.00837513552542025,-8.713621166893612,-1.0219007601743837
KRE,2018-04-12 11:00:00,-7.568829008019698,1.6952806733531456,0.008323363463728311,0.44483616013021415,-0.0009094323497261117,0.00837513552542025,-8.713621166893612,-1.0219007601743837
KRE,2018-04-13 11:00:00,-7.568829008019698,1.6952806733531456,0.008323363463728311,0.44483616013021415,-0.0009094323497261117,0.00837513552542025,-8.713621166893612,-1.0219007601743837
KRE,2018-04-14 11:00:00,-7.568829008019698,1.6952806733531456,0.008323363463728311,0.44483616013021415,-0.0009094323497261117,0.00837513552542025,-8.713621166893612,-1.0219007601743837
KRE,2018-04-15 11:00:00,-7.568829008019698,1.6952806733531456,0.008323363463728311,0.44483616013021415,-0.0009094323497261117,0.00837513552542025,-8.713621166893612,-1.0219007601743837
KRE,2018-04-16 11:00:00,-7.568829008019698,1.6952806733531456,0.008323363463728311,0.44483616013021415,-0.0009094323497261117,0.00837513552542025,-8.713621166893612,-1.0219007601743837
KRE,2018-04-17 11:00:00,-7.568829008019698,1.6952806733531456,0.008323363463728311,0.44483616013021415,-0.0009094323497261117,0.00837513552542025,-8.713621166893612,-1.0219007601743837
KRE,2018-04-18 11:00:00,-7.568829008019698,1.6952806733531456,0.008323363463728311,0.44483616013021415,-0.0009094323497261117,0.00837513552542025,-8.713621166893612,-1.0219007601743837
KRE,2018-04-19 11:00:00,-7.568829008019698,1.6952806733531456,0.008323363463728311,0.44483616013021415,-0.0009094323497261117,0.00837513552542025,-8.713621166893612,-1.0219007601743837
KRE,2018-04-20 11:00:00,-7.568829008019698,1.6952806733531456,0.008323363463728311,0.44483616013021415,-0.0009094323497261117,0.00837513552542025,-8.713621166893612,-1.0219007601743837
KRE,2018-04-21 11:00:00,-7.568829008019698,1.6952806733531456,0.008323363463728311,0.44483616013021415,-0.0009094323497261117,0.00837513552542025,-8.713621166893612,-1.0219007601743837
KRE,2018-04-22 11:00:00,-7.568829008019698,1.6952806733531456,0.008323363463728311,0.44483616013021415,-0.0009094323497261117,0.00837513552542025,-8.713621166893612,-1.0219007601743837
KRE,2018-04-23 11:00:00,-7.568829008019698,1.6952806733531456,0.008323363463728311,0.44483616013021415,-0.0009094323497261117,0.00837513552542025,-8.713621166893612,-1.0219007601743837
KRE,2018-04-23 11:00:00,-7.572279482089016,1.2020336968363772,0.004468233702861181,0.7534983755031273,-0.0009109612247635497,-0.03654446891103836,-8.180523921704522,-1.31482782780762
KRE,2018-04-24 11:00:00,-7.572279482089016,1.2020336968363772,0.004468233702861181,0.7534983755031273,-0.0009109612247635497,-0.03654446891103836,-8.180523921704522,-1.31482782780762
KRE,2018-04-25 11:00:00,-7.572279482089016,1.2020336968363772,0.004468233702861181,0.7534983755031273,-0.0009109612247635497,-0.03654446891103836,-8.180523921704522,-1.31482782780762
KRE,2018-04-26 11:00:00,-7.572279482089016,1.2020336968363772,0.004468233702861181,0.7534983755031273,-0.0009109612247635497,-0.03654446891103836,-8.180523921704522,-1.31482782780762
KRE,2018-04-27 11:00:00,-7.572279482089016,1.2020336968363772,0.004468233702861181,0.7534983755031273,-0.0009109612247635497,-0.03654446891103836,-8.180523921704522,-1.31482782780762
KRE,2018-04-28 11:00:00,-7.572279482089016,1.2020336968363772,0.004468233702861181,0.7534983755031273,-0.0009109612247635497,-0.03654446891103836,-8.180523921704522,-1.31482782780762
KRE,2018-04-29 11:00:00,-7.572279482089016,1.2020336968363772,0.004468233702861181,0.7534983755031273,-0.0009109612247635497,-0.03654446891103836,-8.180523921704522,-1.31482782780762
KRE,2018-04-30 11:00:00,-7.572279482089016,1.2020336968363772,0.004468233702861181,0.7534983755031273,-0.0009109612247635497,-0.03654446891103836,-8.180523921704522,-1.31482782780762
KRE,2018-05-01 11:00:00,-7.572279482089016,1.2020336968363772,0.004468233702861181,0.7534983755031273,-0.0009109612247635497,-0.03654446891103836,-8.180523921704522,-1.31482782780762
KRE,2018-05-02 11:00:00,-7.572279482089016,1.2020336968363772,0.004468233702861181,0.7534983755031273,-0.0009109612247635497,-0.03654446891103836,-8.180523921704522,-1.31482782780762
KRE,2018-05-03 11:00:00,-7.572279482089016,1.2020336968363772,0.004468233702861181,0.7534983755031273,-0.0009109612247635497,-0.03654446891103836,-8.180523921704522,-1.31482782780762
KRE,2018-05-04 11:00:00,-7.572279482089016,1.2020336968363772,0.004468233702861181,0.7534983755031273,-0.0009109612247635497,-0.03654446891103836,-8.180523921704522,-1.31482782780762
KRE,2018-05-05 11:00:00,-7.572279482089016,1.2020336968363772,0.004468233702861181,0.7534983755031273,-0.0009109612247635497,-0.03654446891103836,-8.180523921704522,-1.31482782780762
KRE,2018-05-06 11:00:00,-7.572279482089016,1.2020336968363772,0.004468233702861181,0.7534983755031273,-0.0009109612247635497,-0.03654446891103836,-8.180523921704522,-1.31482782780762
KRE,2018-05-07 11:00:00,-7.572279482089016,1.2020336968363772,0.004468233702861181,0.7534983755031273,-0.0009109612247635497,-0.03654446891103836,-8.180523921704522,-1.31482782780762
KRE,2018-05-07 11:00:00,-4.274442818175728,2.4912589431098398,0.005763765122966751,0.751927347329131,-0.0010304864420964967,-0.028589750937536382,-5.619333593411848,-1.8739815191730849
KRE,2018-05-08 11:00:00,-4.274442818175728,2.4912589431098398,0.005763765122966751,0.751927347329131,-0.0010304864420964967,-0.028589750937536382,-5.619333593411848,-1.8739815191730849
KRE,2018-05-09 11:00:00,-4.274442818175728,2.4912589431098398,0.005763765122966751,0.751927347329131,-0.0010304864420964967,-0.028589750937536382,-5.619333593411848,-1.8739815191730849
KRE,2018-05-10 11:00:00,-4.274442818175728,2.4912589431098398,0.005763765122966751,0.751927347329131,-0.0010304864420964967,-0.028589750937536382,-5.619333593411848,-1.8739815191730849
KRE,2018-05-11 11:00:00,-4.274442818175728,2.4912589431098398,0.005763765122966751,0.751927347329131,-0.0010304864420964967,-0.028589750937536382,-5.619333593411848,-1.8739815191730849
KRE,2018-05-12 11:00:00,-4.274442818175728,2.4912589431098398,0.005763765122966751,0.751927347329131,-0.0010304864420964967,-0.028589750937536382,-5.619333593411848,-1.8739815191730849
KRE,2018-05-13 11:00:00,-4.274442818175728,2.4912589431098398,0.005763765122966751,0.751927347329131,-0.0010304864420964967,-0.028589750937536382,-5.619333593411848,-1.8739815191730849
KRE,2018-05-14 11:00:00,-4.274442818175728,2.4912589431098398,0.005763765122966751,0.751927347329131,-0.0010304864420964967,-0.028589750937536382,-5.619333593411848,-1.8739815191730849
KRE,2018-05-15 11:00:00,-4.274442818175728,2.4912589431098398,0.005763765122966751,0.751927347329131,-0.0010304864420964967,-0.028589750937536382,-5.619333593411848,-1.8739815191730849
KRE,2018-05-16 11:00:00,-4.274442818175728,2.4912589431098398,0.005763765122966751,0.751927347329131,-0.0010304864420964967,-0.028589750937536382,-5.619333593411848,-1.8739815191730849
KRE,2018-05-17 11:00:00,-4.274442818175728,2.4912589431098398,0.005763765122966751,0.751927347329131,-0.0010304864420964967,-0.028589750937536382,-5.619333593411848,-1.8739815191730849
KRE,2018-05-18 11:00:00,-4.274442818175728,2.4912589431098398,0.005763765122966751,0.751927347329131,-0.0010304864420964967,-0.028589750937536382,-5.619333593411848,-1.8739815191730849
KRE,2018-05-19 11:00:00,-4.274442818175728,2.4912589431098398,0.005763765122966751,0.751927347329131,-0.0010304864420964967,-0.028589750937536382,-5.619333593411848,-1.8739815191730849
KRE,2018-05-20 11:00:00,-4.274442818175728,2.4912589431098398,0.005763765122966751,0.751927347329131,-0.0010304864420964967,-0.028589750937536382,-5.619333593411848,-1.8739815191730849
KRE,2018-05-21 11:00:00,-4.274442818175728,2.4912589431098398,0.005763765122966751,0.751927347329131,-0.0010304864420964967,-0.028589750937536382,-5.619333593411848,-1.8739815191730849
KRE,2018-05-21 11:00:00,-6.488730625172969,0.8881741295513944,0.0006900089687640904,0.9967815271996854,-0.00111389946050697,-0.03778752893660534,-6.700827419879123,-1.6355711752051765
KRE,2018-05-22 11:00:00,-6.488730625172969,0.8881741295513944,0.0006900089687640904,0.9967815271996854,-0.00111389946050697,-0.03778752893660534,-6.700827419879123,-1.6355711752051765
KRE,2018-05-23 11:00:00,-6.488730625172969,0.8881741295513944,0.0006900089687640904,0.9967815271996854,-0.00111389946050697,-0.03778752893660534,-6.700827419879123,-1.6355711752051765
KRE,2018-05-24 11:00:00,-6.488730625172969,0.8881741295513944,0.0006900089687640904,0.9967815271996854,-0.00111389946050697,-0.03778752893660534,-6.700827419879123,-1.6355711752051765
KRE,2018-05-25 11:00:00,-6.488730625172969,0.8881741295513944,0.0006900089687640904,0.9967815271996854,-0.00111389946050697,-0.03778752893660534,-6.700827419879123,-1.6355711752051765
KRE,2018-05-26 11:00:00,-6.488730625172969,0.8881741295513944,0.0006900089687640904,0.9967815271996854,-0.00111389946050697,-0.03778752893660534,-6.700827419879123,-1.6355711752051765
KRE,2018-05-27 11:00:00,-6.488730625172969,0.8881741295513944,0.0006900089687640904,0.9967815271996854,-0.00111389946050697,-0.03778752893660534,-6.700827419879123,-1.6355711752051765
KRE,2018-05-28 11:00:00,-6.488730625172969,0.8881741295513944,0.0006900089687640904,0.9967815271996854,-0.00111389946050697,-0.03778752893660534,-6.700827419879123,-1.6355711752051765
KRE,2018-05-29 11:00:00,-6.488730625172969,0.8881741295513944,0.0006900089687640904,0.9967815271996854,-0.00111389946050697,-0.03778752893660534,-6.700827419879123,-1.6355711752051765
KRE,2018-05-30 11:00:00,-6.488730625172969,0.8881741295513944,0.0006900089687640904,0.9967815271996854,-0.00111389946050697,-0.03778752893660534,-6.700827419879123,-1.6355711752051765
KRE,2018-05-31 11:00:00,-6.488730625172969,0.8881741295513944,0.0006900089687640904,0.9967815271996854,-0.00111389946050697,-0.03778752893660534,-6.700827419879123,-1.6355711752051765
KRE,2018-06-01 11:00:00,-6.488730625172969,0.8881741295513944,0.0006900089687640904,0.9967815271996854,-0.00111389946050697,-0.03778752893660534,-6.700827419879123,-1.6355711752051765
KRE,2018-06-02 11:00:00,-6.488730625172969,0.8881741295513944,0.0006900089687640904,0.9967815271996854,-0.00111389946050697,-0.03778752893660534,-6.700827419879123,-1.6355711752051765
KRE,2018-06-03 11:00:00,-6.488730625172969,0.8881741295513944,0.0006900089687640904,0.9967815271996854,-0.00111389946050697,-0.03778752893660534,-6.700827419879123,-1.6355711752051765
KRE,2018-06-04 11:00:00,-6.488730625172969,0.8881741295513944,0.0006900089687640904,0.9967815271996854,-0.00111389946050697,-0.03778752893660534,-6.700827419879123,-1.6355711752051765
KRE,2018-06-04 11:00:00,-7.434306947761538,1.5758768632263707,0.0014609030329514909,1.8421364118038015,-0.0006647546386247774,-0.09583489431063119,-9.170183972685352,-1.57641903879635
KRE,2018-06-05 11:00:00,-7.434306947761538,1.5758768632263707,0.0014609030329514909,1.8421364118038015,-0.0006647546386247774,-0.09583489431063119,-9.170183972685352,-1.57641903879635
KRE,2018-06-06 11:00:00,-7.434306947761538,1.5758768632263707,0.0014609030329514909,1.8421364118038015,-0.0006647546386247774,-0.09583489431063119,-9.170183972685352,-1.57641903879635
KRE,2018-06-07 11:00:00,-7.434306947761538,1.5758768632263707,0.0014609030329514909,1.8421364118038015,-0.0006647546386247774,-0.09583489431063119,-9.170183972685352,-1.57641903879635
KRE,2018-06-08 11:00:00,-7.434306947761538,1.5758768632263707,0.0014609030329514909,1.8421364118038015,-0.0006647546386247774,-0.09583489431063119,-9.170183972685352,-1.57641903879635
KRE,2018-06-09 11:00:00,-7.434306947761538,1.5758768632263707,0.0014609030329514909,1.8421364118038015,-0.0006647546386247774,-0.09583489431063119,-9.170183972685352,-1.57641903879635
KRE,2018-06-10 11:00:00,-7.434306947761538,1.5758768632263707,0.0014609030329514909,1.8421364118038015,-0.0006647546386247774,-0.09583489431063119,-9.170183972685352,-1.57641903879635
KRE,2018-06-11 11:00:00,-7.434306947761538,1.5758768632263707,0.0014609030329514909,1.8421364118038015,-0.0006647546386247774,-0.09583489431063119,-9.170183972685352,-1.57641903879635
KRE,2018-06-12 11:00:00,-7.434306947761538,1.5758768632263707,0.0014609030329514909,1.8421364118038015,-0.0006647546386247774,-0.09583489431063119,-9.170183972685352,-1.57641903879635
KRE,2018-06-13 11:00:00,-7.434306947761538,1.5758768632263707,0.0014609030329514909,1.8421364118038015,-0.0006647546386247774,-0.09583489431063119,-9.170183972685352,-1.57641903879635
KRE,2018-06-14 11:00:00,-7.434306947761538,1.5758768632263707,0.0014609030329514909,1.8421364118038015,-0.0006647546386247774,-0.09583489431063119,-9.170183972685352,-1.57641903879635
KRE,2018-06-15 11:00:00,-7.434306947761538,1.5758768632263707,0.0014609030329514909,1.8421364118038015,-0.0006647546386247774,-0.09583489431063119,-9.170183972685352,-1.57641903879635
KRE,2018-06-16 11:00:00,-7.434306947761538,1.5758768632263707,0.0014609030329514909,1.8421364118038015,-0.0006647546386247774,-0.09583489431063119,-9.170183972685352,-1.57641903879635
KRE,2018-06-17 11:00:00,-7.434306947761538,1.5758768632263707,0.0014609030329514909,1.8421364118038015,-0.0006647546386247774,-0.09583489431063119,-9.170183972685352,-1.57641903879635
KRE,2018-06-18 11:00:00,-7.434306947761538,1.5758768632263707,0.0014609030329514909,1.8421364118038015,-0.0006647546386247774,-0.09583489431063119,-9.170183972685352,-1.57641903879635
KRE,2018-06-18 11:00:00,-8.179086435683804,1.2368869490488996,0.0018731786450379099,1.967563917587271,-0.0014335937366746823,-0.064056601422938,-9.566205882036302,-1.7429280722909537
KRE,2018-06-19 11:00:00,-8.179086435683804,1.2368869490488996,0.0018731786450379099,1.967563917587271,-0.0014335937366746823,-0.064056601422938,-9.566205882036302,-1.7429280722909537
KRE,2018-06-20 11:00:00,-8.179086435683804,1.2368869490488996,0.0018731786450379099,1.967563917587271,-0.0014335937366746823,-0.064056601422938,-9.566205882036302,-1.7429280722909537
KRE,2018-06-21 11:00:00,-8.179086435683804,1.2368869490488996,0.0018731786450379099,1.967563917587271,-0.0014335937366746823,-0.064056601422938,-9.566205882036302,-1.7429280722909537
KRE,2018-06-22 11:00:00,-8.179086435683804,1.2368869490488996,0.0018731786450379099,1.967563917587271,-0.0014335937366746823,-0.064056601422938,-9.566205882036302,-1.7429280722909537
KRE,2018-06-23 11:00:00,-8.179086435683804,1.2368869490488996,0.0018731786450379099,1.967563917587271,-0.0014335937366746823,-0.064056601422938,-9.566205882036302,-1.7429280722909537
KRE,2018-06-24 11:00:00,-8.179086435683804,1.2368869490488996,0.0018731786450379099,1.967563917587271,-0.0014335937366746823,-0.064056601422938,-9.566205882036302,-1.7429280722909537
KRE,2018-06-25 11:00:00,-8.179086435683804,1.2368869490488996,0.0018731786450379099,1.967563917587271,-0.0014335937366746823,-0.064056601422938,-9.566205882036302,-1.7429280722909537
KRE,2018-06-26 11:00:00,-8.179086435683804,1.2368869490488996,0.0018731786450379099,1.967563917587271,-0.0014335937366746823,-0.064056601422938,-9.566205882036302,-1.7429280722909537
KRE,2018-06-27 11:00:00,-8.179086435683804,1.2368869490488996,0.0018731786450379099,1.967563917587271,-0.0014335937366746823,-0.064056601422938,-9.566205882036302,-1.7429280722909537
KRE,2018-06-28 11:00:00,-8.179086435683804,1.2368869490488996,0.0018731786450379099,1.967563917587271,-0.0014335937366746823,-0.064056601422938,-9.566205882036302,-1.7429280722909537
KRE,2018-06-29 11:00:00,-8.179086435683804,1.2368869490488996,0.0018731786450379099,1.967563917587271,-0.0014335937366746823,-0.064056601422938,-9.566205882036302,-1.7429280722909537
KRE,2018-06-30 11:00:00,-8.179086435683804,1.2368869490488996,0.0018731786450379099,1.967563917587271,-0.0014335937366746823,-0.064056601422938,-9.566205882036302,-1.7429280722909537
KRE,2018-07-01 11:00:00,-8.179086435683804,1.2368869490488996,0.0018731786450379099,1.967563917587271,-0.0014335937366746823,-0.064056601422938,-9.566205882036302,-1.7429280722909537
KRE,2018-07-02 11:00:00,-8.179086435683804,1.2368869490488996,0.0018731786450379099,1.967563917587271,-0.0014335937366746823,-0.064056601422938,-9.566205882036302,-1.7429280722909537
KRE,2018-07-02 11:00:00,-4.265066561969862,0.8415646326805393,0.002169897166621507,0.985122625725448,-0.0014506495508189144,-0.011708539906951618,-4.604362157587915,-1.4776644854446783
KRE,2018-07-03 11:00:00,-4.265066561969862,0.8415646326805393,0.002169897166621507,0.985122625725448,-0.0014506495508189144,-0.011708539906951618,-4.604362157587915,-1.4776644854446783
KRE,2018-07-04 11:00:00,-4.265066561969862,0.8415646326805393,0.002169897166621507,0.985122625725448,-0.0014506495508189144,-0.011708539906951618,-4.604362157587915,-1.4776644854446783
KRE,2018-07-05 11:00:00,-4.265066561969862,0.8415646326805393,0.002169897166621507,0.985122625725448,-0.0014506495508189144,-0.011708539906951618,-4.604362157587915,-1.4776644854446783
KRE,2018-07-06 11:00:00,-4.265066561969862,0.8415646326805393,0.002169897166621507,0.985122625725448,-0.0014506495508189144,-0.011708539906951618,-4.604362157587915,-1.4776644854446783
KRE,2018-07-07 11:00:00,-4.265066561969862,0.8415646326805393,0.002169897166621507,0.985122625725448,-0.0014506495508189144,-0.011708539906951618,-4.604362157587915,-1.4776644854446783
KRE,2018-07-08 11:00:00,-4.265066561969862,0.8415646326805393,0.002169897166621507,0.985122625725448,-0.0014506495508189144,-0.011708539906951618,-4.604362157587915,-1.4776644854446783
KRE,2018-07-09 11:00:00,-4.265066561969862,0.8415646326805393,0.002169897166621507,0.985122625725448,-0.0014506495508189144,-0.011708539906951618,-4.604362157587915,-1.4776644854446783
KRE,2018-07-10 11:00:00,-4.265066561969862,0.8415646326805393,0.002169897166621507,0.985122625725448,-0.0014506495508189144,-0.011708539906951618,-4.604362157587915,-1.4776644854446783
KRE,2018-07-11 11:00:00,-4.265066561969862,0.8415646326805393,0.002169897166621507,0.985122625725448,-0.0014506495508189144,-0.011708539906951618,-4.604362157587915,-1.4776644854446783
KRE,2018-07-12 11:00:00,-4.265066561969862,0.8415646326805393,0.002169897166621507,0.985122625725448,-0.0014506495508189144,-0.011708539906951618,-4.604362157587915,-1.4776644854446783
KRE,2018-07-13 11:00:00,-4.265066561969862,0.8415646326805393,0.002169897166621507,0.985122625725448,-0.0014506495508189144,-0.011708539906951618,-4.604362157587915,-1.4776644854446783
KRE,2018-07-14 11:00:00,-4.265066561969862,0.8415646326805393,0.002169897166621507,0.985122625725448,-0.0014506495508189144,-0.011708539906951618,-4.604362157587915,-1.4776644854446783
KRE,2018-07-15 11:00:00,-4.265066561969862,0.8415646326805393,0.002169897166621507,0.985122625725448,-0.0014506495508189144,-0.011708539906951618,-4.604362157587915,-1.4776644854446783
KRE,2018-07-16 11:00:00,-4.265066561969862,0.8415646326805393,0.002169897166621507,0.985122625725448,-0.0014506495508189144,-0.011708539906951618,-4.604362157587915,-1.4776644854446783
KRE,2018-07-16 11:00:00,-5.048002501858009,0.9897258290895444,0.0026329050464666127,1.6377593842519926,-0.0011557457568023503,-0.05709852320036962,-6.3570314875194125,-1.2527055814742023
KRE,2018-07-17 11:00:00,-5.048002501858009,0.9897258290895444,0.0026329050464666127,1.6377593842519926,-0.0011557457568023503,-0.05709852320036962,-6.3570314875194125,-1.2527055814742023
KRE,2018-07-18 11:00:00,-5.048002501858009,0.9897258290895444,0.0026329050464666127,1.6377593842519926,-0.0011557457568023503,-0.05709852320036962,-6.3570314875194125,-1.2527055814742023
KRE,2018-07-19 11:00:00,-5.048002501858009,0.9897258290895444,0.0026329050464666127,1.6377593842519926,-0.0011557457568023503,-0.05709852320036962,-6.3570314875194125,-1.2527055814742023
KRE,2018-07-20 11:00:00,-5.048002501858009,0.9897258290895444,0.0026329050464666127,1.6377593842519926,-0.0011557457568023503,-0.05709852320036962,-6.3570314875194125,-1.2527055814742023
KRE,2018-07-21 11:00:00,-5.048002501858009,0.9897258290895444,0.0026329050464666127,1.6377593842519926,-0.0011557457568023503,-0.05709852320036962,-6.3570314875194125,-1.2527055814742023
KRE,2018-07-22 11:00:00,-5.048002501858009,0.9897258290895444,0.0026329050464666127,1.6377593842519926,-0.0011557457568023503,-0.05709852320036962,-6.3570314875194125,-1.2527055814742023
KRE,2018-07-23 11:00:00,-5.048002501858009,0.9897258290895444,0.0026329050464666127,1.6377593842519926,-0.0011557457568023503,-0.05709852320036962,-6.3570314875194125,-1.2527055814742023
KRE,2018-07-24 11:00:00,-5.048002501858009,0.9897258290895444,0.0026329050464666127,1.6377593842519926,-0.0011557457568023503,-0.05709852320036962,-6.3570314875194125,-1.2527055814742023
KRE,2018-07-25 11:00:00,-5.048002501858009,0.9897258290895444,0.0026329050464666127,1.6377593842519926,-0.0011557457568023503,-0.05709852320036962,-6.3570314875194125,-1.2527055814742023
KRE,2018-07-26 11:00:00,-5.048002501858009,0.9897258290895444,0.0026329050464666127,1.6377593842519926,-0.0011557457568023503,-0.05709852320036962,-6.3570314875194125,-1.2527055814742023
KRE,2018-07-27 11:00:00,-5.048002501858009,0.9897258290895444,0.0026329050464666127,1.6377593842519926,-0.0011557457568023503,-0.05709852320036962,-6.3570314875194125,-1.2527055814742023
KRE,2018-07-28 11:00:00,-5.048002501858009,0.9897258290895444,0.0026329050464666127,1.6377593842519926,-0.0011557457568023503,-0.05709852320036962,-6.3570314875194125,-1.2527055814742023
KRE,2018-07-29 11:00:00,-5.048002501858009,0.9897258290895444,0.0026329050464666127,1.6377593842519926,-0.0011557457568023503,-0.05709852320036962,-6.3570314875194125,-1.2527055814742023
KRE,2018-07-30 11:00:00,-5.048002501858009,0.9897258290895444,0.0026329050464666127,1.6377593842519926,-0.0011557457568023503,-0.05709852320036962,-6.3570314875194125,-1.2527055814742023
KRE,2018-07-30 11:00:00,-3.3094107400931,2.0049812360226342,0.0034877905467588393,1.4285259519353597,-0.00042601154280362454,-0.030341829058587816,-5.719595315654439,-0.9941946621219
KRE,2018-07-31 11:00:00,-3.3094107400931,2.0049812360226342,0.0034877905467588393,1.4285259519353597,-0.00042601154280362454,-0.030341829058587816,-5.719595315654439,-0.9941946621219
KRE,2018-08-01 11:00:00,-3.3094107400931,2.0049812360226342,0.0034877905467588393,1.4285259519353597,-0.00042601154280362454,-0.030341829058587816,-5.719595315654439,-0.9941946621219
KRE,2018-08-02 11:00:00,-3.3094107400931,2.0049812360226342,0.0034877905467588393,1.4285259519353597,-0.00042601154280362454,-0.030341829058587816,-5.719595315654439,-0.9941946621219
KRE,2018-08-03 11:00:00,-3.3094107400931,2.0049812360226342,0.0034877905467588393,1.4285259519353597,-0.00042601154280362454,-0.030341829058587816,-5.719595315654439,-0.9941946621219
KRE,2018-08-04 11:00:00,-3.3094107400931,2.0049812360226342,0.0034877905467588393,1.4285259519353597,-0.00042601154280362454,-0.030341829058587816,-5.719595315654439,-0.9941946621219
KRE,2018-08-05 11:00:00,-3.3094107400931,2.0049812360226342,0.0034877905467588393,1.4285259519353597,-0.00042601154280362454,-0.030341829058587816,-5.719595315654439,-0.9941946621219
KRE,2018-08-06 11:00:00,-3.3094107400931,2.0049812360226342,0.0034877905467588393,1.4285259519353597,-0.00042601154280362454,-0.030341829058587816,-5.719595315654439,-0.9941946621219
KRE,2018-08-07 11:00:00,-3.3094107400931,2.0049812360226342,0.0034877905467588393,1.4285259519353597,-0.00042601154280362454,-0.030341829058587816,-5.719595315654439,-0.9941946621219
KRE,2018-08-08 11:00:00,-3.3094107400931,2.0049812360226342,0.0034877905467588393,1.4285259519353597,-0.00042601154280362454,-0.030341829058587816,-5.719595315654439,-0.9941946621219
KRE,2018-08-09 11:00:00,-3.3094107400931,2.0049812360226342,0.0034877905467588393,1.4285259519353597,-0.00042601154280362454,-0.030341829058587816,-5.719595315654439,-0.9941946621219
KRE,2018-08-10 11:00:00,-3.3094107400931,2.0049812360226342,0.0034877905467588393,1.4285259519353597,-0.00042601154280362454,-0.030341829058587816,-5.719595315654439,-0.9941946621219
KRE,2018-08-11 11:00:00,-3.3094107400931,2.0049812360226342,0.0034877905467588393,1.4285259519353597,-0.00042601154280362454,-0.030341829058587816,-5.719595315654439,-0.9941946621219
KRE,2018-08-12 11:00:00,-3.3094107400931,2.0049812360226342,0.0034877905467588393,1.4285259519353597,-0.00042601154280362454,-0.030341829058587816,-5.719595315654439,-0.9941946621219
KRE,2018-08-13 11:00:00,-3.3094107400931,2.0049812360226342,0.0034877905467588393,1.4285259519353597,-0.00042601154280362454,-0.030341829058587816,-5.719595315654439,-0.9941946621219
KRE,2018-08-13 11:00:00,-3.1277769219419547,1.4695246661470103,0.0029452316281911293,1.801860710784128,-0.00018116239877326133,-0.012318978414925375,-5.284318701740004,-1.1085193198168282
KRE,2018-08-14 11:00:00,-3.1277769219419547,1.4695246661470103,0.0029452316281911293,1.801860710784128,-0.00018116239877326133,-0.012318978414925375,-5.284318701740004,-1.1085193198168282
KRE,2018-08-15 11:00:00,-3.1277769219419547,1.4695246661470103,0.0029452316281911293,1.801860710784128,-0.00018116239877326133,-0.012318978414925375,-5.284318701740004,-1.1085193198168282
KRE,2018-08-16 11:00:00,-3.1277769219419547,1.4695246661470103,0.0029452316281911293,1.801860710784128,-0.00018116239877326133,-0.012318978414925375,-5.284318701740004,-1.1085193198168282
KRE,2018-08-17 11:00:00,-3.1277769219419547,1.4695246661470103,0.0029452316281911293,1.801860710784128,-0.00018116239877326133,-0.012318978414925375,-5.284318701740004,-1.1085193198168282
KRE,2018-08-18 11:00:00,-3.1277769219419547,1.4695246661470103,0.0029452316281911293,1.801860710784128,-0.00018116239877326133,-0.012318978414925375,-5.284318701740004,-1.1085193198168282
KRE,2018-08-19 11:00:00,-3.1277769219419547,1.4695246661470103,0.0029452316281911293,1.801860710784128,-0.00018116239877326133,-0.012318978414925375,-5.284318701740004,-1.1085193198168282
KRE,2018-08-20 11:00:00,-3.1277769219419547,1.4695246661470103,0.0029452316281911293,1.801860710784128,-0.00018116239877326133,-0.012318978414925375,-5.284318701740004,-1.1085193198168282
KRE,2018-08-21 11:00:00,-3.1277769219419547,1.4695246661470103,0.0029452316281911293,1.801860710784128,-0.00018116239877326133,-0.012318978414925375,-5.284318701740004,-1.1085193198168282
KRE,2018-08-22 11:00:00,-3.1277769219419547,1.4695246661470103,0.0029452316281911293,1.801860710784128,-0.00018116239877326133,-0.012318978414925375,-5.284318701740004,-1.1085193198168282
KRE,2018-08-23 11:00:00,-3.1277769219419547,1.4695246661470103,0.0029452316281911293,1.801860710784128,-0.00018116239877326133,-0.012318978414925375,-5.284318701740004,-1.1085193198168282
KRE,2018-08-24 11:00:00,-3.1277769219419547,1.4695246661470103,0.0029452316281911293,1.801860710784128,-0.00018116239877326133,-0.012318978414925375,-5.284318701740004,-1.1085193198168282
KRE,2018-08-25 11:00:00,-3.1277769219419547,1.4695246661470103,0.0029452316281911293,1.801860710784128,-0.00018116239877326133,-0.012318978414925375,-5.284318701740004,-1.1085193198168282
KRE,2018-08-26 11:00:00,-3.1277769219419547,1.4695246661470103,0.0029452316281911293,1.801860710784128,-0.00018116239877326133,-0.012318978414925375,-5.284318701740004,-1.1085193198168282
KRE,2018-08-27 11:00:00,-3.1277769219419547,1.4695246661470103,0.0029452316281911293,1.801860710784128,-0.00018116239877326133,-0.012318978414925375,-5.284318701740004,-1.1085193198168282
KRE,2018-08-27 11:00:00,-2.934610951945607,4.258349134156084,0.008504951992755794,2.0060258724144266,-0.0007935038607582495,0.03152832768693802,-8.062498728458982,-1.190260410778663
KRE,2018-08-28 11:00:00,-2.934610951945607,4.258349134156084,0.008504951992755794,2.0060258724144266,-0.0007935038607582495,0.03152832768693802,-8.062498728458982,-1.190260410778663
KRE,2018-08-29 11:00:00,-2.934610951945607,4.258349134156084,0.008504951992755794,2.0060258724144266,-0.0007935038607582495,0.03152832768693802,-8.062498728458982,-1.190260410778663
KRE,2018-08-30 11:00:00,-2.934610951945607,4.258349134156084,0.008504951992755794,2.0060258724144266,-0.0007935038607582495,0.03152832768693802,-8.062498728458982,-1.190260410778663
KRE,2018-08-31 11:00:00,-2.934610951945607,4.258349134156084,0.008504951992755794,2.0060258724144266,-0.0007935038607582495,0.03152832768693802,-8.062498728458982,-1.190260410778663
KRE,2018-09-01 11:00:00,-2.934610951945607,4.258349134156084,0.008504951992755794,2.0060258724144266,-0.0007935038607582495,0.03152832768693802,-8.062498728458982,-1.190260410778663
KRE,2018-09-02 11:00:00,-2.934610951945607,4.258349134156084,0.008504951992755794,2.0060258724144266,-0.0007935038607582495,0.03152832768693802,-8.062498728458982,-1.190260410778663
KRE,2018-09-03 11:00:00,-2.934610951945607,4.258349134156084,0.008504951992755794,2.0060258724144266,-0.0007935038607582495,0.03152832768693802,-8.062498728458982,-1.190260410778663
KRE,2018-09-04 11:00:00,-2.934610951945607,4.258349134156084,0.008504951992755794,2.0060258724144266,-0.0007935038607582495,0.03152832768693802,-8.062498728458982,-1.190260410778663
KRE,2018-09-05 11:00:00,-2.934610951945607,4.258349134156084,0.008504951992755794,2.0060258724144266,-0.0007935038607582495,0.03152832768693802,-8.062498728458982,-1.190260410778663
KRE,2018-09-06 11:00:00,-2.934610951945607,4.258349134156084,0.008504951992755794,2.0060258724144266,-0.0007935038607582495,0.03152832768693802,-8.062498728458982,-1.190260410778663
KRE,2018-09-07 11:00:00,-2.934610951945607,4.258349134156084,0.008504951992755794,2.0060258724144266,-0.0007935038607582495,0.03152832768693802,-8.062498728458982,-1.190260410778663
KRE,2018-09-08 11:00:00,-2.934610951945607,4.258349134156084,0.008504951992755794,2.0060258724144266,-0.0007935038607582495,0.03152832768693802,-8.062498728458982,-1.190260410778663
KRE,2018-09-09 11:00:00,-2.934610951945607,4.258349134156084,0.008504951992755794,2.0060258724144266,-0.0007935038607582495,0.03152832768693802,-8.062498728458982,-1.190260410778663
KRE,2018-09-10 11:00:00,-2.934610951945607,4.258349134156084,0.008504951992755794,2.0060258724144266,-0.0007935038607582495,0.03152832768693802,-8.062498728458982,-1.190260410778663
KRE,2018-09-10 11:00:00,-4.887331342747241,2.6915737299407194,0.004032764249499118,2.5110079501967166,-0.0007086462740531507,0.011601147213598848,-8.562654826739346,-1.558330138756595
KRE,2018-09-11 11:00:00,-4.887331342747241,2.6915737299407194,0.004032764249499118,2.5110079501967166,-0.0007086462740531507,0.011601147213598848,-8.562654826739346,-1.558330138756595
KRE,2018-09-12 11:00:00,-4.887331342747241,2.6915737299407194,0.004032764249499118,2.5110079501967166,-0.0007086462740531507,0.011601147213598848,-8.562654826739346,-1.558330138756595
KRE,2018-09-13 11:00:00,-4.887331342747241,2.6915737299407194,0.004032764249499118,2.5110079501967166,-0.0007086462740531507,0.011601147213598848,-8.562654826739346,-1.558330138756595
KRE,2018-09-14 11:00:00,-4.887331342747241,2.6915737299407194,0.004032764249499118,2.5110079501967166,-0.0007086462740531507,0.011601147213598848,-8.562654826739346,-1.558330138756595
KRE,2018-09-15 11:00:00,-4.887331342747241,2.6915737299407194,0.004032764249499118,2.5110079501967166,-0.0007086462740531507,0.011601147213598848,-8.562654826739346,-1.558330138756595
KRE,2018-09-16 11:00:00,-4.887331342747241,2.6915737299407194,0.004032764249499118,2.5110079501967166,-0.0007086462740531507,0.011601147213598848,-8.562654826739346,-1.558330138756595
KRE,2018-09-17 11:00:00,-4.887331342747241,2.6915737299407194,0.004032764249499118,2.5110079501967166,-0.0007086462740531507,0.011601147213598848,-8.562654826739346,-1.558330138756595
KRE,2018-09-18 11:00:00,-4.887331342747241,2.6915737299407194,0.004032764249499118,2.5110079501967166,-0.0007086462740531507,0.011601147213598848,-8.562654826739346,-1.558330138756595
KRE,2018-09-19 11:00:00,-4.887331342747241,2.6915737299407194,0.004032764249499118,2.5110079501967166,-0.0007086462740531507,0.011601147213598848,-8.562654826739346,-1.558330138756595
KRE,2018-09-20 11:00:00,-4.887331342747241,2.6915737299407194,0.004032764249499118,2.5110079501967166,-0.0007086462740531507,0.011601147213598848,-8.562654826739346,-1.558330138756595
KRE,2018-09-21 11:00:00,-4.887331342747241,2.6915737299407194,0.004032764249499118,2.5110079501967166,-0.0007086462740531507,0.011601147213598848,-8.562654826739346,-1.558330138756595
KRE,2018-09-22 11:00:00,-4.887331342747241,2.6915737299407194,0.004032764249499118,2.5110079501967166,-0.0007086462740531507,0.011601147213598848,-8.562654826739346,-1.558330138756595
KRE,2018-09-23 11:00:00,-4.887331342747241,2.6915737299407194,0.004032764249499118,2.5110079501967166,-0.0007086462740531507,0.011601147213598848,-8.562654826739346,-1.558330138756595
KRE,2018-09-24 11:00:00,-4.887331342747241,2.6915737299407194,0.004032764249499118,2.5110079501967166,-0.0007086462740531507,0.011601147213598848,-8.562654826739346,-1.558330138756595
KRE,2018-09-24 11:00:00,-6.042434101082682,3.5970996288605495,0.004327569167655579,3.00985106986243,-0.0001434323471390893,-0.015797119720310712,-10.897983679489377,-1.751684770388795
KRE,2018-09-25 11:00:00,-6.042434101082682,3.5970996288605495,0.004327569167655579,3.00985106986243,-0.0001434323471390893,-0.015797119720310712,-10.897983679489377,-1.751684770388795
KRE,2018-09-26 11:00:00,-6.042434101082682,3.5970996288605495,0.004327569167655579,3.00985106986243,-0.0001434323471390893,-0.015797119720310712,-10.897983679489377,-1.751684770388795
KRE,2018-09-27 11:00:00,-6.042434101082682,3.5970996288605495,0.004327569167655579,3.00985106986243,-0.0001434323471390893,-0.015797119720310712,-10.897983679489377,-1.751684770388795
KRE,2018-09-28 11:00:00,-6.042434101082682,3.5970996288605495,0.004327569167655579,3.00985106986243,-0.0001434323471390893,-0.015797119720310712,-10.897983679489377,-1.751684770388795
KRE,2018-09-29 11:00:00,-6.042434101082682,3.5970996288605495,0.004327569167655579,3.00985106986243,-0.0001434323471390893,-0.015797119720310712,-10.897983679489377,-1.751684770388795
KRE,2018-09-30 11:00:00,-6.042434101082682,3.5970996288605495,0.004327569167655579,3.00985106986243,-0.0001434323471390893,-0.015797119720310712,-10.897983679489377,-1.751684770388795
KRE,2018-10-01 11:00:00,-6.042434101082682,3.5970996288605495,0.004327569167655579,3.00985106986243,-0.0001434323471390893,-0.015797119720310712,-10.897983679489377,-1.751684770388795
KRE,2018-10-02 11:00:00,-6.042434101082682,3.5970996288605495,0.004327569167655579,3.00985106986243,-0.0001434323471390893,-0.015797119720310712,-10.897983679489377,-1.751684770388795
KRE,2018-10-03 11:00:00,-6.042434101082682,3.5970996288605495,0.004327569167655579,3.00985106986243,-0.0001434323471390893,-0.015797119720310712,-10.897983679489377,-1.751684770388795
KRE,2018-10-04 11:00:00,-6.042434101082682,3.5970996288605495,0.004327569167655579,3.00985106986243,-0.0001434323471390893,-0.015797119720310712,-10.897983679489377,-1.751684770388795
KRE,2018-10-05 11:00:00,-6.042434101082682,3.5970996288605495,0.004327569167655579,3.00985106986243,-0.0001434323471390893,-0.015797119720310712,-10.897983679489377,-1.751684770388795
KRE,2018-10-06 11:00:00,-6.042434101082682,3.5970996288605495,0.004327569167655579,3.00985106986243,-0.0001434323471390893,-0.015797119720310712,-10.897983679489377,-1.751684770388795
KRE,2018-10-07 11:00:00,-6.042434101082682,3.5970996288605495,0.004327569167655579,3.00985106986243,-0.0001434323471390893,-0.015797119720310712,-10.897983679489377,-1.751684770388795
KRE,2018-10-08 11:00:00,-6.042434101082682,3.5970996288605495,0.004327569167655579,3.00985106986243,-0.0001434323471390893,-0.015797119720310712,-10.897983679489377,-1.751684770388795
KRE,2018-10-08 11:00:00,-7.081113969822578,1.4868185699280554,0.0016260247081126636,1.2737807150262908,-0.0008775495529425824,-0.017355714046917062,-6.901270717054447,-2.9311555085544723
KRE,2018-10-09 11:00:00,-7.081113969822578,1.4868185699280554,0.0016260247081126636,1.2737807150262908,-0.0008775495529425824,-0.017355714046917062,-6.901270717054447,-2.9311555085544723
KRE,2018-10-10 11:00:00,-7.081113969822578,1.4868185699280554,0.0016260247081126636,1.2737807150262908,-0.0008775495529425824,-0.017355714046917062,-6.901270717054447,-2.9311555085544723
KRE,2018-10-11 11:00:00,-7.081113969822578,1.4868185699280554,0.0016260247081126636,1.2737807150262908,-0.0008775495529425824,-0.017355714046917062,-6.901270717054447,-2.9311555085544723
KRE,2018-10-12 11:00:00,-7.081113969822578,1.4868185699280554,0.0016260247081126636,1.2737807150262908,-0.0008775495529425824,-0.017355714046917062,-6.901270717054447,-2.9311555085544723
KRE,2018-10-13 11:00:00,-7.081113969822578,1.4868185699280554,0.0016260247081126636,1.2737807150262908,-0.0008775495529425824,-0.017355714046917062,-6.901270717054447,-2.9311555085544723
KRE,2018-10-14 11:00:00,-7.081113969822578,1.4868185699280554,0.0016260247081126636,1.2737807150262908,-0.0008775495529425824,-0.017355714046917062,-6.901270717054447,-2.9311555085544723
KRE,2018-10-15 11:00:00,-7.081113969822578,1.4868185699280554,0.0016260247081126636,1.2737807150262908,-0.0008775495529425824,-0.017355714046917062,-6.901270717054447,-2.9311555085544723
KRE,2018-10-16 11:00:00,-7.081113969822578,1.4868185699280554,0.0016260247081126636,1.2737807150262908,-0.0008775495529425824,-0.017355714046917062,-6.901270717054447,-2.9311555085544723
KRE,2018-10-17 11:00:00,-7.081113969822578,1.4868185699280554,0.0016260247081126636,1.2737807150262908,-0.0008775495529425824,-0.017355714046917062,-6.901270717054447,-2.9311555085544723
KRE,2018-10-18 11:00:00,-7.081113969822578,1.4868185699280554,0.0016260247081126636,1.2737807150262908,-0.0008775495529425824,-0.017355714046917062,-6.901270717054447,-2.9311555085544723
KRE,2018-10-19 11:00:00,-7.081113969822578,1.4868185699280554,0.0016260247081126636,1.2737807150262908,-0.0008775495529425824,-0.017355714046917062,-6.901270717054447,-2.9311555085544723
KRE,2018-10-20 11:00:00,-7.081113969822578,1.4868185699280554,0.0016260247081126636,1.2737807150262908,-0.0008775495529425824,-0.017355714046917062,-6.901270717054447,-2.9311555085544723
KRE,2018-10-21 11:00:00,-7.081113969822578,1.4868185699280554,0.0016260247081126636,1.2737807150262908,-0.0008775495529425824,-0.017355714046917062,-6.901270717054447,-2.9311555085544723
KRE,2018-10-22 11:00:00,-7.081113969822578,1.4868185699280554,0.0016260247081126636,1.2737807150262908,-0.0008775495529425824,-0.017355714046917062,-6.901270717054447,-2.9311555085544723
KRE,2018-10-22 11:00:00,-11.786192645137533,1.661200098400525,0.001964440716192089,1.8906640519416145,-0.0001356021460890896,-0.04740698098104501,-12.105016558041036,-3.190733577288482
KRE,2018-10-23 11:00:00,-11.786192645137533,1.661200098400525,0.001964440716192089,1.8906640519416145,-0.0001356021460890896,-0.04740698098104501,-12.105016558041036,-3.190733577288482
KRE,2018-10-24 11:00:00,-11.786192645137533,1.661200098400525,0.001964440716192089,1.8906640519416145,-0.0001356021460890896,-0.04740698098104501,-12.105016558041036,-3.190733577288482
KRE,2018-10-25 11:00:00,-11.786192645137533,1.661200098400525,0.001964440716192089,1.8906640519416145,-0.0001356021460890896,-0.04740698098104501,-12.105016558041036,-3.190733577288482
KRE,2018-10-26 11:00:00,-11.786192645137533,1.661200098400525,0.001964440716192089,1.8906640519416145,-0.0001356021460890896,-0.04740698098104501,-12.105016558041036,-3.190733577288482
KRE,2018-10-27 11:00:00,-11.786192645137533,1.661200098400525,0.001964440716192089,1.8906640519416145,-0.0001356021460890896,-0.04740698098104501,-12.105016558041036,-3.190733577288482
KRE,2018-10-28 11:00:00,-11.786192645137533,1.661200098400525,0.001964440716192089,1.8906640519416145,-0.0001356021460890896,-0.04740698098104501,-12.105016558041036,-3.190733577288482
KRE,2018-10-29 11:00:00,-11.786192645137533,1.661200098400525,0.001964440716192089,1.8906640519416145,-0.0001356021460890896,-0.04740698098104501,-12.105016558041036,-3.190733577288482
KRE,2018-10-30 11:00:00,-11.786192645137533,1.661200098400525,0.001964440716192089,1.8906640519416145,-0.0001356021460890896,-0.04740698098104501,-12.105016558041036,-3.190733577288482
KRE,2018-10-31 11:00:00,-11.786192645137533,1.661200098400525,0.001964440716192089,1.8906640519416145,-0.0001356021460890896,-0.04740698098104501,-12.105016558041036,-3.190733577288482
KRE,2018-11-01 11:00:00,-11.786192645137533,1.661200098400525,0.001964440716192089,1.8906640519416145,-0.0001356021460890896,-0.04740698098104501,-12.105016558041036,-3.190733577288482
KRE,2018-11-02 11:00:00,-11.786192645137533,1.661200098400525,0.001964440716192089,1.8906640519416145,-0.0001356021460890896,-0.04740698098104501,-12.105016558041036,-3.190733577288482
KRE,2018-11-03 11:00:00,-11.786192645137533,1.661200098400525,0.001964440716192089,1.8906640519416145,-0.0001356021460890896,-0.04740698098104501,-12.105016558041036,-3.190733577288482
KRE,2018-11-04 11:00:00,-11.786192645137533,1.661200098400525,0.001964440716192089,1.8906640519416145,-0.0001356021460890896,-0.04740698098104501,-12.105016558041036,-3.190733577288482
KRE,2018-11-05 11:00:00,-11.786192645137533,1.661200098400525,0.001964440716192089,1.8906640519416145,-0.0001356021460890896,-0.04740698098104501,-12.105016558041036,-3.190733577288482
KRE,2018-11-05 11:00:00,-11.696898922378029,1.9081474709359385,0.0032957889847483064,0.8541232414021855,-0.0006940096384650575,0.013076815867192722,-9.965260497389048,-4.568793058944164
KRE,2018-11-06 11:00:00,-11.696898922378029,1.9081474709359385,0.0032957889847483064,0.8541232414021855,-0.0006940096384650575,0.013076815867192722,-9.965260497389048,-4.568793058944164
KRE,2018-11-07 11:00:00,-11.696898922378029,1.9081474709359385,0.0032957889847483064,0.8541232414021855,-0.0006940096384650575,0.013076815867192722,-9.965260497389048,-4.568793058944164
KRE,2018-11-08 11:00:00,-11.696898922378029,1.9081474709359385,0.0032957889847483064,0.8541232414021855,-0.0006940096384650575,0.013076815867192722,-9.965260497389048,-4.568793058944164
KRE,2018-11-09 11:00:00,-11.696898922378029,1.9081474709359385,0.0032957889847483064,0.8541232414021855,-0.0006940096384650575,0.013076815867192722,-9.965260497389048,-4.568793058944164
KRE,2018-11-10 11:00:00,-11.696898922378029,1.9081474709359385,0.0032957889847483064,0.8541232414021855,-0.0006940096384650575,0.013076815867192722,-9.965260497389048,-4.568793058944164
KRE,2018-11-11 11:00:00,-11.696898922378029,1.9081474709359385,0.0032957889847483064,0.8541232414021855,-0.0006940096384650575,0.013076815867192722,-9.965260497389048,-4.568793058944164
KRE,2018-11-12 11:00:00,-11.696898922378029,1.9081474709359385,0.0032957889847483064,0.8541232414021855,-0.0006940096384650575,0.013076815867192722,-9.965260497389048,-4.568793058944164
KRE,2018-11-13 11:00:00,-11.696898922378029,1.9081474709359385,0.0032957889847483064,0.8541232414021855,-0.0006940096384650575,0.013076815867192722,-9.965260497389048,-4.568793058944164
KRE,2018-11-14 11:00:00,-11.696898922378029,1.9081474709359385,0.0032957889847483064,0.8541232414021855,-0.0006940096384650575,0.013076815867192722,-9.965260497389048,-4.568793058944164
KRE,2018-11-15 11:00:00,-11.696898922378029,1.9081474709359385,0.0032957889847483064,0.8541232414021855,-0.0006940096384650575,0.013076815867192722,-9.965260497389048,-4.568793058944164
KRE,2018-11-16 11:00:00,-11.696898922378029,1.9081474709359385,0.0032957889847483064,0.8541232414021855,-0.0006940096384650575,0.013076815867192722,-9.965260497389048,-4.568793058944164
KRE,2018-11-17 11:00:00,-11.696898922378029,1.9081474709359385,0.0032957889847483064,0.8541232414021855,-0.0006940096384650575,0.013076815867192722,-9.965260497389048,-4.568793058944164
KRE,2018-11-18 11:00:00,-11.696898922378029,1.9081474709359385,0.0032957889847483064,0.8541232414021855,-0.0006940096384650575,0.013076815867192722,-9.965260497389048,-4.568793058944164
KRE,2018-11-19 11:00:00,-11.696898922378029,1.9081474709359385,0.0032957889847483064,0.8541232414021855,-0.0006940096384650575,0.013076815867192722,-9.965260497389048,-4.568793058944164
KRE,2018-11-19 11:00:00,-13.75189855965341,1.1917717327478432,0.006043310608399921,0.5652071212911282,-0.00021256873689789112,0.043110506983558186,-10.306069742265956,-5.365913970833936
KRE,2018-11-20 11:00:00,-13.75189855965341,1.1917717327478432,0.006043310608399921,0.5652071212911282,-0.00021256873689789112,0.043110506983558186,-10.306069742265956,-5.365913970833936
KRE,2018-11-21 11:00:00,-13.75189855965341,1.1917717327478432,0.006043310608399921,0.5652071212911282,-0.00021256873689789112,0.043110506983558186,-10.306069742265956,-5.365913970833936
KRE,2018-11-22 11:00:00,-13.75189855965341,1.1917717327478432,0.006043310608399921,0.5652071212911282,-0.00021256873689789112,0.043110506983558186,-10.306069742265956,-5.365913970833936
KRE,2018-11-23 11:00:00,-13.75189855965341,1.1917717327478432,0.006043310608399921,0.5652071212911282,-0.00021256873689789112,0.043110506983558186,-10.306069742265956,-5.365913970833936
KRE,2018-11-24 11:00:00,-13.75189855965341,1.1917717327478432,0.006043310608399921,0.5652071212911282,-0.00021256873689789112,0.043110506983558186,-10.306069742265956,-5.365913970833936
KRE,2018-11-25 11:00:00,-13.75189855965341,1.1917717327478432,0.006043310608399921,0.5652071212911282,-0.00021256873689789112,0.043110506983558186,-10.306069742265956,-5.365913970833936
KRE,2018-11-26 11:00:00,-13.75189855965341,1.1917717327478432,0.006043310608399921,0.5652071212911282,-0.00021256873689789112,0.043110506983558186,-10.306069742265956,-5.365913970833936
KRE,2018-11-27 11:00:00,-13.75189855965341,1.1917717327478432,0.006043310608399921,0.5652071212911282,-0.00021256873689789112,0.043110506983558186,-10.306069742265956,-5.365913970833936
KRE,2018-11-28 11:00:00,-13.75189855965341,1.1917717327478432,0.006043310608399921,0.5652071212911282,-0.00021256873689789112,0.043110506983558186,-10.306069742265956,-5.365913970833936
KRE,2018-11-29 11:00:00,-13.75189855965341,1.1917717327478432,0.006043310608399921,0.5652071212911282,-0.00021256873689789112,0.043110506983558186,-10.306069742265956,-5.365913970833936
KRE,2018-11-30 11:00:00,-13.75189855965341,1.1917717327478432,0.006043310608399921,0.5652071212911282,-0.00021256873689789112,0.043110506983558186,-10.306069742265956,-5.365913970833936
KRE,2018-12-01 11:00:00,-13.75189855965341,1.1917717327478432,0.006043310608399921,0.5652071212911282,-0.00021256873689789112,0.043110506983558186,-10.306069742265956,-5.365913970833936
KRE,2018-12-02 11:00:00,-13.75189855965341,1.1917717327478432,0.006043310608399921,0.5652071212911282,-0.00021256873689789112,0.043110506983558186,-10.306069742265956,-5.365913970833936
KRE,2018-12-03 11:00:00,-13.75189855965341,1.1917717327478432,0.006043310608399921,0.5652071212911282,-0.00021256873689789112,0.043110506983558186,-10.306069742265956,-5.365913970833936
KRE,2018-12-03 11:00:00,-15.926706296085534,1.4146540338477598,0.002403486102798287,0.5615646745219973,-0.00024248609426410134,0.058351948151571444,-11.229750552005584,-6.9184617618956565
KRE,2018-12-04 11:00:00,-15.926706296085534,1.4146540338477598,0.002403486102798287,0.5615646745219973,-0.00024248609426410134,0.058351948151571444,-11.229750552005584,-6.9184617618956565
KRE,2018-12-05 11:00:00,-15.926706296085534,1.4146540338477598,0.002403486102798287,0.5615646745219973,-0.00024248609426410134,0.058351948151571444,-11.229750552005584,-6.9184617618956565
KRE,2018-12-06 11:00:00,-15.926706296085534,1.4146540338477598,0.002403486102798287,0.5615646745219973,-0.00024248609426410134,0.058351948151571444,-11.229750552005584,-6.9184617618956565
KRE,2018-12-07 11:00:00,-15.926706296085534,1.4146540338477598,0.002403486102798287,0.5615646745219973,-0.00024248609426410134,0.058351948151571444,-11.229750552005584,-6.9184617618956565
KRE,2018-12-08 11:00:00,-15.926706296085534,1.4146540338477598,0.002403486102798287,0.5615646745219973,-0.00024248609426410134,0.058351948151571444,-11.229750552005584,-6.9184617618956565
KRE,2018-12-09 11:00:00,-15.926706296085534,1.4146540338477598,0.002403486102798287,0.5615646745219973,-0.00024248609426410134,0.058351948151571444,-11.229750552005584,-6.9184617618956565
KRE,2018-12-10 11:00:00,-15.926706296085534,1.4146540338477598,0.002403486102798287,0.5615646745219973,-0.00024248609426410134,0.058351948151571444,-11.229750552005584,-6.9184617618956565
KRE,2018-12-11 11:00:00,-15.926706296085534,1.4146540338477598,0.002403486102798287,0.5615646745219973,-0.00024248609426410134,0.058351948151571444,-11.229750552005584,-6.9184617618956565
KRE,2018-12-12 11:00:00,-15.926706296085534,1.4146540338477598,0.002403486102798287,0.5615646745219973,-0.00024248609426410134,0.058351948151571444,-11.229750552005584,-6.9184617618956565
KRE,2018-12-13 11:00:00,-15.926706296085534,1.4146540338477598,0.002403486102798287,0.5615646745219973,-0.00024248609426410134,0.058351948151571444,-11.229750552005584,-6.9184617618956565
KRE,2018-12-14 11:00:00,-15.926706296085534,1.4146540338477598,0.002403486102798287,0.5615646745219973,-0.00024248609426410134,0.058351948151571444,-11.229750552005584,-6.9184617618956565
KRE,2018-12-15 11:00:00,-15.926706296085534,1.4146540338477598,0.002403486102798287,0.5615646745219973,-0.00024248609426410134,0.058351948151571444,-11.229750552005584,-6.9184617618956565
KRE,2018-12-16 11:00:00,-15.926706296085534,1.4146540338477598,0.002403486102798287,0.5615646745219973,-0.00024248609426410134,0.058351948151571444,-11.229750552005584,-6.9184617618956565
KRE,2018-12-17 11:00:00,-15.926706296085534,1.4146540338477598,0.002403486102798287,0.5615646745219973,-0.00024248609426410134,0.058351948151571444,-11.229750552005584,-6.9184617618956565
KRE,2018-12-17 11:00:00,-13.677744440269926,2.1376734825716106,0.007715946747742938,0.23273681576913832,-0.0001581290121672869,0.006661956242665233,-9.67114859903975,-6.490127751774878
KRE,2018-12-18 11:00:00,-13.677744440269926,2.1376734825716106,0.007715946747742938,0.23273681576913832,-0.0001581290121672869,0.006661956242665233,-9.67114859903975,-6.490127751774878
KRE,2018-12-19 11:00:00,-13.677744440269926,2.1376734825716106,0.007715946747742938,0.23273681576913832,-0.0001581290121672869,0.006661956242665233,-9.67114859903975,-6.490127751774878
KRE,2018-12-20 11:00:00,-13.677744440269926,2.1376734825716106,0.007715946747742938,0.23273681576913832,-0.0001581290121672869,0.006661956242665233,-9.67114859903975,-6.490127751774878
KRE,2018-12-21 11:00:00,-13.677744440269926,2.1376734825716106,0.007715946747742938,0.23273681576913832,-0.0001581290121672869,0.006661956242665233,-9.67114859903975,-6.490127751774878
KRE,2018-12-22 11:00:00,-13.677744440269926,2.1376734825716106,0.007715946747742938,0.23273681576913832,-0.0001581290121672869,0.006661956242665233,-9.67114859903975,-6.490127751774878
KRE,2018-12-23 11:00:00,-13.677744440269926,2.1376734825716106,0.007715946747742938,0.23273681576913832,-0.0001581290121672869,0.006661956242665233,-9.67114859903975,-6.490127751774878
KRE,2018-12-24 11:00:00,-13.677744440269926,2.1376734825716106,0.007715946747742938,0.23273681576913832,-0.0001581290121672869,0.006661956242665233,-9.67114859903975,-6.490127751774878
KRE,2018-12-25 11:00:00,-13.677744440269926,2.1376734825716106,0.007715946747742938,0.23273681576913832,-0.0001581290121672869,0.006661956242665233,-9.67114859903975,-6.490127751774878
KRE,2018-12-26 11:00:00,-13.677744440269926,2.1376734825716106,0.007715946747742938,0.23273681576913832,-0.0001581290121672869,0.006661956242665233,-9.67114859903975,-6.490127751774878
KRE,2018-12-27 11:00:00,-13.677744440269926,2.1376734825716106,0.007715946747742938,0.23273681576913832,-0.0001581290121672869,0.006661956242665233,-9.67114859903975,-6.490127751774878
KRE,2018-12-28 11:00:00,-13.677744440269926,2.1376734825716106,0.007715946747742938,0.23273681576913832,-0.0001581290121672869,0.006661956242665233,-9.67114859903975,-6.490127751774878
KRE,2018-12-29 11:00:00,-13.677744440269926,2.1376734825716106,0.007715946747742938,0.23273681576913832,-0.0001581290121672869,0.006661956242665233,-9.67114859903975,-6.490127751774878
KRE,2018-12-30 11:00:00,-13.677744440269926,2.1376734825716106,0.007715946747742938,0.23273681576913832,-0.0001581290121672869,0.006661956242665233,-9.67114859903975,-6.490127751774878
KRE,2018-12-31 11:00:00,-13.677744440269926,2.1376734825716106,0.007715946747742938,0.23273681576913832,-0.0001581290121672869,0.006661956242665233,-9.67114859903975,-6.490127751774878
KRE,2018-12-31 11:00:00,-14.235425278338461,3.672332943643041,0.012686649362802291,0.2687707033513105,-7.732652280510423e-05,0.006168613682342565,-11.34400512595811,-6.970818021072816
KRE,2019-01-01 11:00:00,-14.235425278338461,3.672332943643041,0.012686649362802291,0.2687707033513105,-7.732652280510423e-05,0.006168613682342565,-11.34400512595811,-6.970818021072816
KRE,2019-01-02 11:00:00,-14.235425278338461,3.672332943643041,0.012686649362802291,0.2687707033513105,-7.732652280510423e-05,0.006168613682342565,-11.34400512595811,-6.970818021072816
KRE,2019-01-03 11:00:00,-14.235425278338461,3.672332943643041,0.012686649362802291,0.2687707033513105,-7.732652280510423e-05,0.006168613682342565,-11.34400512595811,-6.970818021072816
KRE,2019-01-04 11:00:00,-14.235425278338461,3.672332943643041,0.012686649362802291,0.2687707033513105,-7.732652280510423e-05,0.006168613682342565,-11.34400512595811,-6.970818021072816
KRE,2019-01-05 11:00:00,-14.235425278338461,3.672332943643041,0.012686649362802291,0.2687707033513105,-7.732652280510423e-05,0.006168613682342565,-11.34400512595811,-6.970818021072816
KRE,2019-01-06 11:00:00,-14.235425278338461,3.672332943643041,0.012686649362802291,0.2687707033513105,-7.732652280510423e-05,0.006168613682342565,-11.34400512595811,-6.970818021072816
KRE,2019-01-07 11:00:00,-14.235425278338461,3.672332943643041,0.012686649362802291,0.2687707033513105,-7.732652280510423e-05,0.006168613682342565,-11.34400512595811,-6.970818021072816
KRE,2019-01-08 11:00:00,-14.235425278338461,3.672332943643041,0.012686649362802291,0.2687707033513105,-7.732652280510423e-05,0.006168613682342565,-11.34400512595811,-6.970818021072816
KRE,2019-01-09 11:00:00,-14.235425278338461,3.672332943643041,0.012686649362802291,0.2687707033513105,-7.732652280510423e-05,0.006168613682342565,-11.34400512595811,-6.970818021072816
KRE,2019-01-10 11:00:00,-14.235425278338461,3.672332943643041,0.012686649362802291,0.2687707033513105,-7.732652280510423e-05,0.006168613682342565,-11.34400512595811,-6.970818021072816
KRE,2019-01-11 11:00:00,-14.235425278338461,3.672332943643041,0.012686649362802291,0.2687707033513105,-7.732652280510423e-05,0.006168613682342565,-11.34400512595811,-6.970818021072816
KRE,2019-01-12 11:00:00,-14.235425278338461,3.672332943643041,0.012686649362802291,0.2687707033513105,-7.732652280510423e-05,0.006168613682342565,-11.34400512595811,-6.970818021072816
KRE,2019-01-13 11:00:00,-14.235425278338461,3.672332943643041,0.012686649362802291,0.2687707033513105,-7.732652280510423e-05,0.006168613682342565,-11.34400512595811,-6.970818021072816
KRE,2019-01-14 11:00:00,-14.235425278338461,3.672332943643041,0.012686649362802291,0.2687707033513105,-7.732652280510423e-05,0.006168613682342565,-11.34400512595811,-6.970818021072816
LIN,2018-01-01 11:00:00,-21.565268201594535,3.6586373044599143,0.013800756363320444,0.2556791609657877,-0.0008969481315150386,0.059545046964298985,-26.302083241076314,0.7758850295862246
LIN,2018-01-02 11:00:00,-21.565268201594535,3.6586373044599143,0.013800756363320444,0.2556791609657877,-0.0008969481315150386,0.059545046964298985,-26.302083241076314,0.7758850295862246
LIN,2018-01-03 11:00:00,-21.565268201594535,3.6586373044599143,0.013800756363320444,0.2556791609657877,-0.0008969481315150386,0.059545046964298985,-26.302083241076314,0.7758850295862246
LIN,2018-01-04 11:00:00,-21.565268201594535,3.6586373044599143,0.013800756363320444,0.2556791609657877,-0.0008969481315150386,0.059545046964298985,-26.302083241076314,0.7758850295862246
LIN,2018-01-05 11:00:00,-21.565268201594535,3.6586373044599143,0.013800756363320444,0.2556791609657877,-0.0008969481315150386,0.059545046964298985,-26.302083241076314,0.7758850295862246
LIN,2018-01-06 11:00:00,-21.565268201594535,3.6586373044599143,0.013800756363320444,0.2556791609657877,-0.0008969481315150386,0.059545046964298985,-26.302083241076314,0.7758850295862246
LIN,2018-01-07 11:00:00,-21.565268201594535,3.6586373044599143,0.013800756363320444,0.2556791609657877,-0.0008969481315150386,0.059545046964298985,-26.302083241076314,0.7758850295862246
LIN,2018-01-08 11:00:00,-21.565268201594535,3.6586373044599143,0.013800756363320444,0.2556791609657877,-0.0008969481315150386,0.059545046964298985,-26.302083241076314,0.7758850295862246
LIN,2018-01-09 11:00:00,-21.565268201594535,3.6586373044599143,0.013800756363320444,0.2556791609657877,-0.0008969481315150386,0.059545046964298985,-26.302083241076314,0.7758850295862246
LIN,2018-01-10 11:00:00,-21.565268201594535,3.6586373044599143,0.013800756363320444,0.2556791609657877,-0.0008969481315150386,0.059545046964298985,-26.302083241076314,0.7758850295862246
LIN,2018-01-11 11:00:00,-21.565268201594535,3.6586373044599143,0.013800756363320444,0.2556791609657877,-0.0008969481315150386,0.059545046964298985,-26.302083241076314,0.7758850295862246
LIN,2018-01-12 11:00:00,-21.565268201594535,3.6586373044599143,0.013800756363320444,0.2556791609657877,-0.0008969481315150386,0.059545046964298985,-26.302083241076314,0.7758850295862246
LIN,2018-01-13 11:00:00,-21.565268201594535,3.6586373044599143,0.013800756363320444,0.2556791609657877,-0.0008969481315150386,0.059545046964298985,-26.302083241076314,0.7758850295862246
LIN,2018-01-14 11:00:00,-21.565268201594535,3.6586373044599143,0.013800756363320444,0.2556791609657877,-0.0008969481315150386,0.059545046964298985,-26.302083241076314,0.7758850295862246
LIN,2018-01-15 11:00:00,-21.565268201594535,3.6586373044599143,0.013800756363320444,0.2556791609657877,-0.0008969481315150386,0.059545046964298985,-26.302083241076314,0.7758850295862246
LIN,2018-01-15 11:00:00,-19.85223311667579,1.3261940981755853,0.00541783181308267,0.29604367176490287,-0.0003494182432605529,0.09065184941496959,-22.029538301451762,0.4760574366158647
LIN,2018-01-16 11:00:00,-19.85223311667579,1.3261940981755853,0.00541783181308267,0.29604367176490287,-0.0003494182432605529,0.09065184941496959,-22.029538301451762,0.4760574366158647
LIN,2018-01-17 11:00:00,-19.85223311667579,1.3261940981755853,0.00541783181308267,0.29604367176490287,-0.0003494182432605529,0.09065184941496959,-22.029538301451762,0.4760574366158647
LIN,2018-01-18 11:00:00,-19.85223311667579,1.3261940981755853,0.00541783181308267,0.29604367176490287,-0.0003494182432605529,0.09065184941496959,-22.029538301451762,0.4760574366158647
LIN,2018-01-19 11:00:00,-19.85223311667579,1.3261940981755853,0.00541783181308267,0.29604367176490287,-0.0003494182432605529,0.09065184941496959,-22.029538301451762,0.4760574366158647
LIN,2018-01-20 11:00:00,-19.85223311667579,1.3261940981755853,0.00541783181308267,0.29604367176490287,-0.0003494182432605529,0.09065184941496959,-22.029538301451762,0.4760574366158647
LIN,2018-01-21 11:00:00,-19.85223311667579,1.3261940981755853,0.00541783181308267,0.29604367176490287,-0.0003494182432605529,0.09065184941496959,-22.029538301451762,0.4760574366158647
LIN,2018-01-22 11:00:00,-19.85223311667579,1.3261940981755853,0.00541783181308267,0.29604367176490287,-0.0003494182432605529,0.09065184941496959,-22.029538301451762,0.4760574366158647
LIN,2018-01-23 11:00:00,-19.85223311667579,1.3261940981755853,0.00541783181308267,0.29604367176490287,-0.0003494182432605529,0.09065184941496959,-22.029538301451762,0.4760574366158647
LIN,2018-01-24 11:00:00,-19.85223311667579,1.3261940981755853,0.00541783181308267,0.29604367176490287,-0.0003494182432605529,0.09065184941496959,-22.029538301451762,0.4760574366158647
LIN,2018-01-25 11:00:00,-19.85223311667579,1.3261940981755853,0.00541783181308267,0.29604367176490287,-0.0003494182432605529,0.09065184941496959,-22.029538301451762,0.4760574366158647
LIN,2018-01-26 11:00:00,-19.85223311667579,1.3261940981755853,0.00541783181308267,0.29604367176490287,-0.0003494182432605529,0.09065184941496959,-22.029538301451762,0.4760574366158647
LIN,2018-01-27 11:00:00,-19.85223311667579,1.3261940981755853,0.00541783181308267,0.29604367176490287,-0.0003494182432605529,0.09065184941496959,-22.029538301451762,0.4760574366158647
LIN,2018-01-28 11:00:00,-19.85223311667579,1.3261940981755853,0.00541783181308267,0.29604367176490287,-0.0003494182432605529,0.09065184941496959,-22.029538301451762,0.4760574366158647
LIN,2018-01-29 11:00:00,-19.85223311667579,1.3261940981755853,0.00541783181308267,0.29604367176490287,-0.0003494182432605529,0.09065184941496959,-22.029538301451762,0.4760574366158647
LIN,2018-01-29 11:00:00,-18.515144119410273,5.476240056622238,0.008567286697831137,0.27647992771899077,-0.0003060577071968492,0.06748776590984118,-23.72124316676577,-0.6439138219291974
LIN,2018-01-30 11:00:00,-18.515144119410273,5.476240056622238,0.008567286697831137,0.27647992771899077,-0.0003060577071968492,0.06748776590984118,-23.72124316676577,-0.6439138219291974
LIN,2018-01-31 11:00:00,-18.515144119410273,5.476240056622238,0.008567286697831137,0.27647992771899077,-0.0003060577071968492,0.06748776590984118,-23.72124316676577,-0.6439138219291974
LIN,2018-02-01 11:00:00,-18.515144119410273,5.476240056622238,0.008567286697831137,0.27647992771899077,-0.0003060577071968492,0.06748776590984118,-23.72124316676577,-0.6439138219291974
LIN,2018-02-02 11:00:00,-18.515144119410273,5.476240056622238,0.008567286697831137,0.27647992771899077,-0.0003060577071968492,0.06748776590984118,-23.72124316676577,-0.6439138219291974
LIN,2018-02-03 11:00:00,-18.515144119410273,5.476240056622238,0.008567286697831137,0.27647992771899077,-0.0003060577071968492,0.06748776590984118,-23.72124316676577,-0.6439138219291974
LIN,2018-02-04 11:00:00,-18.515144119410273,5.476240056622238,0.008567286697831137,0.27647992771899077,-0.0003060577071968492,0.06748776590984118,-23.72124316676577,-0.6439138219291974
LIN,2018-02-05 11:00:00,-18.515144119410273,5.476240056622238,0.008567286697831137,0.27647992771899077,-0.0003060577071968492,0.06748776590984118,-23.72124316676577,-0.6439138219291974
LIN,2018-02-06 11:00:00,-18.515144119410273,5.476240056622238,0.008567286697831137,0.27647992771899077,-0.0003060577071968492,0.06748776590984118,-23.72124316676577,-0.6439138219291974
LIN,2018-02-07 11:00:00,-18.515144119410273,5.476240056622238,0.008567286697831137,0.27647992771899077,-0.0003060577071968492,0.06748776590984118,-23.72124316676577,-0.6439138219291974
LIN,2018-02-08 11:00:00,-18.515144119410273,5.476240056622238,0.008567286697831137,0.27647992771899077,-0.0003060577071968492,0.06748776590984118,-23.72124316676577,-0.6439138219291974
LIN,2018-02-09 11:00:00,-18.515144119410273,5.476240056622238,0.008567286697831137,0.27647992771899077,-0.0003060577071968492,0.06748776590984118,-23.72124316676577,-0.6439138219291974
LIN,2018-02-10 11:00:00,-18.515144119410273,5.476240056622238,0.008567286697831137,0.27647992771899077,-0.0003060577071968492,0.06748776590984118,-23.72124316676577,-0.6439138219291974
LIN,2018-02-11 11:00:00,-18.515144119410273,5.476240056622238,0.008567286697831137,0.27647992771899077,-0.0003060577071968492,0.06748776590984118,-23.72124316676577,-0.6439138219291974
LIN,2018-02-12 11:00:00,-18.515144119410273,5.476240056622238,0.008567286697831137,0.27647992771899077,-0.0003060577071968492,0.06748776590984118,-23.72124316676577,-0.6439138219291974
LIN,2018-02-12 11:00:00,-19.023669891537523,3.1362489634904414,0.006976173355254394,0.38443235352848254,-0.0003195305618807821,0.08697157432662884,-21.85650454070731,-0.809226131476077
LIN,2018-02-13 11:00:00,-19.023669891537523,3.1362489634904414,0.006976173355254394,0.38443235352848254,-0.0003195305618807821,0.08697157432662884,-21.85650454070731,-0.809226131476077
LIN,2018-02-14 11:00:00,-19.023669891537523,3.1362489634904414,0.006976173355254394,0.38443235352848254,-0.0003195305618807821,0.08697157432662884,-21.85650454070731,-0.809226131476077
LIN,2018-02-15 11:00:00,-19.023669891537523,3.1362489634904414,0.006976173355254394,0.38443235352848254,-0.0003195305618807821,0.08697157432662884,-21.85650454070731,-0.809226131476077
LIN,2018-02-16 11:00:00,-19.023669891537523,3.1362489634904414,0.006976173355254394,0.38443235352848254,-0.0003195305618807821,0.08697157432662884,-21.85650454070731,-0.809226131476077
LIN,2018-02-17 11:00:00,-19.023669891537523,3.1362489634904414,0.006976173355254394,0.38443235352848254,-0.0003195305618807821,0.08697157432662884,-21.85650454070731,-0.809226131476077
LIN,2018-02-18 11:00:00,-19.023669891537523,3.1362489634904414,0.006976173355254394,0.38443235352848254,-0.0003195305618807821,0.08697157432662884,-21.85650454070731,-0.809226131476077
LIN,2018-02-19 11:00:00,-19.023669891537523,3.1362489634904414,0.006976173355254394,0.38443235352848254,-0.0003195305618807821,0.08697157432662884,-21.85650454070731,-0.809226131476077
LIN,2018-02-20 11:00:00,-19.023669891537523,3.1362489634904414,0.006976173355254394,0.38443235352848254,-0.0003195305618807821,0.08697157432662884,-21.85650454070731,-0.809226131476077
LIN,2018-02-21 11:00:00,-19.023669891537523,3.1362489634904414,0.006976173355254394,0.38443235352848254,-0.0003195305618807821,0.08697157432662884,-21.85650454070731,-0.809226131476077
LIN,2018-02-22 11:00:00,-19.023669891537523,3.1362489634904414,0.006976173355254394,0.38443235352848254,-0.0003195305618807821,0.08697157432662884,-21.85650454070731,-0.809226131476077
LIN,2018-02-23 11:00:00,-19.023669891537523,3.1362489634904414,0.006976173355254394,0.38443235352848254,-0.0003195305618807821,0.08697157432662884,-21.85650454070731,-0.809226131476077
LIN,2018-02-24 11:00:00,-19.023669891537523,3.1362489634904414,0.006976173355254394,0.38443235352848254,-0.0003195305618807821,0.08697157432662884,-21.85650454070731,-0.809226131476077
LIN,2018-02-25 11:00:00,-19.023669891537523,3.1362489634904414,0.006976173355254394,0.38443235352848254,-0.0003195305618807821,0.08697157432662884,-21.85650454070731,-0.809226131476077
LIN,2018-02-26 11:00:00,-19.023669891537523,3.1362489634904414,0.006976173355254394,0.38443235352848254,-0.0003195305618807821,0.08697157432662884,-21.85650454070731,-0.809226131476077
LIN,2018-02-26 11:00:00,-19.522181725201317,1.8276192716100421,0.002907369449788938,0.35602838186903224,0.00015159392649677437,0.05259252764934271,-19.547752825800355,-2.275413726398048
LIN,2018-02-27 11:00:00,-19.522181725201317,1.8276192716100421,0.002907369449788938,0.35602838186903224,0.00015159392649677437,0.05259252764934271,-19.547752825800355,-2.275413726398048
LIN,2018-02-28 11:00:00,-19.522181725201317,1.8276192716100421,0.002907369449788938,0.35602838186903224,0.00015159392649677437,0.05259252764934271,-19.547752825800355,-2.275413726398048
LIN,2018-03-01 11:00:00,-19.522181725201317,1.8276192716100421,0.002907369449788938,0.35602838186903224,0.00015159392649677437,0.05259252764934271,-19.547752825800355,-2.275413726398048
LIN,2018-03-02 11:00:00,-19.522181725201317,1.8276192716100421,0.002907369449788938,0.35602838186903224,0.00015159392649677437,0.05259252764934271,-19.547752825800355,-2.275413726398048
LIN,2018-03-03 11:00:00,-19.522181725201317,1.8276192716100421,0.002907369449788938,0.35602838186903224,0.00015159392649677437,0.05259252764934271,-19.547752825800355,-2.275413726398048
LIN,2018-03-04 11:00:00,-19.522181725201317,1.8276192716100421,0.002907369449788938,0.35602838186903224,0.00015159392649677437,0.05259252764934271,-19.547752825800355,-2.275413726398048
LIN,2018-03-05 11:00:00,-19.522181725201317,1.8276192716100421,0.002907369449788938,0.35602838186903224,0.00015159392649677437,0.05259252764934271,-19.547752825800355,-2.275413726398048
LIN,2018-03-06 11:00:00,-19.522181725201317,1.8276192716100421,0.002907369449788938,0.35602838186903224,0.00015159392649677437,0.05259252764934271,-19.547752825800355,-2.275413726398048
LIN,2018-03-07 11:00:00,-19.522181725201317,1.8276192716100421,0.002907369449788938,0.35602838186903224,0.00015159392649677437,0.05259252764934271,-19.547752825800355,-2.275413726398048
LIN,2018-03-08 11:00:00,-19.522181725201317,1.8276192716100421,0.002907369449788938,0.35602838186903224,0.00015159392649677437,0.05259252764934271,-19.547752825800355,-2.275413726398048
LIN,2018-03-09 11:00:00,-19.522181725201317,1.8276192716100421,0.002907369449788938,0.35602838186903224,0.00015159392649677437,0.05259252764934271,-19.547752825800355,-2.275413726398048
LIN,2018-03-10 11:00:00,-19.522181725201317,1.8276192716100421,0.002907369449788938,0.35602838186903224,0.00015159392649677437,0.05259252764934271,-19.547752825800355,-2.275413726398048
LIN,2018-03-11 11:00:00,-19.522181725201317,1.8276192716100421,0.002907369449788938,0.35602838186903224,0.00015159392649677437,0.05259252764934271,-19.547752825800355,-2.275413726398048
LIN,2018-03-12 11:00:00,-19.522181725201317,1.8276192716100421,0.002907369449788938,0.35602838186903224,0.00015159392649677437,0.05259252764934271,-19.547752825800355,-2.275413726398048
LIN,2018-03-12 11:00:00,-20.90184308690016,1.5746176816175805,0.0065614895935843,0.4175085359457029,-0.0002693003286081635,0.01646859049765704,-21.12380113131572,-1.8380285833126813
LIN,2018-03-13 11:00:00,-20.90184308690016,1.5746176816175805,0.0065614895935843,0.4175085359457029,-0.0002693003286081635,0.01646859049765704,-21.12380113131572,-1.8380285833126813
LIN,2018-03-14 11:00:00,-20.90184308690016,1.5746176816175805,0.0065614895935843,0.4175085359457029,-0.0002693003286081635,0.01646859049765704,-21.12380113131572,-1.8380285833126813
LIN,2018-03-15 11:00:00,-20.90184308690016,1.5746176816175805,0.0065614895935843,0.4175085359457029,-0.0002693003286081635,0.01646859049765704,-21.12380113131572,-1.8380285833126813
LIN,2018-03-16 11:00:00,-20.90184308690016,1.5746176816175805,0.0065614895935843,0.4175085359457029,-0.0002693003286081635,0.01646859049765704,-21.12380113131572,-1.8380285833126813
LIN,2018-03-17 11:00:00,-20.90184308690016,1.5746176816175805,0.0065614895935843,0.4175085359457029,-0.0002693003286081635,0.01646859049765704,-21.12380113131572,-1.8380285833126813
LIN,2018-03-18 11:00:00,-20.90184308690016,1.5746176816175805,0.0065614895935843,0.4175085359457029,-0.0002693003286081635,0.01646859049765704,-21.12380113131572,-1.8380285833126813
LIN,2018-03-19 11:00:00,-20.90184308690016,1.5746176816175805,0.0065614895935843,0.4175085359457029,-0.0002693003286081635,0.01646859049765704,-21.12380113131572,-1.8380285833126813
LIN,2018-03-20 11:00:00,-20.90184308690016,1.5746176816175805,0.0065614895935843,0.4175085359457029,-0.0002693003286081635,0.01646859049765704,-21.12380113131572,-1.8380285833126813
LIN,2018-03-21 11:00:00,-20.90184308690016,1.5746176816175805,0.0065614895935843,0.4175085359457029,-0.0002693003286081635,0.01646859049765704,-21.12380113131572,-1.8380285833126813
LIN,2018-03-22 11:00:00,-20.90184308690016,1.5746176816175805,0.0065614895935843,0.4175085359457029,-0.0002693003286081635,0.01646859049765704,-21.12380113131572,-1.8380285833126813
LIN,2018-03-23 11:00:00,-20.90184308690016,1.5746176816175805,0.0065614895935843,0.4175085359457029,-0.0002693003286081635,0.01646859049765704,-21.12380113131572,-1.8380285833126813
LIN,2018-03-24 11:00:00,-20.90184308690016,1.5746176816175805,0.0065614895935843,0.4175085359457029,-0.0002693003286081635,0.01646859049765704,-21.12380113131572,-1.8380285833126813
LIN,2018-03-25 11:00:00,-20.90184308690016,1.5746176816175805,0.0065614895935843,0.4175085359457029,-0.0002693003286081635,0.01646859049765704,-21.12380113131572,-1.8380285833126813
LIN,2018-03-26 11:00:00,-20.90184308690016,1.5746176816175805,0.0065614895935843,0.4175085359457029,-0.0002693003286081635,0.01646859049765704,-21.12380113131572,-1.8380285833126813
LIN,2018-03-26 11:00:00,-14.323541077990011,2.3575832454887053,0.006049043321203961,0.3473838700749131,-0.0005331375515583677,0.015896847985628036,-15.917828465409972,-1.1550030324877465
LIN,2018-03-27 11:00:00,-14.323541077990011,2.3575832454887053,0.006049043321203961,0.3473838700749131,-0.0005331375515583677,0.015896847985628036,-15.917828465409972,-1.1550030324877465
LIN,2018-03-28 11:00:00,-14.323541077990011,2.3575832454887053,0.006049043321203961,0.3473838700749131,-0.0005331375515583677,0.015896847985628036,-15.917828465409972,-1.1550030324877465
LIN,2018-03-29 11:00:00,-14.323541077990011,2.3575832454887053,0.006049043321203961,0.3473838700749131,-0.0005331375515583677,0.015896847985628036,-15.917828465409972,-1.1550030324877465
LIN,2018-03-30 11:00:00,-14.323541077990011,2.3575832454887053,0.006049043321203961,0.3473838700749131,-0.0005331375515583677,0.015896847985628036,-15.917828465409972,-1.1550030324877465
LIN,2018-03-31 11:00:00,-14.323541077990011,2.3575832454887053,0.006049043321203961,0.3473838700749131,-0.0005331375515583677,0.015896847985628036,-15.917828465409972,-1.1550030324877465
LIN,2018-04-01 11:00:00,-14.323541077990011,2.3575832454887053,0.006049043321203961,0.3473838700749131,-0.0005331375515583677,0.015896847985628036,-15.917828465409972,-1.1550030324877465
LIN,2018-04-02 11:00:00,-14.323541077990011,2.3575832454887053,0.006049043321203961,0.3473838700749131,-0.0005331375515583677,0.015896847985628036,-15.917828465409972,-1.1550030324877465
LIN,2018-04-03 11:00:00,-14.323541077990011,2.3575832454887053,0.006049043321203961,0.3473838700749131,-0.0005331375515583677,0.015896847985628036,-15.917828465409972,-1.1550030324877465
LIN,2018-04-04 11:00:00,-14.323541077990011,2.3575832454887053,0.006049043321203961,0.3473838700749131,-0.0005331375515583677,0.015896847985628036,-15.917828465409972,-1.1550030324877465
LIN,2018-04-05 11:00:00,-14.323541077990011,2.3575832454887053,0.006049043321203961,0.3473838700749131,-0.0005331375515583677,0.015896847985628036,-15.917828465409972,-1.1550030324877465
LIN,2018-04-06 11:00:00,-14.323541077990011,2.3575832454887053,0.006049043321203961,0.3473838700749131,-0.0005331375515583677,0.015896847985628036,-15.917828465409972,-1.1550030324877465
LIN,2018-04-07 11:00:00,-14.323541077990011,2.3575832454887053,0.006049043321203961,0.3473838700749131,-0.0005331375515583677,0.015896847985628036,-15.917828465409972,-1.1550030324877465
LIN,2018-04-08 11:00:00,-14.323541077990011,2.3575832454887053,0.006049043321203961,0.3473838700749131,-0.0005331375515583677,0.015896847985628036,-15.917828465409972,-1.1550030324877465
LIN,2018-04-09 11:00:00,-14.323541077990011,2.3575832454887053,0.006049043321203961,0.3473838700749131,-0.0005331375515583677,0.015896847985628036,-15.917828465409972,-1.1550030324877465
LIN,2018-04-09 11:00:00,-14.45639005195676,1.4360106156858776,0.006247146881947677,0.576538181982203,-0.0010685792627389522,0.014760593063085132,-15.245624083404559,-1.2666202576717802
LIN,2018-04-10 11:00:00,-14.45639005195676,1.4360106156858776,0.006247146881947677,0.576538181982203,-0.0010685792627389522,0.014760593063085132,-15.245624083404559,-1.2666202576717802
LIN,2018-04-11 11:00:00,-14.45639005195676,1.4360106156858776,0.006247146881947677,0.576538181982203,-0.0010685792627389522,0.014760593063085132,-15.245624083404559,-1.2666202576717802
LIN,2018-04-12 11:00:00,-14.45639005195676,1.4360106156858776,0.006247146881947677,0.576538181982203,-0.0010685792627389522,0.014760593063085132,-15.245624083404559,-1.2666202576717802
LIN,2018-04-13 11:00:00,-14.45639005195676,1.4360106156858776,0.006247146881947677,0.576538181982203,-0.0010685792627389522,0.014760593063085132,-15.245624083404559,-1.2666202576717802
LIN,2018-04-14 11:00:00,-14.45639005195676,1.4360106156858776,0.006247146881947677,0.576538181982203,-0.0010685792627389522,0.014760593063085132,-15.245624083404559,-1.2666202576717802
LIN,2018-04-15 11:00:00,-14.45639005195676,1.4360106156858776,0.006247146881947677,0.576538181982203,-0.0010685792627389522,0.014760593063085132,-15.245624083404559,-1.2666202576717802
LIN,2018-04-16 11:00:00,-14.45639005195676,1.4360106156858776,0.006247146881947677,0.576538181982203,-0.0010685792627389522,0.014760593063085132,-15.245624083404559,-1.2666202576717802
LIN,2018-04-17 11:00:00,-14.45639005195676,1.4360106156858776,0.006247146881947677,0.576538181982203,-0.0010685792627389522,0.014760593063085132,-15.245624083404559,-1.2666202576717802
LIN,2018-04-18 11:00:00,-14.45639005195676,1.4360106156858776,0.006247146881947677,0.576538181982203,-0.0010685792627389522,0.014760593063085132,-15.245624083404559,-1.2666202576717802
LIN,2018-04-19 11:00:00,-14.45639005195676,1.4360106156858776,0.006247146881947677,0.576538181982203,-0.0010685792627389522,0.014760593063085132,-15.245624083404559,-1.2666202576717802
LIN,2018-04-20 11:00:00,-14.45639005195676,1.4360106156858776,0.006247146881947677,0.576538181982203,-0.0010685792627389522,0.014760593063085132,-15.245624083404559,-1.2666202576717802
LIN,2018-04-21 11:00:00,-14.45639005195676,1.4360106156858776,0.006247146881947677,0.576538181982203,-0.0010685792627389522,0.014760593063085132,-15.245624083404559,-1.2666202576717802
LIN,2018-04-22 11:00:00,-14.45639005195676,1.4360106156858776,0.006247146881947677,0.576538181982203,-0.0010685792627389522,0.014760593063085132,-15.245624083404559,-1.2666202576717802
LIN,2018-04-23 11:00:00,-14.45639005195676,1.4360106156858776,0.006247146881947677,0.576538181982203,-0.0010685792627389522,0.014760593063085132,-15.245624083404559,-1.2666202576717802
LIN,2018-04-23 11:00:00,-18.82019729397816,1.2586854451516831,0.005619092970753008,1.1609402726820046,-0.0014505291907877002,0.0065013087410235254,-19.54508041594231,-1.7412702564831075
LIN,2018-04-24 11:00:00,-18.82019729397816,1.2586854451516831,0.005619092970753008,1.1609402726820046,-0.0014505291907877002,0.0065013087410235254,-19.54508041594231,-1.7412702564831075
LIN,2018-04-25 11:00:00,-18.82019729397816,1.2586854451516831,0.005619092970753008,1.1609402726820046,-0.0014505291907877002,0.0065013087410235254,-19.54508041594231,-1.7412702564831075
LIN,2018-04-26 11:00:00,-18.82019729397816,1.2586854451516831,0.005619092970753008,1.1609402726820046,-0.0014505291907877002,0.0065013087410235254,-19.54508041594231,-1.7412702564831075
LIN,2018-04-27 11:00:00,-18.82019729397816,1.2586854451516831,0.005619092970753008,1.1609402726820046,-0.0014505291907877002,0.0065013087410235254,-19.54508041594231,-1.7412702564831075
LIN,2018-04-28 11:00:00,-18.82019729397816,1.2586854451516831,0.005619092970753008,1.1609402726820046,-0.0014505291907877002,0.0065013087410235254,-19.54508041594231,-1.7412702564831075
LIN,2018-04-29 11:00:00,-18.82019729397816,1.2586854451516831,0.005619092970753008,1.1609402726820046,-0.0014505291907877002,0.0065013087410235254,-19.54508041594231,-1.7412702564831075
LIN,2018-04-30 11:00:00,-18.82019729397816,1.2586854451516831,0.005619092970753008,1.1609402726820046,-0.0014505291907877002,0.0065013087410235254,-19.54508041594231,-1.7412702564831075
LIN,2018-05-01 11:00:00,-18.82019729397816,1.2586854451516831,0.005619092970753008,1.1609402726820046,-0.0014505291907877002,0.0065013087410235254,-19.54508041594231,-1.7412702564831075
LIN,2018-05-02 11:00:00,-18.82019729397816,1.2586854451516831,0.005619092970753008,1.1609402726820046,-0.0014505291907877002,0.0065013087410235254,-19.54508041594231,-1.7412702564831075
LIN,2018-05-03 11:00:00,-18.82019729397816,1.2586854451516831,0.005619092970753008,1.1609402726820046,-0.0014505291907877002,0.0065013087410235254,-19.54508041594231,-1.7412702564831075
LIN,2018-05-04 11:00:00,-18.82019729397816,1.2586854451516831,0.005619092970753008,1.1609402726820046,-0.0014505291907877002,0.0065013087410235254,-19.54508041594231,-1.7412702564831075
LIN,2018-05-05 11:00:00,-18.82019729397816,1.2586854451516831,0.005619092970753008,1.1609402726820046,-0.0014505291907877002,0.0065013087410235254,-19.54508041594231,-1.7412702564831075
LIN,2018-05-06 11:00:00,-18.82019729397816,1.2586854451516831,0.005619092970753008,1.1609402726820046,-0.0014505291907877002,0.0065013087410235254,-19.54508041594231,-1.7412702564831075
LIN,2018-05-07 11:00:00,-18.82019729397816,1.2586854451516831,0.005619092970753008,1.1609402726820046,-0.0014505291907877002,0.0065013087410235254,-19.54508041594231,-1.7412702564831075
LIN,2018-05-07 11:00:00,-11.630642351916071,3.271721468285346,0.005707217143995415,0.8538454193759584,-0.0014376267248309106,0.04089655764558879,-13.944230345708407,-1.896867804397303
LIN,2018-05-08 11:00:00,-11.630642351916071,3.271721468285346,0.005707217143995415,0.8538454193759584,-0.0014376267248309106,0.04089655764558879,-13.944230345708407,-1.896867804397303
LIN,2018-05-09 11:00:00,-11.630642351916071,3.271721468285346,0.005707217143995415,0.8538454193759584,-0.0014376267248309106,0.04089655764558879,-13.944230345708407,-1.896867804397303
LIN,2018-05-10 11:00:00,-11.630642351916071,3.271721468285346,0.005707217143995415,0.8538454193759584,-0.0014376267248309106,0.04089655764558879,-13.944230345708407,-1.896867804397303
LIN,2018-05-11 11:00:00,-11.630642351916071,3.271721468285346,0.005707217143995415,0.8538454193759584,-0.0014376267248309106,0.04089655764558879,-13.944230345708407,-1.896867804397303
LIN,2018-05-12 11:00:00,-11.630642351916071,3.271721468285346,0.005707217143995415,0.8538454193759584,-0.0014376267248309106,0.04089655764558879,-13.944230345708407,-1.896867804397303
LIN,2018-05-13 11:00:00,-11.630642351916071,3.271721468285346,0.005707217143995415,0.8538454193759584,-0.0014376267248309106,0.04089655764558879,-13.944230345708407,-1.896867804397303
LIN,2018-05-14 11:00:00,-11.630642351916071,3.271721468285346,0.005707217143995415,0.8538454193759584,-0.0014376267248309106,0.04089655764558879,-13.944230345708407,-1.896867804397303
LIN,2018-05-15 11:00:00,-11.630642351916071,3.271721468285346,0.005707217143995415,0.8538454193759584,-0.0014376267248309106,0.04089655764558879,-13.944230345708407,-1.896867804397303
LIN,2018-05-16 11:00:00,-11.630642351916071,3.271721468285346,0.005707217143995415,0.8538454193759584,-0.0014376267248309106,0.04089655764558879,-13.944230345708407,-1.896867804397303
LIN,2018-05-17 11:00:00,-11.630642351916071,3.271721468285346,0.005707217143995415,0.8538454193759584,-0.0014376267248309106,0.04089655764558879,-13.944230345708407,-1.896867804397303
LIN,2018-05-18 11:00:00,-11.630642351916071,3.271721468285346,0.005707217143995415,0.8538454193759584,-0.0014376267248309106,0.04089655764558879,-13.944230345708407,-1.896867804397303
LIN,2018-05-19 11:00:00,-11.630642351916071,3.271721468285346,0.005707217143995415,0.8538454193759584,-0.0014376267248309106,0.04089655764558879,-13.944230345708407,-1.896867804397303
LIN,2018-05-20 11:00:00,-11.630642351916071,3.271721468285346,0.005707217143995415,0.8538454193759584,-0.0014376267248309106,0.04089655764558879,-13.944230345708407,-1.896867804397303
LIN,2018-05-21 11:00:00,-11.630642351916071,3.271721468285346,0.005707217143995415,0.8538454193759584,-0.0014376267248309106,0.04089655764558879,-13.944230345708407,-1.896867804397303
LIN,2018-05-21 11:00:00,-6.92085463994886,0.6479553056924593,0.0015965265479650935,1.138031777844721,-0.0021446215162501284,0.02817851638851775,-6.955498467464987,-1.7987895577372277
LIN,2018-05-22 11:00:00,-6.92085463994886,0.6479553056924593,0.0015965265479650935,1.138031777844721,-0.0021446215162501284,0.02817851638851775,-6.955498467464987,-1.7987895577372277
LIN,2018-05-23 11:00:00,-6.92085463994886,0.6479553056924593,0.0015965265479650935,1.138031777844721,-0.0021446215162501284,0.02817851638851775,-6.955498467464987,-1.7987895577372277
LIN,2018-05-24 11:00:00,-6.92085463994886,0.6479553056924593,0.0015965265479650935,1.138031777844721,-0.0021446215162501284,0.02817851638851775,-6.955498467464987,-1.7987895577372277
LIN,2018-05-25 11:00:00,-6.92085463994886,0.6479553056924593,0.0015965265479650935,1.138031777844721,-0.0021446215162501284,0.02817851638851775,-6.955498467464987,-1.7987895577372277
LIN,2018-05-26 11:00:00,-6.92085463994886,0.6479553056924593,0.0015965265479650935,1.138031777844721,-0.0021446215162501284,0.02817851638851775,-6.955498467464987,-1.7987895577372277
LIN,2018-05-27 11:00:00,-6.92085463994886,0.6479553056924593,0.0015965265479650935,1.138031777844721,-0.0021446215162501284,0.02817851638851775,-6.955498467464987,-1.7987895577372277
LIN,2018-05-28 11:00:00,-6.92085463994886,0.6479553056924593,0.0015965265479650935,1.138031777844721,-0.0021446215162501284,0.02817851638851775,-6.955498467464987,-1.7987895577372277
LIN,2018-05-29 11:00:00,-6.92085463994886,0.6479553056924593,0.0015965265479650935,1.138031777844721,-0.0021446215162501284,0.02817851638851775,-6.955498467464987,-1.7987895577372277
LIN,2018-05-30 11:00:00,-6.92085463994886,0.6479553056924593,0.0015965265479650935,1.138031777844721,-0.0021446215162501284,0.02817851638851775,-6.955498467464987,-1.7987895577372277
LIN,2018-05-31 11:00:00,-6.92085463994886,0.6479553056924593,0.0015965265479650935,1.138031777844721,-0.0021446215162501284,0.02817851638851775,-6.955498467464987,-1.7987895577372277
LIN,2018-06-01 11:00:00,-6.92085463994886,0.6479553056924593,0.0015965265479650935,1.138031777844721,-0.0021446215162501284,0.02817851638851775,-6.955498467464987,-1.7987895577372277
LIN,2018-06-02 11:00:00,-6.92085463994886,0.6479553056924593,0.0015965265479650935,1.138031777844721,-0.0021446215162501284,0.02817851638851775,-6.955498467464987,-1.7987895577372277
LIN,2018-06-03 11:00:00,-6.92085463994886,0.6479553056924593,0.0015965265479650935,1.138031777844721,-0.0021446215162501284,0.02817851638851775,-6.955498467464987,-1.7987895577372277
LIN,2018-06-04 11:00:00,-6.92085463994886,0.6479553056924593,0.0015965265479650935,1.138031777844721,-0.0021446215162501284,0.02817851638851775,-6.955498467464987,-1.7987895577372277
LIN,2018-06-04 11:00:00,-8.52586776971526,0.8002119871054172,0.0003036384504205002,1.7694784088056141,-0.0012247748707327037,0.00048024404224850835,-9.35433408113698,-1.7576194925347353
LIN,2018-06-05 11:00:00,-8.52586776971526,0.8002119871054172,0.0003036384504205002,1.7694784088056141,-0.0012247748707327037,0.00048024404224850835,-9.35433408113698,-1.7576194925347353
LIN,2018-06-06 11:00:00,-8.52586776971526,0.8002119871054172,0.0003036384504205002,1.7694784088056141,-0.0012247748707327037,0.00048024404224850835,-9.35433408113698,-1.7576194925347353
LIN,2018-06-07 11:00:00,-8.52586776971526,0.8002119871054172,0.0003036384504205002,1.7694784088056141,-0.0012247748707327037,0.00048024404224850835,-9.35433408113698,-1.7576194925347353
LIN,2018-06-08 11:00:00,-8.52586776971526,0.8002119871054172,0.0003036384504205002,1.7694784088056141,-0.0012247748707327037,0.00048024404224850835,-9.35433408113698,-1.7576194925347353
LIN,2018-06-09 11:00:00,-8.52586776971526,0.8002119871054172,0.0003036384504205002,1.7694784088056141,-0.0012247748707327037,0.00048024404224850835,-9.35433408113698,-1.7576194925347353
LIN,2018-06-10 11:00:00,-8.52586776971526,0.8002119871054172,0.0003036384504205002,1.7694784088056141,-0.0012247748707327037,0.00048024404224850835,-9.35433408113698,-1.7576194925347353
LIN,2018-06-11 11:00:00,-8.52586776971526,0.8002119871054172,0.0003036384504205002,1.7694784088056141,-0.0012247748707327037,0.00048024404224850835,-9.35433408113698,-1.7576194925347353
LIN,2018-06-12 11:00:00,-8.52586776971526,0.8002119871054172,0.0003036384504205002,1.7694784088056141,-0.0012247748707327037,0.00048024404224850835,-9.35433408113698,-1.7576194925347353
LIN,2018-06-13 11:00:00,-8.52586776971526,0.8002119871054172,0.0003036384504205002,1.7694784088056141,-0.0012247748707327037,0.00048024404224850835,-9.35433408113698,-1.7576194925347353
LIN,2018-06-14 11:00:00,-8.52586776971526,0.8002119871054172,0.0003036384504205002,1.7694784088056141,-0.0012247748707327037,0.00048024404224850835,-9.35433408113698,-1.7576194925347353
LIN,2018-06-15 11:00:00,-8.52586776971526,0.8002119871054172,0.0003036384504205002,1.7694784088056141,-0.0012247748707327037,0.00048024404224850835,-9.35433408113698,-1.7576194925347353
LIN,2018-06-16 11:00:00,-8.52586776971526,0.8002119871054172,0.0003036384504205002,1.7694784088056141,-0.0012247748707327037,0.00048024404224850835,-9.35433408113698,-1.7576194925347353
LIN,2018-06-17 11:00:00,-8.52586776971526,0.8002119871054172,0.0003036384504205002,1.7694784088056141,-0.0012247748707327037,0.00048024404224850835,-9.35433408113698,-1.7576194925347353
LIN,2018-06-18 11:00:00,-8.52586776971526,0.8002119871054172,0.0003036384504205002,1.7694784088056141,-0.0012247748707327037,0.00048024404224850835,-9.35433408113698,-1.7576194925347353
LIN,2018-06-18 11:00:00,-11.672873237786467,1.100409727128528,0.0015856389924739259,1.8424335229268565,-0.001370337357441228,0.020198857251998093,-12.981213095505922,-1.6894385938625756
LIN,2018-06-19 11:00:00,-11.672873237786467,1.100409727128528,0.0015856389924739259,1.8424335229268565,-0.001370337357441228,0.020198857251998093,-12.981213095505922,-1.6894385938625756
LIN,2018-06-20 11:00:00,-11.672873237786467,1.100409727128528,0.0015856389924739259,1.8424335229268565,-0.001370337357441228,0.020198857251998093,-12.981213095505922,-1.6894385938625756
LIN,2018-06-21 11:00:00,-11.672873237786467,1.100409727128528,0.0015856389924739259,1.8424335229268565,-0.001370337357441228,0.020198857251998093,-12.981213095505922,-1.6894385938625756
LIN,2018-06-22 11:00:00,-11.672873237786467,1.100409727128528,0.0015856389924739259,1.8424335229268565,-0.001370337357441228,0.020198857251998093,-12.981213095505922,-1.6894385938625756
LIN,2018-06-23 11:00:00,-11.672873237786467,1.100409727128528,0.0015856389924739259,1.8424335229268565,-0.001370337357441228,0.020198857251998093,-12.981213095505922,-1.6894385938625756
LIN,2018-06-24 11:00:00,-11.672873237786467,1.100409727128528,0.0015856389924739259,1.8424335229268565,-0.001370337357441228,0.020198857251998093,-12.981213095505922,-1.6894385938625756
LIN,2018-06-25 11:00:00,-11.672873237786467,1.100409727128528,0.0015856389924739259,1.8424335229268565,-0.001370337357441228,0.020198857251998093,-12.981213095505922,-1.6894385938625756
LIN,2018-06-26 11:00:00,-11.672873237786467,1.100409727128528,0.0015856389924739259,1.8424335229268565,-0.001370337357441228,0.020198857251998093,-12.981213095505922,-1.6894385938625756
LIN,2018-06-27 11:00:00,-11.672873237786467,1.100409727128528,0.0015856389924739259,1.8424335229268565,-0.001370337357441228,0.020198857251998093,-12.981213095505922,-1.6894385938625756
LIN,2018-06-28 11:00:00,-11.672873237786467,1.100409727128528,0.0015856389924739259,1.8424335229268565,-0.001370337357441228,0.020198857251998093,-12.981213095505922,-1.6894385938625756
LIN,2018-06-29 11:00:00,-11.672873237786467,1.100409727128528,0.0015856389924739259,1.8424335229268565,-0.001370337357441228,0.020198857251998093,-12.981213095505922,-1.6894385938625756
LIN,2018-06-30 11:00:00,-11.672873237786467,1.100409727128528,0.0015856389924739259,1.8424335229268565,-0.001370337357441228,0.020198857251998093,-12.981213095505922,-1.6894385938625756
LIN,2018-07-01 11:00:00,-11.672873237786467,1.100409727128528,0.0015856389924739259,1.8424335229268565,-0.001370337357441228,0.020198857251998093,-12.981213095505922,-1.6894385938625756
LIN,2018-07-02 11:00:00,-11.672873237786467,1.100409727128528,0.0015856389924739259,1.8424335229268565,-0.001370337357441228,0.020198857251998093,-12.981213095505922,-1.6894385938625756
LIN,2018-07-02 11:00:00,-5.626268247156652,1.6846822874947451,0.002402537277486559,1.1111644025718779,-0.002151598887465696,0.01821661625381387,-6.960765576260266,-1.4970133551713862
LIN,2018-07-03 11:00:00,-5.626268247156652,1.6846822874947451,0.002402537277486559,1.1111644025718779,-0.002151598887465696,0.01821661625381387,-6.960765576260266,-1.4970133551713862
LIN,2018-07-04 11:00:00,-5.626268247156652,1.6846822874947451,0.002402537277486559,1.1111644025718779,-0.002151598887465696,0.01821661625381387,-6.960765576260266,-1.4970133551713862
LIN,2018-07-05 11:00:00,-5.626268247156652,1.6846822874947451,0.002402537277486559,1.1111644025718779,-0.002151598887465696,0.01821661625381387,-6.960765576260266,-1.4970133551713862
LIN,2018-07-06 11:00:00,-5.626268247156652,1.6846822874947451,0.002402537277486559,1.1111644025718779,-0.002151598887465696,0.01821661625381387,-6.960765576260266,-1.4970133551713862
LIN,2018-07-07 11:00:00,-5.626268247156652,1.6846822874947451,0.002402537277486559,1.1111644025718779,-0.002151598887465696,0.01821661625381387,-6.960765576260266,-1.4970133551713862
LIN,2018-07-08 11:00:00,-5.626268247156652,1.6846822874947451,0.002402537277486559,1.1111644025718779,-0.002151598887465696,0.01821661625381387,-6.960765576260266,-1.4970133551713862
LIN,2018-07-09 11:00:00,-5.626268247156652,1.6846822874947451,0.002402537277486559,1.1111644025718779,-0.002151598887465696,0.01821661625381387,-6.960765576260266,-1.4970133551713862
LIN,2018-07-10 11:00:00,-5.626268247156652,1.6846822874947451,0.002402537277486559,1.1111644025718779,-0.002151598887465696,0.01821661625381387,-6.960765576260266,-1.4970133551713862
LIN,2018-07-11 11:00:00,-5.626268247156652,1.6846822874947451,0.002402537277486559,1.1111644025718779,-0.002151598887465696,0.01821661625381387,-6.960765576260266,-1.4970133551713862
LIN,2018-07-12 11:00:00,-5.626268247156652,1.6846822874947451,0.002402537277486559,1.1111644025718779,-0.002151598887465696,0.01821661625381387,-6.960765576260266,-1.4970133551713862
LIN,2018-07-13 11:00:00,-5.626268247156652,1.6846822874947451,0.002402537277486559,1.1111644025718779,-0.002151598887465696,0.01821661625381387,-6.960765576260266,-1.4970133551713862
LIN,2018-07-14 11:00:00,-5.626268247156652,1.6846822874947451,0.002402537277486559,1.1111644025718779,-0.002151598887465696,0.01821661625381387,-6.960765576260266,-1.4970133551713862
LIN,2018-07-15 11:00:00,-5.626268247156652,1.6846822874947451,0.002402537277486559,1.1111644025718779,-0.002151598887465696,0.01821661625381387,-6.960765576260266,-1.4970133551713862
LIN,2018-07-16 11:00:00,-5.626268247156652,1.6846822874947451,0.002402537277486559,1.1111644025718779,-0.002151598887465696,0.01821661625381387,-6.960765576260266,-1.4970133551713862
LIN,2018-07-16 11:00:00,-6.877318657052208,0.9966101571280168,0.0024792392956612596,1.811333987256968,-0.001317113196213513,0.014158324437149336,-8.289215146552305,-1.4276383559172514
LIN,2018-07-17 11:00:00,-6.877318657052208,0.9966101571280168,0.0024792392956612596,1.811333987256968,-0.001317113196213513,0.014158324437149336,-8.289215146552305,-1.4276383559172514
LIN,2018-07-18 11:00:00,-6.877318657052208,0.9966101571280168,0.0024792392956612596,1.811333987256968,-0.001317113196213513,0.014158324437149336,-8.289215146552305,-1.4276383559172514
LIN,2018-07-19 11:00:00,-6.877318657052208,0.9966101571280168,0.0024792392956612596,1.811333987256968,-0.001317113196213513,0.014158324437149336,-8.289215146552305,-1.4276383559172514
LIN,2018-07-20 11:00:00,-6.877318657052208,0.9966101571280168,0.0024792392956612596,1.811333987256968,-0.001317113196213513,0.014158324437149336,-8.289215146552305,-1.4276383559172514
LIN,2018-07-21 11:00:00,-6.877318657052208,0.9966101571280168,0.0024792392956612596,1.811333987256968,-0.001317113196213513,0.014158324437149336,-8.289215146552305,-1.4276383559172514
LIN,2018-07-22 11:00:00,-6.877318657052208,0.9966101571280168,0.0024792392956612596,1.811333987256968,-0.001317113196213513,0.014158324437149336,-8.289215146552305,-1.4276383559172514
LIN,2018-07-23 11:00:00,-6.877318657052208,0.9966101571280168,0.0024792392956612596,1.811333987256968,-0.001317113196213513,0.014158324437149336,-8.289215146552305,-1.4276383559172514
LIN,2018-07-24 11:00:00,-6.877318657052208,0.9966101571280168,0.0024792392956612596,1.811333987256968,-0.001317113196213513,0.014158324437149336,-8.289215146552305,-1.4276383559172514
LIN,2018-07-25 11:00:00,-6.877318657052208,0.9966101571280168,0.0024792392956612596,1.811333987256968,-0.001317113196213513,0.014158324437149336,-8.289215146552305,-1.4276383559172514
LIN,2018-07-26 11:00:00,-6.877318657052208,0.9966101571280168,0.0024792392956612596,1.811333987256968,-0.001317113196213513,0.014158324437149336,-8.289215146552305,-1.4276383559172514
LIN,2018-07-27 11:00:00,-6.877318657052208,0.9966101571280168,0.0024792392956612596,1.811333987256968,-0.001317113196213513,0.014158324437149336,-8.289215146552305,-1.4276383559172514
LIN,2018-07-28 11:00:00,-6.877318657052208,0.9966101571280168,0.0024792392956612596,1.811333987256968,-0.001317113196213513,0.014158324437149336,-8.289215146552305,-1.4276383559172514
LIN,2018-07-29 11:00:00,-6.877318657052208,0.9966101571280168,0.0024792392956612596,1.811333987256968,-0.001317113196213513,0.014158324437149336,-8.289215146552305,-1.4276383559172514
LIN,2018-07-30 11:00:00,-6.877318657052208,0.9966101571280168,0.0024792392956612596,1.811333987256968,-0.001317113196213513,0.014158324437149336,-8.289215146552305,-1.4276383559172514
LIN,2018-07-30 11:00:00,-2.2586881258760467,3.2631868566608766,0.005370159238395507,2.060868989033105,-0.0005381176644537452,0.04025798609850128,-6.561683182993758,-1.0838665081148116
LIN,2018-07-31 11:00:00,-2.2586881258760467,3.2631868566608766,0.005370159238395507,2.060868989033105,-0.0005381176644537452,0.04025798609850128,-6.561683182993758,-1.0838665081148116
LIN,2018-08-01 11:00:00,-2.2586881258760467,3.2631868566608766,0.005370159238395507,2.060868989033105,-0.0005381176644537452,0.04025798609850128,-6.561683182993758,-1.0838665081148116
LIN,2018-08-02 11:00:00,-2.2586881258760467,3.2631868566608766,0.005370159238395507,2.060868989033105,-0.0005381176644537452,0.04025798609850128,-6.561683182993758,-1.0838665081148116
LIN,2018-08-03 11:00:00,-2.2586881258760467,3.2631868566608766,0.005370159238395507,2.060868989033105,-0.0005381176644537452,0.04025798609850128,-6.561683182993758,-1.0838665081148116
LIN,2018-08-04 11:00:00,-2.2586881258760467,3.2631868566608766,0.005370159238395507,2.060868989033105,-0.0005381176644537452,0.04025798609850128,-6.561683182993758,-1.0838665081148116
LIN,2018-08-05 11:00:00,-2.2586881258760467,3.2631868566608766,0.005370159238395507,2.060868989033105,-0.0005381176644537452,0.04025798609850128,-6.561683182993758,-1.0838665081148116
LIN,2018-08-06 11:00:00,-2.2586881258760467,3.2631868566608766,0.005370159238395507,2.060868989033105,-0.0005381176644537452,0.04025798609850128,-6.561683182993758,-1.0838665081148116
LIN,2018-08-07 11:00:00,-2.2586881258760467,3.2631868566608766,0.005370159238395507,2.060868989033105,-0.0005381176644537452,0.04025798609850128,-6.561683182993758,-1.0838665081148116
LIN,2018-08-08 11:00:00,-2.2586881258760467,3.2631868566608766,0.005370159238395507,2.060868989033105,-0.0005381176644537452,0.04025798609850128,-6.561683182993758,-1.0838665081148116
LIN,2018-08-09 11:00:00,-2.2586881258760467,3.2631868566608766,0.005370159238395507,2.060868989033105,-0.0005381176644537452,0.04025798609850128,-6.561683182993758,-1.0838665081148116
LIN,2018-08-10 11:00:00,-2.2586881258760467,3.2631868566608766,0.005370159238395507,2.060868989033105,-0.0005381176644537452,0.04025798609850128,-6.561683182993758,-1.0838665081148116
LIN,2018-08-11 11:00:00,-2.2586881258760467,3.2631868566608766,0.005370159238395507,2.060868989033105,-0.0005381176644537452,0.04025798609850128,-6.561683182993758,-1.0838665081148116
LIN,2018-08-12 11:00:00,-2.2586881258760467,3.2631868566608766,0.005370159238395507,2.060868989033105,-0.0005381176644537452,0.04025798609850128,-6.561683182993758,-1.0838665081148116
LIN,2018-08-13 11:00:00,-2.2586881258760467,3.2631868566608766,0.005370159238395507,2.060868989033105,-0.0005381176644537452,0.04025798609850128,-6.561683182993758,-1.0838665081148116
LIN,2018-08-13 11:00:00,-10.370923191601324,2.347137101941759,0.005226155898609476,2.3374952091146812,-0.0005276230699294004,0.16988547870562043,-14.153216139308615,-1.119180981773871
LIN,2018-08-14 11:00:00,-10.370923191601324,2.347137101941759,0.005226155898609476,2.3374952091146812,-0.0005276230699294004,0.16988547870562043,-14.153216139308615,-1.119180981773871
LIN,2018-08-15 11:00:00,-10.370923191601324,2.347137101941759,0.005226155898609476,2.3374952091146812,-0.0005276230699294004,0.16988547870562043,-14.153216139308615,-1.119180981773871
LIN,2018-08-16 11:00:00,-10.370923191601324,2.347137101941759,0.005226155898609476,2.3374952091146812,-0.0005276230699294004,0.16988547870562043,-14.153216139308615,-1.119180981773871
LIN,2018-08-17 11:00:00,-10.370923191601324,2.347137101941759,0.005226155898609476,2.3374952091146812,-0.0005276230699294004,0.16988547870562043,-14.153216139308615,-1.119180981773871
LIN,2018-08-18 11:00:00,-10.370923191601324,2.347137101941759,0.005226155898609476,2.3374952091146812,-0.0005276230699294004,0.16988547870562043,-14.153216139308615,-1.119180981773871
LIN,2018-08-19 11:00:00,-10.370923191601324,2.347137101941759,0.005226155898609476,2.3374952091146812,-0.0005276230699294004,0.16988547870562043,-14.153216139308615,-1.119180981773871
LIN,2018-08-20 11:00:00,-10.370923191601324,2.347137101941759,0.005226155898609476,2.3374952091146812,-0.0005276230699294004,0.16988547870562043,-14.153216139308615,-1.119180981773871
LIN,2018-08-21 11:00:00,-10.370923191601324,2.347137101941759,0.005226155898609476,2.3374952091146812,-0.0005276230699294004,0.16988547870562043,-14.153216139308615,-1.119180981773871
LIN,2018-08-22 11:00:00,-10.370923191601324,2.347137101941759,0.005226155898609476,2.3374952091146812,-0.0005276230699294004,0.16988547870562043,-14.153216139308615,-1.119180981773871
LIN,2018-08-23 11:00:00,-10.370923191601324,2.347137101941759,0.005226155898609476,2.3374952091146812,-0.0005276230699294004,0.16988547870562043,-14.153216139308615,-1.119180981773871
LIN,2018-08-24 11:00:00,-10.370923191601324,2.347137101941759,0.005226155898609476,2.3374952091146812,-0.0005276230699294004,0.16988547870562043,-14.153216139308615,-1.119180981773871
LIN,2018-08-25 11:00:00,-10.370923191601324,2.347137101941759,0.005226155898609476,2.3374952091146812,-0.0005276230699294004,0.16988547870562043,-14.153216139308615,-1.119180981773871
LIN,2018-08-26 11:00:00,-10.370923191601324,2.347137101941759,0.005226155898609476,2.3374952091146812,-0.0005276230699294004,0.16988547870562043,-14.153216139308615,-1.119180981773871
LIN,2018-08-27 11:00:00,-10.370923191601324,2.347137101941759,0.005226155898609476,2.3374952091146812,-0.0005276230699294004,0.16988547870562043,-14.153216139308615,-1.119180981773871
LIN,2018-08-27 11:00:00,-10.382704005799809,4.105525499355915,0.009094738355747128,2.2747401870937125,-0.0010061559675203903,0.24874378826843396,-15.8423270215119,-1.238531099766336
LIN,2018-08-28 11:00:00,-10.382704005799809,4.105525499355915,0.009094738355747128,2.2747401870937125,-0.0010061559675203903,0.24874378826843396,-15.8423270215119,-1.238531099766336
LIN,2018-08-29 11:00:00,-10.382704005799809,4.105525499355915,0.009094738355747128,2.2747401870937125,-0.0010061559675203903,0.24874378826843396,-15.8423270215119,-1.238531099766336
LIN,2018-08-30 11:00:00,-10.382704005799809,4.105525499355915,0.009094738355747128,2.2747401870937125,-0.0010061559675203903,0.24874378826843396,-15.8423270215119,-1.238531099766336
LIN,2018-08-31 11:00:00,-10.382704005799809,4.105525499355915,0.009094738355747128,2.2747401870937125,-0.0010061559675203903,0.24874378826843396,-15.8423270215119,-1.238531099766336
LIN,2018-09-01 11:00:00,-10.382704005799809,4.105525499355915,0.009094738355747128,2.2747401870937125,-0.0010061559675203903,0.24874378826843396,-15.8423270215119,-1.238531099766336
LIN,2018-09-02 11:00:00,-10.382704005799809,4.105525499355915,0.009094738355747128,2.2747401870937125,-0.0010061559675203903,0.24874378826843396,-15.8423270215119,-1.238531099766336
LIN,2018-09-03 11:00:00,-10.382704005799809,4.105525499355915,0.009094738355747128,2.2747401870937125,-0.0010061559675203903,0.24874378826843396,-15.8423270215119,-1.238531099766336
LIN,2018-09-04 11:00:00,-10.382704005799809,4.105525499355915,0.009094738355747128,2.2747401870937125,-0.0010061559675203903,0.24874378826843396,-15.8423270215119,-1.238531099766336
LIN,2018-09-05 11:00:00,-10.382704005799809,4.105525499355915,0.009094738355747128,2.2747401870937125,-0.0010061559675203903,0.24874378826843396,-15.8423270215119,-1.238531099766336
LIN,2018-09-06 11:00:00,-10.382704005799809,4.105525499355915,0.009094738355747128,2.2747401870937125,-0.0010061559675203903,0.24874378826843396,-15.8423270215119,-1.238531099766336
LIN,2018-09-07 11:00:00,-10.382704005799809,4.105525499355915,0.009094738355747128,2.2747401870937125,-0.0010061559675203903,0.24874378826843396,-15.8423270215119,-1.238531099766336
LIN,2018-09-08 11:00:00,-10.382704005799809,4.105525499355915,0.009094738355747128,2.2747401870937125,-0.0010061559675203903,0.24874378826843396,-15.8423270215119,-1.238531099766336
LIN,2018-09-09 11:00:00,-10.382704005799809,4.105525499355915,0.009094738355747128,2.2747401870937125,-0.0010061559675203903,0.24874378826843396,-15.8423270215119,-1.238531099766336
LIN,2018-09-10 11:00:00,-10.382704005799809,4.105525499355915,0.009094738355747128,2.2747401870937125,-0.0010061559675203903,0.24874378826843396,-15.8423270215119,-1.238531099766336
LIN,2018-09-10 11:00:00,-11.958994942345175,2.3306770448412797,0.003622664107087006,3.0411267672760545,-0.001122400874020796,0.1434015845199162,-16.039516628237603,-1.5036993592555017
LIN,2018-09-11 11:00:00,-11.958994942345175,2.3306770448412797,0.003622664107087006,3.0411267672760545,-0.001122400874020796,0.1434015845199162,-16.039516628237603,-1.5036993592555017
LIN,2018-09-12 11:00:00,-11.958994942345175,2.3306770448412797,0.003622664107087006,3.0411267672760545,-0.001122400874020796,0.1434015845199162,-16.039516628237603,-1.5036993592555017
LIN,2018-09-13 11:00:00,-11.958994942345175,2.3306770448412797,0.003622664107087006,3.0411267672760545,-0.001122400874020796,0.1434015845199162,-16.039516628237603,-1.5036993592555017
LIN,2018-09-14 11:00:00,-11.958994942345175,2.3306770448412797,0.003622664107087006,3.0411267672760545,-0.001122400874020796,0.1434015845199162,-16.039516628237603,-1.5036993592555017
LIN,2018-09-15 11:00:00,-11.958994942345175,2.3306770448412797,0.003622664107087006,3.0411267672760545,-0.001122400874020796,0.1434015845199162,-16.039516628237603,-1.5036993592555017
LIN,2018-09-16 11:00:00,-11.958994942345175,2.3306770448412797,0.003622664107087006,3.0411267672760545,-0.001122400874020796,0.1434015845199162,-16.039516628237603,-1.5036993592555017
LIN,2018-09-17 11:00:00,-11.958994942345175,2.3306770448412797,0.003622664107087006,3.0411267672760545,-0.001122400874020796,0.1434015845199162,-16.039516628237603,-1.5036993592555017
LIN,2018-09-18 11:00:00,-11.958994942345175,2.3306770448412797,0.003622664107087006,3.0411267672760545,-0.001122400874020796,0.1434015845199162,-16.039516628237603,-1.5036993592555017
LIN,2018-09-19 11:00:00,-11.958994942345175,2.3306770448412797,0.003622664107087006,3.0411267672760545,-0.001122400874020796,0.1434015845199162,-16.039516628237603,-1.5036993592555017
LIN,2018-09-20 11:00:00,-11.958994942345175,2.3306770448412797,0.003622664107087006,3.0411267672760545,-0.001122400874020796,0.1434015845199162,-16.039516628237603,-1.5036993592555017
LIN,2018-09-21 11:00:00,-11.958994942345175,2.3306770448412797,0.003622664107087006,3.0411267672760545,-0.001122400874020796,0.1434015845199162,-16.039516628237603,-1.5036993592555017
LIN,2018-09-22 11:00:00,-11.958994942345175,2.3306770448412797,0.003622664107087006,3.0411267672760545,-0.001122400874020796,0.1434015845199162,-16.039516628237603,-1.5036993592555017
LIN,2018-09-23 11:00:00,-11.958994942345175,2.3306770448412797,0.003622664107087006,3.0411267672760545,-0.001122400874020796,0.1434015845199162,-16.039516628237603,-1.5036993592555017
LIN,2018-09-24 11:00:00,-11.958994942345175,2.3306770448412797,0.003622664107087006,3.0411267672760545,-0.001122400874020796,0.1434015845199162,-16.039516628237603,-1.5036993592555017
LIN,2018-09-24 11:00:00,-21.10239316438243,2.2217110723090703,0.005579463822359591,3.119761185861718,-0.0002874412564488979,0.08423811776360587,-24.91304621067808,-1.6992475956621564
LIN,2018-09-25 11:00:00,-21.10239316438243,2.2217110723090703,0.005579463822359591,3.119761185861718,-0.0002874412564488979,0.08423811776360587,-24.91304621067808,-1.6992475956621564
LIN,2018-09-26 11:00:00,-21.10239316438243,2.2217110723090703,0.005579463822359591,3.119761185861718,-0.0002874412564488979,0.08423811776360587,-24.91304621067808,-1.6992475956621564
LIN,2018-09-27 11:00:00,-21.10239316438243,2.2217110723090703,0.005579463822359591,3.119761185861718,-0.0002874412564488979,0.08423811776360587,-24.91304621067808,-1.6992475956621564
LIN,2018-09-28 11:00:00,-21.10239316438243,2.2217110723090703,0.005579463822359591,3.119761185861718,-0.0002874412564488979,0.08423811776360587,-24.91304621067808,-1.6992475956621564
LIN,2018-09-29 11:00:00,-21.10239316438243,2.2217110723090703,0.005579463822359591,3.119761185861718,-0.0002874412564488979,0.08423811776360587,-24.91304621067808,-1.6992475956621564
LIN,2018-09-30 11:00:00,-21.10239316438243,2.2217110723090703,0.005579463822359591,3.119761185861718,-0.0002874412564488979,0.08423811776360587,-24.91304621067808,-1.6992475956621564
LIN,2018-10-01 11:00:00,-21.10239316438243,2.2217110723090703,0.005579463822359591,3.119761185861718,-0.0002874412564488979,0.08423811776360587,-24.91304621067808,-1.6992475956621564
LIN,2018-10-02 11:00:00,-21.10239316438243,2.2217110723090703,0.005579463822359591,3.119761185861718,-0.0002874412564488979,0.08423811776360587,-24.91304621067808,-1.6992475956621564
LIN,2018-10-03 11:00:00,-21.10239316438243,2.2217110723090703,0.005579463822359591,3.119761185861718,-0.0002874412564488979,0.08423811776360587,-24.91304621067808,-1.6992475956621564
LIN,2018-10-04 11:00:00,-21.10239316438243,2.2217110723090703,0.005579463822359591,3.119761185861718,-0.0002874412564488979,0.08423811776360587,-24.91304621067808,-1.6992475956621564
LIN,2018-10-05 11:00:00,-21.10239316438243,2.2217110723090703,0.005579463822359591,3.119761185861718,-0.0002874412564488979,0.08423811776360587,-24.91304621067808,-1.6992475956621564
LIN,2018-10-06 11:00:00,-21.10239316438243,2.2217110723090703,0.005579463822359591,3.119761185861718,-0.0002874412564488979,0.08423811776360587,-24.91304621067808,-1.6992475956621564
LIN,2018-10-07 11:00:00,-21.10239316438243,2.2217110723090703,0.005579463822359591,3.119761185861718,-0.0002874412564488979,0.08423811776360587,-24.91304621067808,-1.6992475956621564
LIN,2018-10-08 11:00:00,-21.10239316438243,2.2217110723090703,0.005579463822359591,3.119761185861718,-0.0002874412564488979,0.08423811776360587,-24.91304621067808,-1.6992475956621564
LIN,2018-10-08 11:00:00,-20.375062887637895,0.887379207863905,0.0020967845990213984,1.9004970730499375,-0.0010773003892684452,0.07916664296475874,-20.539696931416753,-2.8160346157693628
LIN,2018-10-09 11:00:00,-20.375062887637895,0.887379207863905,0.0020967845990213984,1.9004970730499375,-0.0010773003892684452,0.07916664296475874,-20.539696931416753,-2.8160346157693628
LIN,2018-10-10 11:00:00,-20.375062887637895,0.887379207863905,0.0020967845990213984,1.9004970730499375,-0.0010773003892684452,0.07916664296475874,-20.539696931416753,-2.8160346157693628
LIN,2018-10-11 11:00:00,-20.375062887637895,0.887379207863905,0.0020967845990213984,1.9004970730499375,-0.0010773003892684452,0.07916664296475874,-20.539696931416753,-2.8160346157693628
LIN,2018-10-12 11:00:00,-20.375062887637895,0.887379207863905,0.0020967845990213984,1.9004970730499375,-0.0010773003892684452,0.07916664296475874,-20.539696931416753,-2.8160346157693628
LIN,2018-10-13 11:00:00,-20.375062887637895,0.887379207863905,0.0020967845990213984,1.9004970730499375,-0.0010773003892684452,0.07916664296475874,-20.539696931416753,-2.8160346157693628
LIN,2018-10-14 11:00:00,-20.375062887637895,0.887379207863905,0.0020967845990213984,1.9004970730499375,-0.0010773003892684452,0.07916664296475874,-20.539696931416753,-2.8160346157693628
LIN,2018-10-15 11:00:00,-20.375062887637895,0.887379207863905,0.0020967845990213984,1.9004970730499375,-0.0010773003892684452,0.07916664296475874,-20.539696931416753,-2.8160346157693628
LIN,2018-10-16 11:00:00,-20.375062887637895,0.887379207863905,0.0020967845990213984,1.9004970730499375,-0.0010773003892684452,0.07916664296475874,-20.539696931416753,-2.8160346157693628
LIN,2018-10-17 11:00:00,-20.375062887637895,0.887379207863905,0.0020967845990213984,1.9004970730499375,-0.0010773003892684452,0.07916664296475874,-20.539696931416753,-2.8160346157693628
LIN,2018-10-18 11:00:00,-20.375062887637895,0.887379207863905,0.0020967845990213984,1.9004970730499375,-0.0010773003892684452,0.07916664296475874,-20.539696931416753,-2.8160346157693628
LIN,2018-10-19 11:00:00,-20.375062887637895,0.887379207863905,0.0020967845990213984,1.9004970730499375,-0.0010773003892684452,0.07916664296475874,-20.539696931416753,-2.8160346157693628
LIN,2018-10-20 11:00:00,-20.375062887637895,0.887379207863905,0.0020967845990213984,1.9004970730499375,-0.0010773003892684452,0.07916664296475874,-20.539696931416753,-2.8160346157693628
LIN,2018-10-21 11:00:00,-20.375062887637895,0.887379207863905,0.0020967845990213984,1.9004970730499375,-0.0010773003892684452,0.07916664296475874,-20.539696931416753,-2.8160346157693628
LIN,2018-10-22 11:00:00,-20.375062887637895,0.887379207863905,0.0020967845990213984,1.9004970730499375,-0.0010773003892684452,0.07916664296475874,-20.539696931416753,-2.8160346157693628
LIN,2018-10-22 11:00:00,-40.69957839986111,1.1492977993770488,0.0022125398694681714,2.6000808616678173,-0.00019060712759359013,0.044595949558343576,-41.40858292330482,-3.2554992733695585
LIN,2018-10-23 11:00:00,-40.69957839986111,1.1492977993770488,0.0022125398694681714,2.6000808616678173,-0.00019060712759359013,0.044595949558343576,-41.40858292330482,-3.2554992733695585
LIN,2018-10-24 11:00:00,-40.69957839986111,1.1492977993770488,0.0022125398694681714,2.6000808616678173,-0.00019060712759359013,0.044595949558343576,-41.40858292330482,-3.2554992733695585
LIN,2018-10-25 11:00:00,-40.69957839986111,1.1492977993770488,0.0022125398694681714,2.6000808616678173,-0.00019060712759359013,0.044595949558343576,-41.40858292330482,-3.2554992733695585
LIN,2018-10-26 11:00:00,-40.69957839986111,1.1492977993770488,0.0022125398694681714,2.6000808616678173,-0.00019060712759359013,0.044595949558343576,-41.40858292330482,-3.2554992733695585
LIN,2018-10-27 11:00:00,-40.69957839986111,1.1492977993770488,0.0022125398694681714,2.6000808616678173,-0.00019060712759359013,0.044595949558343576,-41.40858292330482,-3.2554992733695585
LIN,2018-10-28 11:00:00,-40.69957839986111,1.1492977993770488,0.0022125398694681714,2.6000808616678173,-0.00019060712759359013,0.044595949558343576,-41.40858292330482,-3.2554992733695585
LIN,2018-10-29 11:00:00,-40.69957839986111,1.1492977993770488,0.0022125398694681714,2.6000808616678173,-0.00019060712759359013,0.044595949558343576,-41.40858292330482,-3.2554992733695585
LIN,2018-10-30 11:00:00,-40.69957839986111,1.1492977993770488,0.0022125398694681714,2.6000808616678173,-0.00019060712759359013,0.044595949558343576,-41.40858292330482,-3.2554992733695585
LIN,2018-10-31 11:00:00,-40.69957839986111,1.1492977993770488,0.0022125398694681714,2.6000808616678173,-0.00019060712759359013,0.044595949558343576,-41.40858292330482,-3.2554992733695585
LIN,2018-11-01 11:00:00,-40.69957839986111,1.1492977993770488,0.0022125398694681714,2.6000808616678173,-0.00019060712759359013,0.044595949558343576,-41.40858292330482,-3.2554992733695585
LIN,2018-11-02 11:00:00,-40.69957839986111,1.1492977993770488,0.0022125398694681714,2.6000808616678173,-0.00019060712759359013,0.044595949558343576,-41.40858292330482,-3.2554992733695585
LIN,2018-11-03 11:00:00,-40.69957839986111,1.1492977993770488,0.0022125398694681714,2.6000808616678173,-0.00019060712759359013,0.044595949558343576,-41.40858292330482,-3.2554992733695585
LIN,2018-11-04 11:00:00,-40.69957839986111,1.1492977993770488,0.0022125398694681714,2.6000808616678173,-0.00019060712759359013,0.044595949558343576,-41.40858292330482,-3.2554992733695585
LIN,2018-11-05 11:00:00,-40.69957839986111,1.1492977993770488,0.0022125398694681714,2.6000808616678173,-0.00019060712759359013,0.044595949558343576,-41.40858292330482,-3.2554992733695585
LIN,2018-11-05 11:00:00,-17.95073587827696,3.215528168019465,0.0047273498838086144,1.17308838579104,-0.0007692790832292395,0.06478603355480254,-17.905284702486203,-4.658684502840357
LIN,2018-11-06 11:00:00,-17.95073587827696,3.215528168019465,0.0047273498838086144,1.17308838579104,-0.0007692790832292395,0.06478603355480254,-17.905284702486203,-4.658684502840357
LIN,2018-11-07 11:00:00,-17.95073587827696,3.215528168019465,0.0047273498838086144,1.17308838579104,-0.0007692790832292395,0.06478603355480254,-17.905284702486203,-4.658684502840357
LIN,2018-11-08 11:00:00,-17.95073587827696,3.215528168019465,0.0047273498838086144,1.17308838579104,-0.0007692790832292395,0.06478603355480254,-17.905284702486203,-4.658684502840357
LIN,2018-11-09 11:00:00,-17.95073587827696,3.215528168019465,0.0047273498838086144,1.17308838579104,-0.0007692790832292395,0.06478603355480254,-17.905284702486203,-4.658684502840357
LIN,2018-11-10 11:00:00,-17.95073587827696,3.215528168019465,0.0047273498838086144,1.17308838579104,-0.0007692790832292395,0.06478603355480254,-17.905284702486203,-4.658684502840357
LIN,2018-11-11 11:00:00,-17.95073587827696,3.215528168019465,0.0047273498838086144,1.17308838579104,-0.0007692790832292395,0.06478603355480254,-17.905284702486203,-4.658684502840357
LIN,2018-11-12 11:00:00,-17.95073587827696,3.215528168019465,0.0047273498838086144,1.17308838579104,-0.0007692790832292395,0.06478603355480254,-17.905284702486203,-4.658684502840357
LIN,2018-11-13 11:00:00,-17.95073587827696,3.215528168019465,0.0047273498838086144,1.17308838579104,-0.0007692790832292395,0.06478603355480254,-17.905284702486203,-4.658684502840357
LIN,2018-11-14 11:00:00,-17.95073587827696,3.215528168019465,0.0047273498838086144,1.17308838579104,-0.0007692790832292395,0.06478603355480254,-17.905284702486203,-4.658684502840357
LIN,2018-11-15 11:00:00,-17.95073587827696,3.215528168019465,0.0047273498838086144,1.17308838579104,-0.0007692790832292395,0.06478603355480254,-17.905284702486203,-4.658684502840357
LIN,2018-11-16 11:00:00,-17.95073587827696,3.215528168019465,0.0047273498838086144,1.17308838579104,-0.0007692790832292395,0.06478603355480254,-17.905284702486203,-4.658684502840357
LIN,2018-11-17 11:00:00,-17.95073587827696,3.215528168019465,0.0047273498838086144,1.17308838579104,-0.0007692790832292395,0.06478603355480254,-17.905284702486203,-4.658684502840357
LIN,2018-11-18 11:00:00,-17.95073587827696,3.215528168019465,0.0047273498838086144,1.17308838579104,-0.0007692790832292395,0.06478603355480254,-17.905284702486203,-4.658684502840357
LIN,2018-11-19 11:00:00,-17.95073587827696,3.215528168019465,0.0047273498838086144,1.17308838579104,-0.0007692790832292395,0.06478603355480254,-17.905284702486203,-4.658684502840357
LIN,2018-11-19 11:00:00,-40.44944187909092,1.3227079355123044,0.012272873711127058,0.8198706673804589,-0.0003135891203135244,0.08206764414677391,-37.14560871425379,-5.881893526751036
LIN,2018-11-20 11:00:00,-40.44944187909092,1.3227079355123044,0.012272873711127058,0.8198706673804589,-0.0003135891203135244,0.08206764414677391,-37.14560871425379,-5.881893526751036
LIN,2018-11-21 11:00:00,-40.44944187909092,1.3227079355123044,0.012272873711127058,0.8198706673804589,-0.0003135891203135244,0.08206764414677391,-37.14560871425379,-5.881893526751036
LIN,2018-11-22 11:00:00,-40.44944187909092,1.3227079355123044,0.012272873711127058,0.8198706673804589,-0.0003135891203135244,0.08206764414677391,-37.14560871425379,-5.881893526751036
LIN,2018-11-23 11:00:00,-40.44944187909092,1.3227079355123044,0.012272873711127058,0.8198706673804589,-0.0003135891203135244,0.08206764414677391,-37.14560871425379,-5.881893526751036
LIN,2018-11-24 11:00:00,-40.44944187909092,1.3227079355123044,0.012272873711127058,0.8198706673804589,-0.0003135891203135244,0.08206764414677391,-37.14560871425379,-5.881893526751036
LIN,2018-11-25 11:00:00,-40.44944187909092,1.3227079355123044,0.012272873711127058,0.8198706673804589,-0.0003135891203135244,0.08206764414677391,-37.14560871425379,-5.881893526751036
LIN,2018-11-26 11:00:00,-40.44944187909092,1.3227079355123044,0.012272873711127058,0.8198706673804589,-0.0003135891203135244,0.08206764414677391,-37.14560871425379,-5.881893526751036
LIN,2018-11-27 11:00:00,-40.44944187909092,1.3227079355123044,0.012272873711127058,0.8198706673804589,-0.0003135891203135244,0.08206764414677391,-37.14560871425379,-5.881893526751036
LIN,2018-11-28 11:00:00,-40.44944187909092,1.3227079355123044,0.012272873711127058,0.8198706673804589,-0.0003135891203135244,0.08206764414677391,-37.14560871425379,-5.881893526751036
LIN,2018-11-29 11:00:00,-40.44944187909092,1.3227079355123044,0.012272873711127058,0.8198706673804589,-0.0003135891203135244,0.08206764414677391,-37.14560871425379,-5.881893526751036
LIN,2018-11-30 11:00:00,-40.44944187909092,1.3227079355123044,0.012272873711127058,0.8198706673804589,-0.0003135891203135244,0.08206764414677391,-37.14560871425379,-5.881893526751036
LIN,2018-12-01 11:00:00,-40.44944187909092,1.3227079355123044,0.012272873711127058,0.8198706673804589,-0.0003135891203135244,0.08206764414677391,-37.14560871425379,-5.881893526751036
LIN,2018-12-02 11:00:00,-40.44944187909092,1.3227079355123044,0.012272873711127058,0.8198706673804589,-0.0003135891203135244,0.08206764414677391,-37.14560871425379,-5.881893526751036
LIN,2018-12-03 11:00:00,-40.44944187909092,1.3227079355123044,0.012272873711127058,0.8198706673804589,-0.0003135891203135244,0.08206764414677391,-37.14560871425379,-5.881893526751036
LIN,2018-12-03 11:00:00,-31.934033967561884,1.1029353396409456,0.003153657334707226,0.8024548711538959,-0.00014491566975181858,0.0965617910026856,-27.061287516203386,-7.260277902890067
LIN,2018-12-04 11:00:00,-31.934033967561884,1.1029353396409456,0.003153657334707226,0.8024548711538959,-0.00014491566975181858,0.0965617910026856,-27.061287516203386,-7.260277902890067
LIN,2018-12-05 11:00:00,-31.934033967561884,1.1029353396409456,0.003153657334707226,0.8024548711538959,-0.00014491566975181858,0.0965617910026856,-27.061287516203386,-7.260277902890067
LIN,2018-12-06 11:00:00,-31.934033967561884,1.1029353396409456,0.003153657334707226,0.8024548711538959,-0.00014491566975181858,0.0965617910026856,-27.061287516203386,-7.260277902890067
LIN,2018-12-07 11:00:00,-31.934033967561884,1.1029353396409456,0.003153657334707226,0.8024548711538959,-0.00014491566975181858,0.0965617910026856,-27.061287516203386,-7.260277902890067
LIN,2018-12-08 11:00:00,-31.934033967561884,1.1029353396409456,0.003153657334707226,0.8024548711538959,-0.00014491566975181858,0.0965617910026856,-27.061287516203386,-7.260277902890067
LIN,2018-12-09 11:00:00,-31.934033967561884,1.1029353396409456,0.003153657334707226,0.8024548711538959,-0.00014491566975181858,0.0965617910026856,-27.061287516203386,-7.260277902890067
LIN,2018-12-10 11:00:00,-31.934033967561884,1.1029353396409456,0.003153657334707226,0.8024548711538959,-0.00014491566975181858,0.0965617910026856,-27.061287516203386,-7.260277902890067
LIN,2018-12-11 11:00:00,-31.934033967561884,1.1029353396409456,0.003153657334707226,0.8024548711538959,-0.00014491566975181858,0.0965617910026856,-27.061287516203386,-7.260277902890067
LIN,2018-12-12 11:00:00,-31.934033967561884,1.1029353396409456,0.003153657334707226,0.8024548711538959,-0.00014491566975181858,0.0965617910026856,-27.061287516203386,-7.260277902890067
LIN,2018-12-13 11:00:00,-31.934033967561884,1.1029353396409456,0.003153657334707226,0.8024548711538959,-0.00014491566975181858,0.0965617910026856,-27.061287516203386,-7.260277902890067
LIN,2018-12-14 11:00:00,-31.934033967561884,1.1029353396409456,0.003153657334707226,0.8024548711538959,-0.00014491566975181858,0.0965617910026856,-27.061287516203386,-7.260277902890067
LIN,2018-12-15 11:00:00,-31.934033967561884,1.1029353396409456,0.003153657334707226,0.8024548711538959,-0.00014491566975181858,0.0965617910026856,-27.061287516203386,-7.260277902890067
LIN,2018-12-16 11:00:00,-31.934033967561884,1.1029353396409456,0.003153657334707226,0.8024548711538959,-0.00014491566975181858,0.0965617910026856,-27.061287516203386,-7.260277902890067
LIN,2018-12-17 11:00:00,-31.934033967561884,1.1029353396409456,0.003153657334707226,0.8024548711538959,-0.00014491566975181858,0.0965617910026856,-27.061287516203386,-7.260277902890067
LIN,2018-12-17 11:00:00,-18.04431667495988,1.7699013900529967,0.008991599789495396,0.2635338617482301,-0.00015336856173875192,0.008991680086469955,-13.462362917011223,-6.774859308196998
LIN,2018-12-18 11:00:00,-18.04431667495988,1.7699013900529967,0.008991599789495396,0.2635338617482301,-0.00015336856173875192,0.008991680086469955,-13.462362917011223,-6.774859308196998
LIN,2018-12-19 11:00:00,-18.04431667495988,1.7699013900529967,0.008991599789495396,0.2635338617482301,-0.00015336856173875192,0.008991680086469955,-13.462362917011223,-6.774859308196998
LIN,2018-12-20 11:00:00,-18.04431667495988,1.7699013900529967,0.008991599789495396,0.2635338617482301,-0.00015336856173875192,0.008991680086469955,-13.462362917011223,-6.774859308196998
LIN,2018-12-21 11:00:00,-18.04431667495988,1.7699013900529967,0.008991599789495396,0.2635338617482301,-0.00015336856173875192,0.008991680086469955,-13.462362917011223,-6.774859308196998
LIN,2018-12-22 11:00:00,-18.04431667495988,1.7699013900529967,0.008991599789495396,0.2635338617482301,-0.00015336856173875192,0.008991680086469955,-13.462362917011223,-6.774859308196998
LIN,2018-12-23 11:00:00,-18.04431667495988,1.7699013900529967,0.008991599789495396,0.2635338617482301,-0.00015336856173875192,0.008991680086469955,-13.462362917011223,-6.774859308196998
LIN,2018-12-24 11:00:00,-18.04431667495988,1.7699013900529967,0.008991599789495396,0.2635338617482301,-0.00015336856173875192,0.008991680086469955,-13.462362917011223,-6.774859308196998
LIN,2018-12-25 11:00:00,-18.04431667495988,1.7699013900529967,0.008991599789495396,0.2635338617482301,-0.00015336856173875192,0.008991680086469955,-13.462362917011223,-6.774859308196998
LIN,2018-12-26 11:00:00,-18.04431667495988,1.7699013900529967,0.008991599789495396,0.2635338617482301,-0.00015336856173875192,0.008991680086469955,-13.462362917011223,-6.774859308196998
LIN,2018-12-27 11:00:00,-18.04431667495988,1.7699013900529967,0.008991599789495396,0.2635338617482301,-0.00015336856173875192,0.008991680086469955,-13.462362917011223,-6.774859308196998
LIN,2018-12-28 11:00:00,-18.04431667495988,1.7699013900529967,0.008991599789495396,0.2635338617482301,-0.00015336856173875192,0.008991680086469955,-13.462362917011223,-6.774859308196998
LIN,2018-12-29 11:00:00,-18.04431667495988,1.7699013900529967,0.008991599789495396,0.2635338617482301,-0.00015336856173875192,0.008991680086469955,-13.462362917011223,-6.774859308196998
LIN,2018-12-30 11:00:00,-18.04431667495988,1.7699013900529967,0.008991599789495396,0.2635338617482301,-0.00015336856173875192,0.008991680086469955,-13.462362917011223,-6.774859308196998
LIN,2018-12-31 11:00:00,-18.04431667495988,1.7699013900529967,0.008991599789495396,0.2635338617482301,-0.00015336856173875192,0.008991680086469955,-13.462362917011223,-6.774859308196998
LIN,2018-12-31 11:00:00,-30.244239591408622,5.147994220600226,0.015434711608319466,0.3485641452423394,-0.00010460852895014421,0.010666449253602486,-29.01192929268131,-7.0295141350618575
LIN,2019-01-01 11:00:00,-30.244239591408622,5.147994220600226,0.015434711608319466,0.3485641452423394,-0.00010460852895014421,0.010666449253602486,-29.01192929268131,-7.0295141350618575
LIN,2019-01-02 11:00:00,-30.244239591408622,5.147994220600226,0.015434711608319466,0.3485641452423394,-0.00010460852895014421,0.010666449253602486,-29.01192929268131,-7.0295141350618575
LIN,2019-01-03 11:00:00,-30.244239591408622,5.147994220600226,0.015434711608319466,0.3485641452423394,-0.00010460852895014421,0.010666449253602486,-29.01192929268131,-7.0295141350618575
LIN,2019-01-04 11:00:00,-30.244239591408622,5.147994220600226,0.015434711608319466,0.3485641452423394,-0.00010460852895014421,0.010666449253602486,-29.01192929268131,-7.0295141350618575
LIN,2019-01-05 11:00:00,-30.244239591408622,5.147994220600226,0.015434711608319466,0.3485641452423394,-0.00010460852895014421,0.010666449253602486,-29.01192929268131,-7.0295141350618575
LIN,2019-01-06 11:00:00,-30.244239591408622,5.147994220600226,0.015434711608319466,0.3485641452423394,-0.00010460852895014421,0.010666449253602486,-29.01192929268131,-7.0295141350618575
LIN,2019-01-07 11:00:00,-30.244239591408622,5.147994220600226,0.015434711608319466,0.3485641452423394,-0.00010460852895014421,0.010666449253602486,-29.01192929268131,-7.0295141350618575
LIN,2019-01-08 11:00:00,-30.244239591408622,5.147994220600226,0.015434711608319466,0.3485641452423394,-0.00010460852895014421,0.010666449253602486,-29.01192929268131,-7.0295141350618575
LIN,2019-01-09 11:00:00,-30.244239591408622,5.147994220600226,0.015434711608319466,0.3485641452423394,-0.00010460852895014421,0.010666449253602486,-29.01192929268131,-7.0295141350618575
LIN,2019-01-10 11:00:00,-30.244239591408622,5.147994220600226,0.015434711608319466,0.3485641452423394,-0.00010460852895014421,0.010666449253602486,-29.01192929268131,-7.0295141350618575
LIN,2019-01-11 11:00:00,-30.244239591408622,5.147994220600226,0.015434711608319466,0.3485641452423394,-0.00010460852895014421,0.010666449253602486,-29.01192929268131,-7.0295141350618575
LIN,2019-01-12 11:00:00,-30.244239591408622,5.147994220600226,0.015434711608319466,0.3485641452423394,-0.00010460852895014421,0.010666449253602486,-29.01192929268131,-7.0295141350618575
LIN,2019-01-13 11:00:00,-30.244239591408622,5.147994220600226,0.015434711608319466,0.3485641452423394,-0.00010460852895014421,0.010666449253602486,-29.01192929268131,-7.0295141350618575
LIN,2019-01-14 11:00:00,-30.244239591408622,5.147994220600226,0.015434711608319466,0.3485641452423394,-0.00010460852895014421,0.010666449253602486,-29.01192929268131,-7.0295141350618575
NOR,2018-01-01 11:00:00,-5.064355627398446,2.2640758622620942,0.005335085645071436,0.2630827410666565,-0.0003209912045842431,0.046601394432917005,-8.049792757706268,0.4122590298411668
NOR,2018-01-02 11:00:00,-5.064355627398446,2.2640758622620942,0.005335085645071436,0.2630827410666565,-0.0003209912045842431,0.046601394432917005,-8.049792757706268,0.4122590298411668
NOR,2018-01-03 11:00:00,-5.064355627398446,2.2640758622620942,0.005335085645071436,0.2630827410666565,-0.0003209912045842431,0.046601394432917005,-8.049792757706268,0.4122590298411668
NOR,2018-01-04 11:00:00,-5.064355627398446,2.2640758622620942,0.005335085645071436,0.2630827410666565,-0.0003209912045842431,0.046601394432917005,-8.049792757706268,0.4122590298411668
NOR,2018-01-05 11:00:00,-5.064355627398446,2.2640758622620942,0.005335085645071436,0.2630827410666565,-0.0003209912045842431,0.046601394432917005,-8.049792757706268,0.4122590298411668
NOR,2018-01-06 11:00:00,-5.064355627398446,2.2640758622620942,0.005335085645071436,0.2630827410666565,-0.0003209912045842431,0.046601394432917005,-8.049792757706268,0.4122590298411668
NOR,2018-01-07 11:00:00,-5.064355627398446,2.2640758622620942,0.005335085645071436,0.2630827410666565,-0.0003209912045842431,0.046601394432917005,-8.049792757706268,0.4122590298411668
NOR,2018-01-08 11:00:00,-5.064355627398446,2.2640758622620942,0.005335085645071436,0.2630827410666565,-0.0003209912045842431,0.046601394432917005,-8.049792757706268,0.4122590298411668
NOR,2018-01-09 11:00:00,-5.064355627398446,2.2640758622620942,0.005335085645071436,0.2630827410666565,-0.0003209912045842431,0.046601394432917005,-8.049792757706268,0.4122590298411668
NOR,2018-01-10 11:00:00,-5.064355627398446,2.2640758622620942,0.005335085645071436,0.2630827410666565,-0.0003209912045842431,0.046601394432917005,-8.049792757706268,0.4122590298411668
NOR,2018-01-11 11:00:00,-5.064355627398446,2.2640758622620942,0.005335085645071436,0.2630827410666565,-0.0003209912045842431,0.046601394432917005,-8.049792757706268,0.4122590298411668
NOR,2018-01-12 11:00:00,-5.064355627398446,2.2640758622620942,0.005335085645071436,0.2630827410666565,-0.0003209912045842431,0.046601394432917005,-8.049792757706268,0.4122590298411668
NOR,2018-01-13 11:00:00,-5.064355627398446,2.2640758622620942,0.005335085645071436,0.2630827410666565,-0.0003209912045842431,0.046601394432917005,-8.049792757706268,0.4122590298411668
NOR,2018-01-14 11:00:00,-5.064355627398446,2.2640758622620942,0.005335085645071436,0.2630827410666565,-0.0003209912045842431,0.046601394432917005,-8.049792757706268,0.4122590298411668
NOR,2018-01-15 11:00:00,-5.064355627398446,2.2640758622620942,0.005335085645071436,0.2630827410666565,-0.0003209912045842431,0.046601394432917005,-8.049792757706268,0.4122590298411668
NOR,2018-01-15 11:00:00,30.877608414899374,38.86542091354948,0.003986187693973801,0.29225989299517574,0.00015394902837882597,0.05154964606696928,-8.170457985474837,-0.1679088281545684
NOR,2018-01-16 11:00:00,30.877608414899374,38.86542091354948,0.003986187693973801,0.29225989299517574,0.00015394902837882597,0.05154964606696928,-8.170457985474837,-0.1679088281545684
NOR,2018-01-17 11:00:00,30.877608414899374,38.86542091354948,0.003986187693973801,0.29225989299517574,0.00015394902837882597,0.05154964606696928,-8.170457985474837,-0.1679088281545684
NOR,2018-01-18 11:00:00,30.877608414899374,38.86542091354948,0.003986187693973801,0.29225989299517574,0.00015394902837882597,0.05154964606696928,-8.170457985474837,-0.1679088281545684
NOR,2018-01-19 11:00:00,30.877608414899374,38.86542091354948,0.003986187693973801,0.29225989299517574,0.00015394902837882597,0.05154964606696928,-8.170457985474837,-0.1679088281545684
NOR,2018-01-20 11:00:00,30.877608414899374,38.86542091354948,0.003986187693973801,0.29225989299517574,0.00015394902837882597,0.05154964606696928,-8.170457985474837,-0.1679088281545684
NOR,2018-01-21 11:00:00,30.877608414899374,38.86542091354948,0.003986187693973801,0.29225989299517574,0.00015394902837882597,0.05154964606696928,-8.170457985474837,-0.1679088281545684
NOR,2018-01-22 11:00:00,30.877608414899374,38.86542091354948,0.003986187693973801,0.29225989299517574,0.00015394902837882597,0.05154964606696928,-8.170457985474837,-0.1679088281545684
NOR,2018-01-23 11:00:00,30.877608414899374,38.86542091354948,0.003986187693973801,0.29225989299517574,0.00015394902837882597,0.05154964606696928,-8.170457985474837,-0.1679088281545684
NOR,2018-01-24 11:00:00,30.877608414899374,38.86542091354948,0.003986187693973801,0.29225989299517574,0.00015394902837882597,0.05154964606696928,-8.170457985474837,-0.1679088281545684
NOR,2018-01-25 11:00:00,30.877608414899374,38.86542091354948,0.003986187693973801,0.29225989299517574,0.00015394902837882597,0.05154964606696928,-8.170457985474837,-0.1679088281545684
NOR,2018-01-26 11:00:00,30.877608414899374,38.86542091354948,0.003986187693973801,0.29225989299517574,0.00015394902837882597,0.05154964606696928,-8.170457985474837,-0.1679088281545684
NOR,2018-01-27 11:00:00,30.877608414899374,38.86542091354948,0.003986187693973801,0.29225989299517574,0.00015394902837882597,0.05154964606696928,-8.170457985474837,-0.1679088281545684
NOR,2018-01-28 11:00:00,30.877608414899374,38.86542091354948,0.003986187693973801,0.29225989299517574,0.00015394902837882597,0.05154964606696928,-8.170457985474837,-0.1679088281545684
NOR,2018-01-29 11:00:00,30.877608414899374,38.86542091354948,0.003986187693973801,0.29225989299517574,0.00015394902837882597,0.05154964606696928,-8.170457985474837,-0.1679088281545684
NOR,2018-01-29 11:00:00,3.3172590213931894,14.303665301506516,0.006404931555947218,0.2912485282490683,0.0006384304783466831,0.044701843364794054,-10.054604681003388,-1.2963479719043445
NOR,2018-01-30 11:00:00,3.3172590213931894,14.303665301506516,0.006404931555947218,0.2912485282490683,0.0006384304783466831,0.044701843364794054,-10.054604681003388,-1.2963479719043445
NOR,2018-01-31 11:00:00,3.3172590213931894,14.303665301506516,0.006404931555947218,0.2912485282490683,0.0006384304783466831,0.044701843364794054,-10.054604681003388,-1.2963479719043445
NOR,2018-02-01 11:00:00,3.3172590213931894,14.303665301506516,0.006404931555947218,0.2912485282490683,0.0006384304783466831,0.044701843364794054,-10.054604681003388,-1.2963479719043445
NOR,2018-02-02 11:00:00,3.3172590213931894,14.303665301506516,0.006404931555947218,0.2912485282490683,0.0006384304783466831,0.044701843364794054,-10.054604681003388,-1.2963479719043445
NOR,2018-02-03 11:00:00,3.3172590213931894,14.303665301506516,0.006404931555947218,0.2912485282490683,0.0006384304783466831,0.044701843364794054,-10.054604681003388,-1.2963479719043445
NOR,2018-02-04 11:00:00,3.3172590213931894,14.303665301506516,0.006404931555947218,0.2912485282490683,0.0006384304783466831,0.044701843364794054,-10.054604681003388,-1.2963479719043445
NOR,2018-02-05 11:00:00,3.3172590213931894,14.303665301506516,0.006404931555947218,0.2912485282490683,0.0006384304783466831,0.044701843364794054,-10.054604681003388,-1.2963479719043445
NOR,2018-02-06 11:00:00,3.3172590213931894,14.303665301506516,0.006404931555947218,0.2912485282490683,0.0006384304783466831,0.044701843364794054,-10.054604681003388,-1.2963479719043445
NOR,2018-02-07 11:00:00,3.3172590213931894,14.303665301506516,0.006404931555947218,0.2912485282490683,0.0006384304783466831,0.044701843364794054,-10.054604681003388,-1.2963479719043445
NOR,2018-02-08 11:00:00,3.3172590213931894,14.303665301506516,0.006404931555947218,0.2912485282490683,0.0006384304783466831,0.044701843364794054,-10.054604681003388,-1.2963479719043445
NOR,2018-02-09 11:00:00,3.3172590213931894,14.303665301506516,0.006404931555947218,0.2912485282490683,0.0006384304783466831,0.044701843364794054,-10.054604681003388,-1.2963479719043445
NOR,2018-02-10 11:00:00,3.3172590213931894,14.303665301506516,0.006404931555947218,0.2912485282490683,0.0006384304783466831,0.044701843364794054,-10.054604681003388,-1.2963479719043445
NOR,2018-02-11 11:00:00,3.3172590213931894,14.303665301506516,0.006404931555947218,0.2912485282490683,0.0006384304783466831,0.044701843364794054,-10.054604681003388,-1.2963479719043445
NOR,2018-02-12 11:00:00,3.3172590213931894,14.303665301506516,0.006404931555947218,0.2912485282490683,0.0006384304783466831,0.044701843364794054,-10.054604681003388,-1.2963479719043445
NOR,2018-02-12 11:00:00,-4.979666799855825,4.7803404341187345,0.0031323840562971603,0.3282907761099909,0.0004434584068279963,0.02705020446225468,-9.01761307036155,-1.1157840872683065
NOR,2018-02-13 11:00:00,-4.979666799855825,4.7803404341187345,0.0031323840562971603,0.3282907761099909,0.0004434584068279963,0.02705020446225468,-9.01761307036155,-1.1157840872683065
NOR,2018-02-14 11:00:00,-4.979666799855825,4.7803404341187345,0.0031323840562971603,0.3282907761099909,0.0004434584068279963,0.02705020446225468,-9.01761307036155,-1.1157840872683065
NOR,2018-02-15 11:00:00,-4.979666799855825,4.7803404341187345,0.0031323840562971603,0.3282907761099909,0.0004434584068279963,0.02705020446225468,-9.01761307036155,-1.1157840872683065
NOR,2018-02-16 11:00:00,-4.979666799855825,4.7803404341187345,0.0031323840562971603,0.3282907761099909,0.0004434584068279963,0.02705020446225468,-9.01761307036155,-1.1157840872683065
NOR,2018-02-17 11:00:00,-4.979666799855825,4.7803404341187345,0.0031323840562971603,0.3282907761099909,0.0004434584068279963,0.02705020446225468,-9.01761307036155,-1.1157840872683065
NOR,2018-02-18 11:00:00,-4.979666799855825,4.7803404341187345,0.0031323840562971603,0.3282907761099909,0.0004434584068279963,0.02705020446225468,-9.01761307036155,-1.1157840872683065
NOR,2018-02-19 11:00:00,-4.979666799855825,4.7803404341187345,0.0031323840562971603,0.3282907761099909,0.0004434584068279963,0.02705020446225468,-9.01761307036155,-1.1157840872683065
NOR,2018-02-20 11:00:00,-4.979666799855825,4.7803404341187345,0.0031323840562971603,0.3282907761099909,0.0004434584068279963,0.02705020446225468,-9.01761307036155,-1.1157840872683065
NOR,2018-02-21 11:00:00,-4.979666799855825,4.7803404341187345,0.0031323840562971603,0.3282907761099909,0.0004434584068279963,0.02705020446225468,-9.01761307036155,-1.1157840872683065
NOR,2018-02-22 11:00:00,-4.979666799855825,4.7803404341187345,0.0031323840562971603,0.3282907761099909,0.0004434584068279963,0.02705020446225468,-9.01761307036155,-1.1157840872683065
NOR,2018-02-23 11:00:00,-4.979666799855825,4.7803404341187345,0.0031323840562971603,0.3282907761099909,0.0004434584068279963,0.02705020446225468,-9.01761307036155,-1.1157840872683065
NOR,2018-02-24 11:00:00,-4.979666799855825,4.7803404341187345,0.0031323840562971603,0.3282907761099909,0.0004434584068279963,0.02705020446225468,-9.01761307036155,-1.1157840872683065
NOR,2018-02-25 11:00:00,-4.979666799855825,4.7803404341187345,0.0031323840562971603,0.3282907761099909,0.0004434584068279963,0.02705020446225468,-9.01761307036155,-1.1157840872683065
NOR,2018-02-26 11:00:00,-4.979666799855825,4.7803404341187345,0.0031323840562971603,0.3282907761099909,0.0004434584068279963,0.02705020446225468,-9.01761307036155,-1.1157840872683065
NOR,2018-02-26 11:00:00,4.038686881403346,13.309716842864484,0.0014785410723577822,0.34379329102662515,0.0007099010721318672,0.020160039778675344,-7.615135525847362,-2.043714698652388
NOR,2018-02-27 11:00:00,4.038686881403346,13.309716842864484,0.0014785410723577822,0.34379329102662515,0.0007099010721318672,0.020160039778675344,-7.615135525847362,-2.043714698652388
NOR,2018-02-28 11:00:00,4.038686881403346,13.309716842864484,0.0014785410723577822,0.34379329102662515,0.0007099010721318672,0.020160039778675344,-7.615135525847362,-2.043714698652388
NOR,2018-03-01 11:00:00,4.038686881403346,13.309716842864484,0.0014785410723577822,0.34379329102662515,0.0007099010721318672,0.020160039778675344,-7.615135525847362,-2.043714698652388
NOR,2018-03-02 11:00:00,4.038686881403346,13.309716842864484,0.0014785410723577822,0.34379329102662515,0.0007099010721318672,0.020160039778675344,-7.615135525847362,-2.043714698652388
NOR,2018-03-03 11:00:00,4.038686881403346,13.309716842864484,0.0014785410723577822,0.34379329102662515,0.0007099010721318672,0.020160039778675344,-7.615135525847362,-2.043714698652388
NOR,2018-03-04 11:00:00,4.038686881403346,13.309716842864484,0.0014785410723577822,0.34379329102662515,0.0007099010721318672,0.020160039778675344,-7.615135525847362,-2.043714698652388
NOR,2018-03-05 11:00:00,4.038686881403346,13.309716842864484,0.0014785410723577822,0.34379329102662515,0.0007099010721318672,0.020160039778675344,-7.615135525847362,-2.043714698652388
NOR,2018-03-06 11:00:00,4.038686881403346,13.309716842864484,0.0014785410723577822,0.34379329102662515,0.0007099010721318672,0.020160039778675344,-7.615135525847362,-2.043714698652388
NOR,2018-03-07 11:00:00,4.038686881403346,13.309716842864484,0.0014785410723577822,0.34379329102662515,0.0007099010721318672,0.020160039778675344,-7.615135525847362,-2.043714698652388
NOR,2018-03-08 11:00:00,4.038686881403346,13.309716842864484,0.0014785410723577822,0.34379329102662515,0.0007099010721318672,0.020160039778675344,-7.615135525847362,-2.043714698652388
NOR,2018-03-09 11:00:00,4.038686881403346,13.309716842864484,0.0014785410723577822,0.34379329102662515,0.0007099010721318672,0.020160039778675344,-7.615135525847362,-2.043714698652388
NOR,2018-03-10 11:00:00,4.038686881403346,13.309716842864484,0.0014785410723577822,0.34379329102662515,0.0007099010721318672,0.020160039778675344,-7.615135525847362,-2.043714698652388
NOR,2018-03-11 11:00:00,4.038686881403346,13.309716842864484,0.0014785410723577822,0.34379329102662515,0.0007099010721318672,0.020160039778675344,-7.615135525847362,-2.043714698652388
NOR,2018-03-12 11:00:00,4.038686881403346,13.309716842864484,0.0014785410723577822,0.34379329102662515,0.0007099010721318672,0.020160039778675344,-7.615135525847362,-2.043714698652388
NOR,2018-03-12 11:00:00,17.425741790850516,22.980508406135616,0.0006984127799590426,0.3143700185219828,0.00042859500672398236,0.0025082610801870136,-4.180795917568552,-1.7002035317736706
NOR,2018-03-13 11:00:00,17.425741790850516,22.980508406135616,0.0006984127799590426,0.3143700185219828,0.00042859500672398236,0.0025082610801870136,-4.180795917568552,-1.7002035317736706
NOR,2018-03-14 11:00:00,17.425741790850516,22.980508406135616,0.0006984127799590426,0.3143700185219828,0.00042859500672398236,0.0025082610801870136,-4.180795917568552,-1.7002035317736706
NOR,2018-03-15 11:00:00,17.425741790850516,22.980508406135616,0.0006984127799590426,0.3143700185219828,0.00042859500672398236,0.0025082610801870136,-4.180795917568552,-1.7002035317736706
NOR,2018-03-16 11:00:00,17.425741790850516,22.980508406135616,0.0006984127799590426,0.3143700185219828,0.00042859500672398236,0.0025082610801870136,-4.180795917568552,-1.7002035317736706
NOR,2018-03-17 11:00:00,17.425741790850516,22.980508406135616,0.0006984127799590426,0.3143700185219828,0.00042859500672398236,0.0025082610801870136,-4.180795917568552,-1.7002035317736706
NOR,2018-03-18 11:00:00,17.425741790850516,22.980508406135616,0.0006984127799590426,0.3143700185219828,0.00042859500672398236,0.0025082610801870136,-4.180795917568552,-1.7002035317736706
NOR,2018-03-19 11:00:00,17.425741790850516,22.980508406135616,0.0006984127799590426,0.3143700185219828,0.00042859500672398236,0.0025082610801870136,-4.180795917568552,-1.7002035317736706
NOR,2018-03-20 11:00:00,17.425741790850516,22.980508406135616,0.0006984127799590426,0.3143700185219828,0.00042859500672398236,0.0025082610801870136,-4.180795917568552,-1.7002035317736706
NOR,2018-03-21 11:00:00,17.425741790850516,22.980508406135616,0.0006984127799590426,0.3143700185219828,0.00042859500672398236,0.0025082610801870136,-4.180795917568552,-1.7002035317736706
NOR,2018-03-22 11:00:00,17.425741790850516,22.980508406135616,0.0006984127799590426,0.3143700185219828,0.00042859500672398236,0.0025082610801870136,-4.180795917568552,-1.7002035317736706
NOR,2018-03-23 11:00:00,17.425741790850516,22.980508406135616,0.0006984127799590426,0.3143700185219828,0.00042859500672398236,0.0025082610801870136,-4.180795917568552,-1.7002035317736706
NOR,2018-03-24 11:00:00,17.425741790850516,22.980508406135616,0.0006984127799590426,0.3143700185219828,0.00042859500672398236,0.0025082610801870136,-4.180795917568552,-1.7002035317736706
NOR,2018-03-25 11:00:00,17.425741790850516,22.980508406135616,0.0006984127799590426,0.3143700185219828,0.00042859500672398236,0.0025082610801870136,-4.180795917568552,-1.7002035317736706
NOR,2018-03-26 11:00:00,17.425741790850516,22.980508406135616,0.0006984127799590426,0.3143700185219828,0.00042859500672398236,0.0025082610801870136,-4.180795917568552,-1.7002035317736706
NOR,2018-03-26 11:00:00,-2.509923917635246,2.383559269517754,0.004481290949958889,0.24239078864120095,-0.0004065786551711582,0.004109192342245444,-3.4535702644594743,-1.697941806731244
NOR,2018-03-27 11:00:00,-2.509923917635246,2.383559269517754,0.004481290949958889,0.24239078864120095,-0.0004065786551711582,0.004109192342245444,-3.4535702644594743,-1.697941806731244
NOR,2018-03-28 11:00:00,-2.509923917635246,2.383559269517754,0.004481290949958889,0.24239078864120095,-0.0004065786551711582,0.004109192342245444,-3.4535702644594743,-1.697941806731244
NOR,2018-03-29 11:00:00,-2.509923917635246,2.383559269517754,0.004481290949958889,0.24239078864120095,-0.0004065786551711582,0.004109192342245444,-3.4535702644594743,-1.697941806731244
NOR,2018-03-30 11:00:00,-2.509923917635246,2.383559269517754,0.004481290949958889,0.24239078864120095,-0.0004065786551711582,0.004109192342245444,-3.4535702644594743,-1.697941806731244
NOR,2018-03-31 11:00:00,-2.509923917635246,2.383559269517754,0.004481290949958889,0.24239078864120095,-0.0004065786551711582,0.004109192342245444,-3.4535702644594743,-1.697941806731244
NOR,2018-04-01 11:00:00,-2.509923917635246,2.383559269517754,0.004481290949958889,0.24239078864120095,-0.0004065786551711582,0.004109192342245444,-3.4535702644594743,-1.697941806731244
NOR,2018-04-02 11:00:00,-2.509923917635246,2.383559269517754,0.004481290949958889,0.24239078864120095,-0.0004065786551711582,0.004109192342245444,-3.4535702644594743,-1.697941806731244
NOR,2018-04-03 11:00:00,-2.509923917635246,2.383559269517754,0.004481290949958889,0.24239078864120095,-0.0004065786551711582,0.004109192342245444,-3.4535702644594743,-1.697941806731244
NOR,2018-04-04 11:00:00,-2.509923917635246,2.383559269517754,0.004481290949958889,0.24239078864120095,-0.0004065786551711582,0.004109192342245444,-3.4535702644594743,-1.697941806731244
NOR,2018-04-05 11:00:00,-2.509923917635246,2.383559269517754,0.004481290949958889,0.24239078864120095,-0.0004065786551711582,0.004109192342245444,-3.4535702644594743,-1.697941806731244
NOR,2018-04-06 11:00:00,-2.509923917635246,2.383559269517754,0.004481290949958889,0.24239078864120095,-0.0004065786551711582,0.004109192342245444,-3.4535702644594743,-1.697941806731244
NOR,2018-04-07 11:00:00,-2.509923917635246,2.383559269517754,0.004481290949958889,0.24239078864120095,-0.0004065786551711582,0.004109192342245444,-3.4535702644594743,-1.697941806731244
NOR,2018-04-08 11:00:00,-2.509923917635246,2.383559269517754,0.004481290949958889,0.24239078864120095,-0.0004065786551711582,0.004109192342245444,-3.4535702644594743,-1.697941806731244
NOR,2018-04-09 11:00:00,-2.509923917635246,2.383559269517754,0.004481290949958889,0.24239078864120095,-0.0004065786551711582,0.004109192342245444,-3.4535702644594743,-1.697941806731244
NOR,2018-04-09 11:00:00,3.928704964258522,10.688411509703782,0.002170877413548581,0.39344876167353243,-0.001373074510872135,0.005413561812933689,-5.50399649832519,-1.666031861110299
NOR,2018-04-10 11:00:00,3.928704964258522,10.688411509703782,0.002170877413548581,0.39344876167353243,-0.001373074510872135,0.005413561812933689,-5.50399649832519,-1.666031861110299
NOR,2018-04-11 11:00:00,3.928704964258522,10.688411509703782,0.002170877413548581,0.39344876167353243,-0.001373074510872135,0.005413561812933689,-5.50399649832519,-1.666031861110299
NOR,2018-04-12 11:00:00,3.928704964258522,10.688411509703782,0.002170877413548581,0.39344876167353243,-0.001373074510872135,0.005413561812933689,-5.50399649832519,-1.666031861110299
NOR,2018-04-13 11:00:00,3.928704964258522,10.688411509703782,0.002170877413548581,0.39344876167353243,-0.001373074510872135,0.005413561812933689,-5.50399649832519,-1.666031861110299
NOR,2018-04-14 11:00:00,3.928704964258522,10.688411509703782,0.002170877413548581,0.39344876167353243,-0.001373074510872135,0.005413561812933689,-5.50399649832519,-1.666031861110299
NOR,2018-04-15 11:00:00,3.928704964258522,10.688411509703782,0.002170877413548581,0.39344876167353243,-0.001373074510872135,0.005413561812933689,-5.50399649832519,-1.666031861110299
NOR,2018-04-16 11:00:00,3.928704964258522,10.688411509703782,0.002170877413548581,0.39344876167353243,-0.001373074510872135,0.005413561812933689,-5.50399649832519,-1.666031861110299
NOR,2018-04-17 11:00:00,3.928704964258522,10.688411509703782,0.002170877413548581,0.39344876167353243,-0.001373074510872135,0.005413561812933689,-5.50399649832519,-1.666031861110299
NOR,2018-04-18 11:00:00,3.928704964258522,10.688411509703782,0.002170877413548581,0.39344876167353243,-0.001373074510872135,0.005413561812933689,-5.50399649832519,-1.666031861110299
NOR,2018-04-19 11:00:00,3.928704964258522,10.688411509703782,0.002170877413548581,0.39344876167353243,-0.001373074510872135,0.005413561812933689,-5.50399649832519,-1.666031861110299
NOR,2018-04-20 11:00:00,3.928704964258522,10.688411509703782,0.002170877413548581,0.39344876167353243,-0.001373074510872135,0.005413561812933689,-5.50399649832519,-1.666031861110299
NOR,2018-04-21 11:00:00,3.928704964258522,10.688411509703782,0.002170877413548581,0.39344876167353243,-0.001373074510872135,0.005413561812933689,-5.50399649832519,-1.666031861110299
NOR,2018-04-22 11:00:00,3.928704964258522,10.688411509703782,0.002170877413548581,0.39344876167353243,-0.001373074510872135,0.005413561812933689,-5.50399649832519,-1.666031861110299
NOR,2018-04-23 11:00:00,3.928704964258522,10.688411509703782,0.002170877413548581,0.39344876167353243,-0.001373074510872135,0.005413561812933689,-5.50399649832519,-1.666031861110299
NOR,2018-04-23 11:00:00,6.886143320806649,12.608336362537308,0.0031578593883517404,0.46857259945305757,-0.002366871934413407,0.002156022714709312,-4.158417550153194,-2.0437040356397103
NOR,2018-04-24 11:00:00,6.886143320806649,12.608336362537308,0.0031578593883517404,0.46857259945305757,-0.002366871934413407,0.002156022714709312,-4.158417550153194,-2.0437040356397103
NOR,2018-04-25 11:00:00,6.886143320806649,12.608336362537308,0.0031578593883517404,0.46857259945305757,-0.002366871934413407,0.002156022714709312,-4.158417550153194,-2.0437040356397103
NOR,2018-04-26 11:00:00,6.886143320806649,12.608336362537308,0.0031578593883517404,0.46857259945305757,-0.002366871934413407,0.002156022714709312,-4.158417550153194,-2.0437040356397103
NOR,2018-04-27 11:00:00,6.886143320806649,12.608336362537308,0.0031578593883517404,0.46857259945305757,-0.002366871934413407,0.002156022714709312,-4.158417550153194,-2.0437040356397103
NOR,2018-04-28 11:00:00,6.886143320806649,12.608336362537308,0.0031578593883517404,0.46857259945305757,-0.002366871934413407,0.002156022714709312,-4.158417550153194,-2.0437040356397103
NOR,2018-04-29 11:00:00,6.886143320806649,12.608336362537308,0.0031578593883517404,0.46857259945305757,-0.002366871934413407,0.002156022714709312,-4.158417550153194,-2.0437040356397103
NOR,2018-04-30 11:00:00,6.886143320806649,12.608336362537308,0.0031578593883517404,0.46857259945305757,-0.002366871934413407,0.002156022714709312,-4.158417550153194,-2.0437040356397103
NOR,2018-05-01 11:00:00,6.886143320806649,12.608336362537308,0.0031578593883517404,0.46857259945305757,-0.002366871934413407,0.002156022714709312,-4.158417550153194,-2.0437040356397103
NOR,2018-05-02 11:00:00,6.886143320806649,12.608336362537308,0.0031578593883517404,0.46857259945305757,-0.002366871934413407,0.002156022714709312,-4.158417550153194,-2.0437040356397103
NOR,2018-05-03 11:00:00,6.886143320806649,12.608336362537308,0.0031578593883517404,0.46857259945305757,-0.002366871934413407,0.002156022714709312,-4.158417550153194,-2.0437040356397103
NOR,2018-05-04 11:00:00,6.886143320806649,12.608336362537308,0.0031578593883517404,0.46857259945305757,-0.002366871934413407,0.002156022714709312,-4.158417550153194,-2.0437040356397103
NOR,2018-05-05 11:00:00,6.886143320806649,12.608336362537308,0.0031578593883517404,0.46857259945305757,-0.002366871934413407,0.002156022714709312,-4.158417550153194,-2.0437040356397103
NOR,2018-05-06 11:00:00,6.886143320806649,12.608336362537308,0.0031578593883517404,0.46857259945305757,-0.002366871934413407,0.002156022714709312,-4.158417550153194,-2.0437040356397103
NOR,2018-05-07 11:00:00,6.886143320806649,12.608336362537308,0.0031578593883517404,0.46857259945305757,-0.002366871934413407,0.002156022714709312,-4.158417550153194,-2.0437040356397103
NOR,2018-05-07 11:00:00,-0.47398174654906994,5.495555363915081,0.005420243091291774,0.5277087605031121,-0.0032454157993749345,0.0095813923940503,-4.838592262938756,-1.6805185825310625
NOR,2018-05-08 11:00:00,-0.47398174654906994,5.495555363915081,0.005420243091291774,0.5277087605031121,-0.0032454157993749345,0.0095813923940503,-4.838592262938756,-1.6805185825310625
NOR,2018-05-09 11:00:00,-0.47398174654906994,5.495555363915081,0.005420243091291774,0.5277087605031121,-0.0032454157993749345,0.0095813923940503,-4.838592262938756,-1.6805185825310625
NOR,2018-05-10 11:00:00,-0.47398174654906994,5.495555363915081,0.005420243091291774,0.5277087605031121,-0.0032454157993749345,0.0095813923940503,-4.838592262938756,-1.6805185825310625
NOR,2018-05-11 11:00:00,-0.47398174654906994,5.495555363915081,0.005420243091291774,0.5277087605031121,-0.0032454157993749345,0.0095813923940503,-4.838592262938756,-1.6805185825310625
NOR,2018-05-12 11:00:00,-0.47398174654906994,5.495555363915081,0.005420243091291774,0.5277087605031121,-0.0032454157993749345,0.0095813923940503,-4.838592262938756,-1.6805185825310625
NOR,2018-05-13 11:00:00,-0.47398174654906994,5.495555363915081,0.005420243091291774,0.5277087605031121,-0.0032454157993749345,0.0095813923940503,-4.838592262938756,-1.6805185825310625
NOR,2018-05-14 11:00:00,-0.47398174654906994,5.495555363915081,0.005420243091291774,0.5277087605031121,-0.0032454157993749345,0.0095813923940503,-4.838592262938756,-1.6805185825310625
NOR,2018-05-15 11:00:00,-0.47398174654906994,5.495555363915081,0.005420243091291774,0.5277087605031121,-0.0032454157993749345,0.0095813923940503,-4.838592262938756,-1.6805185825310625
NOR,2018-05-16 11:00:00,-0.47398174654906994,5.495555363915081,0.005420243091291774,0.5277087605031121,-0.0032454157993749345,0.0095813923940503,-4.838592262938756,-1.6805185825310625
NOR,2018-05-17 11:00:00,-0.47398174654906994,5.495555363915081,0.005420243091291774,0.5277087605031121,-0.0032454157993749345,0.0095813923940503,-4.838592262938756,-1.6805185825310625
NOR,2018-05-18 11:00:00,-0.47398174654906994,5.495555363915081,0.005420243091291774,0.5277087605031121,-0.0032454157993749345,0.0095813923940503,-4.838592262938756,-1.6805185825310625
NOR,2018-05-19 11:00:00,-0.47398174654906994,5.495555363915081,0.005420243091291774,0.5277087605031121,-0.0032454157993749345,0.0095813923940503,-4.838592262938756,-1.6805185825310625
NOR,2018-05-20 11:00:00,-0.47398174654906994,5.495555363915081,0.005420243091291774,0.5277087605031121,-0.0032454157993749345,0.0095813923940503,-4.838592262938756,-1.6805185825310625
NOR,2018-05-21 11:00:00,-0.47398174654906994,5.495555363915081,0.005420243091291774,0.5277087605031121,-0.0032454157993749345,0.0095813923940503,-4.838592262938756,-1.6805185825310625
NOR,2018-05-21 11:00:00,2.7398944736833752,7.007819367633605,0.0003374241238148722,0.6182847914004113,-0.0036285575471260876,0.0027836921854393314,-3.1102045030302783,-1.7807997594956202
NOR,2018-05-22 11:00:00,2.7398944736833752,7.007819367633605,0.0003374241238148722,0.6182847914004113,-0.0036285575471260876,0.0027836921854393314,-3.1102045030302783,-1.7807997594956202
NOR,2018-05-23 11:00:00,2.7398944736833752,7.007819367633605,0.0003374241238148722,0.6182847914004113,-0.0036285575471260876,0.0027836921854393314,-3.1102045030302783,-1.7807997594956202
NOR,2018-05-24 11:00:00,2.7398944736833752,7.007819367633605,0.0003374241238148722,0.6182847914004113,-0.0036285575471260876,0.0027836921854393314,-3.1102045030302783,-1.7807997594956202
NOR,2018-05-25 11:00:00,2.7398944736833752,7.007819367633605,0.0003374241238148722,0.6182847914004113,-0.0036285575471260876,0.0027836921854393314,-3.1102045030302783,-1.7807997594956202
NOR,2018-05-26 11:00:00,2.7398944736833752,7.007819367633605,0.0003374241238148722,0.6182847914004113,-0.0036285575471260876,0.0027836921854393314,-3.1102045030302783,-1.7807997594956202
NOR,2018-05-27 11:00:00,2.7398944736833752,7.007819367633605,0.0003374241238148722,0.6182847914004113,-0.0036285575471260876,0.0027836921854393314,-3.1102045030302783,-1.7807997594956202
NOR,2018-05-28 11:00:00,2.7398944736833752,7.007819367633605,0.0003374241238148722,0.6182847914004113,-0.0036285575471260876,0.0027836921854393314,-3.1102045030302783,-1.7807997594956202
NOR,2018-05-29 11:00:00,2.7398944736833752,7.007819367633605,0.0003374241238148722,0.6182847914004113,-0.0036285575471260876,0.0027836921854393314,-3.1102045030302783,-1.7807997594956202
NOR,2018-05-30 11:00:00,2.7398944736833752,7.007819367633605,0.0003374241238148722,0.6182847914004113,-0.0036285575471260876,0.0027836921854393314,-3.1102045030302783,-1.7807997594956202
NOR,2018-05-31 11:00:00,2.7398944736833752,7.007819367633605,0.0003374241238148722,0.6182847914004113,-0.0036285575471260876,0.0027836921854393314,-3.1102045030302783,-1.7807997594956202
NOR,2018-06-01 11:00:00,2.7398944736833752,7.007819367633605,0.0003374241238148722,0.6182847914004113,-0.0036285575471260876,0.0027836921854393314,-3.1102045030302783,-1.7807997594956202
NOR,2018-06-02 11:00:00,2.7398944736833752,7.007819367633605,0.0003374241238148722,0.6182847914004113,-0.0036285575471260876,0.0027836921854393314,-3.1102045030302783,-1.7807997594956202
NOR,2018-06-03 11:00:00,2.7398944736833752,7.007819367633605,0.0003374241238148722,0.6182847914004113,-0.0036285575471260876,0.0027836921854393314,-3.1102045030302783,-1.7807997594956202
NOR,2018-06-04 11:00:00,2.7398944736833752,7.007819367633605,0.0003374241238148722,0.6182847914004113,-0.0036285575471260876,0.0027836921854393314,-3.1102045030302783,-1.7807997594956202
NOR,2018-06-04 11:00:00,3.0954201478134302,7.124292292072767,0.00021126209501651276,0.6964758976554987,-0.0032730388309455075,-0.0037472796590791646,-2.8297748649355308,-1.892832283648324
NOR,2018-06-05 11:00:00,3.0954201478134302,7.124292292072767,0.00021126209501651276,0.6964758976554987,-0.0032730388309455075,-0.0037472796590791646,-2.8297748649355308,-1.892832283648324
NOR,2018-06-06 11:00:00,3.0954201478134302,7.124292292072767,0.00021126209501651276,0.6964758976554987,-0.0032730388309455075,-0.0037472796590791646,-2.8297748649355308,-1.892832283648324
NOR,2018-06-07 11:00:00,3.0954201478134302,7.124292292072767,0.00021126209501651276,0.6964758976554987,-0.0032730388309455075,-0.0037472796590791646,-2.8297748649355308,-1.892832283648324
NOR,2018-06-08 11:00:00,3.0954201478134302,7.124292292072767,0.00021126209501651276,0.6964758976554987,-0.0032730388309455075,-0.0037472796590791646,-2.8297748649355308,-1.892832283648324
NOR,2018-06-09 11:00:00,3.0954201478134302,7.124292292072767,0.00021126209501651276,0.6964758976554987,-0.0032730388309455075,-0.0037472796590791646,-2.8297748649355308,-1.892832283648324
NOR,2018-06-10 11:00:00,3.0954201478134302,7.124292292072767,0.00021126209501651276,0.6964758976554987,-0.0032730388309455075,-0.0037472796590791646,-2.8297748649355308,-1.892832283648324
NOR,2018-06-11 11:00:00,3.0954201478134302,7.124292292072767,0.00021126209501651276,0.6964758976554987,-0.0032730388309455075,-0.0037472796590791646,-2.8297748649355308,-1.892832283648324
NOR,2018-06-12 11:00:00,3.0954201478134302,7.124292292072767,0.00021126209501651276,0.6964758976554987,-0.0032730388309455075,-0.0037472796590791646,-2.8297748649355308,-1.892832283648324
NOR,2018-06-13 11:00:00,3.0954201478134302,7.124292292072767,0.00021126209501651276,0.6964758976554987,-0.0032730388309455075,-0.0037472796590791646,-2.8297748649355308,-1.892832283648324
NOR,2018-06-14 11:00:00,3.0954201478134302,7.124292292072767,0.00021126209501651276,0.6964758976554987,-0.0032730388309455075,-0.0037472796590791646,-2.8297748649355308,-1.892832283648324
NOR,2018-06-15 11:00:00,3.0954201478134302,7.124292292072767,0.00021126209501651276,0.6964758976554987,-0.0032730388309455075,-0.0037472796590791646,-2.8297748649355308,-1.892832283648324
NOR,2018-06-16 11:00:00,3.0954201478134302,7.124292292072767,0.00021126209501651276,0.6964758976554987,-0.0032730388309455075,-0.0037472796590791646,-2.8297748649355308,-1.892832283648324
NOR,2018-06-17 11:00:00,3.0954201478134302,7.124292292072767,0.00021126209501651276,0.6964758976554987,-0.0032730388309455075,-0.0037472796590791646,-2.8297748649355308,-1.892832283648324
NOR,2018-06-18 11:00:00,3.0954201478134302,7.124292292072767,0.00021126209501651276,0.6964758976554987,-0.0032730388309455075,-0.0037472796590791646,-2.8297748649355308,-1.892832283648324
NOR,2018-06-18 11:00:00,2.4872345033235495,5.727859487411999,0.001142767927163753,0.7847359396271381,-0.0015106471171117473,0.016571233535960687,-2.311954613950566,-1.7416999683413938
NOR,2018-06-19 11:00:00,2.4872345033235495,5.727859487411999,0.001142767927163753,0.7847359396271381,-0.0015106471171117473,0.016571233535960687,-2.311954613950566,-1.7416999683413938
NOR,2018-06-20 11:00:00,2.4872345033235495,5.727859487411999,0.001142767927163753,0.7847359396271381,-0.0015106471171117473,0.016571233535960687,-2.311954613950566,-1.7416999683413938
NOR,2018-06-21 11:00:00,2.4872345033235495,5.727859487411999,0.001142767927163753,0.7847359396271381,-0.0015106471171117473,0.016571233535960687,-2.311954613950566,-1.7416999683413938
NOR,2018-06-22 11:00:00,2.4872345033235495,5.727859487411999,0.001142767927163753,0.7847359396271381,-0.0015106471171117473,0.016571233535960687,-2.311954613950566,-1.7416999683413938
NOR,2018-06-23 11:00:00,2.4872345033235495,5.727859487411999,0.001142767927163753,0.7847359396271381,-0.0015106471171117473,0.016571233535960687,-2.311954613950566,-1.7416999683413938
NOR,2018-06-24 11:00:00,2.4872345033235495,5.727859487411999,0.001142767927163753,0.7847359396271381,-0.0015106471171117473,0.016571233535960687,-2.311954613950566,-1.7416999683413938
NOR,2018-06-25 11:00:00,2.4872345033235495,5.727859487411999,0.001142767927163753,0.7847359396271381,-0.0015106471171117473,0.016571233535960687,-2.311954613950566,-1.7416999683413938
NOR,2018-06-26 11:00:00,2.4872345033235495,5.727859487411999,0.001142767927163753,0.7847359396271381,-0.0015106471171117473,0.016571233535960687,-2.311954613950566,-1.7416999683413938
NOR,2018-06-27 11:00:00,2.4872345033235495,5.727859487411999,0.001142767927163753,0.7847359396271381,-0.0015106471171117473,0.016571233535960687,-2.311954613950566,-1.7416999683413938
NOR,2018-06-28 11:00:00,2.4872345033235495,5.727859487411999,0.001142767927163753,0.7847359396271381,-0.0015106471171117473,0.016571233535960687,-2.311954613950566,-1.7416999683413938
NOR,2018-06-29 11:00:00,2.4872345033235495,5.727859487411999,0.001142767927163753,0.7847359396271381,-0.0015106471171117473,0.016571233535960687,-2.311954613950566,-1.7416999683413938
NOR,2018-06-30 11:00:00,2.4872345033235495,5.727859487411999,0.001142767927163753,0.7847359396271381,-0.0015106471171117473,0.016571233535960687,-2.311954613950566,-1.7416999683413938
NOR,2018-07-01 11:00:00,2.4872345033235495,5.727859487411999,0.001142767927163753,0.7847359396271381,-0.0015106471171117473,0.016571233535960687,-2.311954613950566,-1.7416999683413938
NOR,2018-07-02 11:00:00,2.4872345033235495,5.727859487411999,0.001142767927163753,0.7847359396271381,-0.0015106471171117473,0.016571233535960687,-2.311954613950566,-1.7416999683413938
NOR,2018-07-02 11:00:00,-0.3564409273739314,1.5092661653068435,0.0012246671416692415,0.6619598938280372,-0.0016823160655179976,0.015192207517696312,-1.1397767578989133,-1.4096429372418833
NOR,2018-07-03 11:00:00,-0.3564409273739314,1.5092661653068435,0.0012246671416692415,0.6619598938280372,-0.0016823160655179976,0.015192207517696312,-1.1397767578989133,-1.4096429372418833
NOR,2018-07-04 11:00:00,-0.3564409273739314,1.5092661653068435,0.0012246671416692415,0.6619598938280372,-0.0016823160655179976,0.015192207517696312,-1.1397767578989133,-1.4096429372418833
NOR,2018-07-05 11:00:00,-0.3564409273739314,1.5092661653068435,0.0012246671416692415,0.6619598938280372,-0.0016823160655179976,0.015192207517696312,-1.1397767578989133,-1.4096429372418833
NOR,2018-07-06 11:00:00,-0.3564409273739314,1.5092661653068435,0.0012246671416692415,0.6619598938280372,-0.0016823160655179976,0.015192207517696312,-1.1397767578989133,-1.4096429372418833
NOR,2018-07-07 11:00:00,-0.3564409273739314,1.5092661653068435,0.0012246671416692415,0.6619598938280372,-0.0016823160655179976,0.015192207517696312,-1.1397767578989133,-1.4096429372418833
NOR,2018-07-08 11:00:00,-0.3564409273739314,1.5092661653068435,0.0012246671416692415,0.6619598938280372,-0.0016823160655179976,0.015192207517696312,-1.1397767578989133,-1.4096429372418833
NOR,2018-07-09 11:00:00,-0.3564409273739314,1.5092661653068435,0.0012246671416692415,0.6619598938280372,-0.0016823160655179976,0.015192207517696312,-1.1397767578989133,-1.4096429372418833
NOR,2018-07-10 11:00:00,-0.3564409273739314,1.5092661653068435,0.0012246671416692415,0.6619598938280372,-0.0016823160655179976,0.015192207517696312,-1.1397767578989133,-1.4096429372418833
NOR,2018-07-11 11:00:00,-0.3564409273739314,1.5092661653068435,0.0012246671416692415,0.6619598938280372,-0.0016823160655179976,0.015192207517696312,-1.1397767578989133,-1.4096429372418833
NOR,2018-07-12 11:00:00,-0.3564409273739314,1.5092661653068435,0.0012246671416692415,0.6619598938280372,-0.0016823160655179976,0.015192207517696312,-1.1397767578989133,-1.4096429372418833
NOR,2018-07-13 11:00:00,-0.3564409273739314,1.5092661653068435,0.0012246671416692415,0.6619598938280372,-0.0016823160655179976,0.015192207517696312,-1.1397767578989133,-1.4096429372418833
NOR,2018-07-14 11:00:00,-0.3564409273739314,1.5092661653068435,0.0012246671416692415,0.6619598938280372,-0.0016823160655179976,0.015192207517696312,-1.1397767578989133,-1.4096429372418833
NOR,2018-07-15 11:00:00,-0.3564409273739314,1.5092661653068435,0.0012246671416692415,0.6619598938280372,-0.0016823160655179976,0.015192207517696312,-1.1397767578989133,-1.4096429372418833
NOR,2018-07-16 11:00:00,-0.3564409273739314,1.5092661653068435,0.0012246671416692415,0.6619598938280372,-0.0016823160655179976,0.015192207517696312,-1.1397767578989133,-1.4096429372418833
NOR,2018-07-16 11:00:00,2.487637179115409,4.750798086815678,0.0003858330189906463,1.3318983656698906,-0.001014081700161769,0.00932623928599082,-2.2559682636987612,-1.3535789907457376
NOR,2018-07-17 11:00:00,2.487637179115409,4.750798086815678,0.0003858330189906463,1.3318983656698906,-0.001014081700161769,0.00932623928599082,-2.2559682636987612,-1.3535789907457376
NOR,2018-07-18 11:00:00,2.487637179115409,4.750798086815678,0.0003858330189906463,1.3318983656698906,-0.001014081700161769,0.00932623928599082,-2.2559682636987612,-1.3535789907457376
NOR,2018-07-19 11:00:00,2.487637179115409,4.750798086815678,0.0003858330189906463,1.3318983656698906,-0.001014081700161769,0.00932623928599082,-2.2559682636987612,-1.3535789907457376
NOR,2018-07-20 11:00:00,2.487637179115409,4.750798086815678,0.0003858330189906463,1.3318983656698906,-0.001014081700161769,0.00932623928599082,-2.2559682636987612,-1.3535789907457376
NOR,2018-07-21 11:00:00,2.487637179115409,4.750798086815678,0.0003858330189906463,1.3318983656698906,-0.001014081700161769,0.00932623928599082,-2.2559682636987612,-1.3535789907457376
NOR,2018-07-22 11:00:00,2.487637179115409,4.750798086815678,0.0003858330189906463,1.3318983656698906,-0.001014081700161769,0.00932623928599082,-2.2559682636987612,-1.3535789907457376
NOR,2018-07-23 11:00:00,2.487637179115409,4.750798086815678,0.0003858330189906463,1.3318983656698906,-0.001014081700161769,0.00932623928599082,-2.2559682636987612,-1.3535789907457376
NOR,2018-07-24 11:00:00,2.487637179115409,4.750798086815678,0.0003858330189906463,1.3318983656698906,-0.001014081700161769,0.00932623928599082,-2.2559682636987612,-1.3535789907457376
NOR,2018-07-25 11:00:00,2.487637179115409,4.750798086815678,0.0003858330189906463,1.3318983656698906,-0.001014081700161769,0.00932623928599082,-2.2559682636987612,-1.3535789907457376
NOR,2018-07-26 11:00:00,2.487637179115409,4.750798086815678,0.0003858330189906463,1.3318983656698906,-0.001014081700161769,0.00932623928599082,-2.2559682636987612,-1.3535789907457376
NOR,2018-07-27 11:00:00,2.487637179115409,4.750798086815678,0.0003858330189906463,1.3318983656698906,-0.001014081700161769,0.00932623928599082,-2.2559682636987612,-1.3535789907457376
NOR,2018-07-28 11:00:00,2.487637179115409,4.750798086815678,0.0003858330189906463,1.3318983656698906,-0.001014081700161769,0.00932623928599082,-2.2559682636987612,-1.3535789907457376
NOR,2018-07-29 11:00:00,2.487637179115409,4.750798086815678,0.0003858330189906463,1.3318983656698906,-0.001014081700161769,0.00932623928599082,-2.2559682636987612,-1.3535789907457376
NOR,2018-07-30 11:00:00,2.487637179115409,4.750798086815678,0.0003858330189906463,1.3318983656698906,-0.001014081700161769,0.00932623928599082,-2.2559682636987612,-1.3535789907457376
NOR,2018-07-30 11:00:00,6.732469312477525,9.409777300827354,0.003592394307709521,1.2300715585682105,-0.0010725303393163675,0.04511713336218556,-2.826195868362227,-1.144470880574857
NOR,2018-07-31 11:00:00,6.732469312477525,9.409777300827354,0.003592394307709521,1.2300715585682105,-0.0010725303393163675,0.04511713336218556,-2.826195868362227,-1.144470880574857
NOR,2018-08-01 11:00:00,6.732469312477525,9.409777300827354,0.003592394307709521,1.2300715585682105,-0.0010725303393163675,0.04511713336218556,-2.826195868362227,-1.144470880574857
NOR,2018-08-02 11:00:00,6.732469312477525,9.409777300827354,0.003592394307709521,1.2300715585682105,-0.0010725303393163675,0.04511713336218556,-2.826195868362227,-1.144470880574857
NOR,2018-08-03 11:00:00,6.732469312477525,9.409777300827354,0.003592394307709521,1.2300715585682105,-0.0010725303393163675,0.04511713336218556,-2.826195868362227,-1.144470880574857
NOR,2018-08-04 11:00:00,6.732469312477525,9.409777300827354,0.003592394307709521,1.2300715585682105,-0.0010725303393163675,0.04511713336218556,-2.826195868362227,-1.144470880574857
NOR,2018-08-05 11:00:00,6.732469312477525,9.409777300827354,0.003592394307709521,1.2300715585682105,-0.0010725303393163675,0.04511713336218556,-2.826195868362227,-1.144470880574857
NOR,2018-08-06 11:00:00,6.732469312477525,9.409777300827354,0.003592394307709521,1.2300715585682105,-0.0010725303393163675,0.04511713336218556,-2.826195868362227,-1.144470880574857
NOR,2018-08-07 11:00:00,6.732469312477525,9.409777300827354,0.003592394307709521,1.2300715585682105,-0.0010725303393163675,0.04511713336218556,-2.826195868362227,-1.144470880574857
NOR,2018-08-08 11:00:00,6.732469312477525,9.409777300827354,0.003592394307709521,1.2300715585682105,-0.0010725303393163675,0.04511713336218556,-2.826195868362227,-1.144470880574857
NOR,2018-08-09 11:00:00,6.732469312477525,9.409777300827354,0.003592394307709521,1.2300715585682105,-0.0010725303393163675,0.04511713336218556,-2.826195868362227,-1.144470880574857
NOR,2018-08-10 11:00:00,6.732469312477525,9.409777300827354,0.003592394307709521,1.2300715585682105,-0.0010725303393163675,0.04511713336218556,-2.826195868362227,-1.144470880574857
NOR,2018-08-11 11:00:00,6.732469312477525,9.409777300827354,0.003592394307709521,1.2300715585682105,-0.0010725303393163675,0.04511713336218556,-2.826195868362227,-1.144470880574857
NOR,2018-08-12 11:00:00,6.732469312477525,9.409777300827354,0.003592394307709521,1.2300715585682105,-0.0010725303393163675,0.04511713336218556,-2.826195868362227,-1.144470880574857
NOR,2018-08-13 11:00:00,6.732469312477525,9.409777300827354,0.003592394307709521,1.2300715585682105,-0.0010725303393163675,0.04511713336218556,-2.826195868362227,-1.144470880574857
NOR,2018-08-13 11:00:00,-2.0259507662877096,1.939894909272974,0.004240146128855474,1.6128218388436188,-0.0017806372421398909,0.16421660110144823,-4.7002957727683325,-1.0739373439305837
NOR,2018-08-14 11:00:00,-2.0259507662877096,1.939894909272974,0.004240146128855474,1.6128218388436188,-0.0017806372421398909,0.16421660110144823,-4.7002957727683325,-1.0739373439305837
NOR,2018-08-15 11:00:00,-2.0259507662877096,1.939894909272974,0.004240146128855474,1.6128218388436188,-0.0017806372421398909,0.16421660110144823,-4.7002957727683325,-1.0739373439305837
NOR,2018-08-16 11:00:00,-2.0259507662877096,1.939894909272974,0.004240146128855474,1.6128218388436188,-0.0017806372421398909,0.16421660110144823,-4.7002957727683325,-1.0739373439305837
NOR,2018-08-17 11:00:00,-2.0259507662877096,1.939894909272974,0.004240146128855474,1.6128218388436188,-0.0017806372421398909,0.16421660110144823,-4.7002957727683325,-1.0739373439305837
NOR,2018-08-18 11:00:00,-2.0259507662877096,1.939894909272974,0.004240146128855474,1.6128218388436188,-0.0017806372421398909,0.16421660110144823,-4.7002957727683325,-1.0739373439305837
NOR,2018-08-19 11:00:00,-2.0259507662877096,1.939894909272974,0.004240146128855474,1.6128218388436188,-0.0017806372421398909,0.16421660110144823,-4.7002957727683325,-1.0739373439305837
NOR,2018-08-20 11:00:00,-2.0259507662877096,1.939894909272974,0.004240146128855474,1.6128218388436188,-0.0017806372421398909,0.16421660110144823,-4.7002957727683325,-1.0739373439305837
NOR,2018-08-21 11:00:00,-2.0259507662877096,1.939894909272974,0.004240146128855474,1.6128218388436188,-0.0017806372421398909,0.16421660110144823,-4.7002957727683325,-1.0739373439305837
NOR,2018-08-22 11:00:00,-2.0259507662877096,1.939894909272974,0.004240146128855474,1.6128218388436188,-0.0017806372421398909,0.16421660110144823,-4.7002957727683325,-1.0739373439305837
NOR,2018-08-23 11:00:00,-2.0259507662877096,1.939894909272974,0.004240146128855474,1.6128218388436188,-0.0017806372421398909,0.16421660110144823,-4.7002957727683325,-1.0739373439305837
NOR,2018-08-24 11:00:00,-2.0259507662877096,1.939894909272974,0.004240146128855474,1.6128218388436188,-0.0017806372421398909,0.16421660110144823,-4.7002957727683325,-1.0739373439305837
NOR,2018-08-25 11:00:00,-2.0259507662877096,1.939894909272974,0.004240146128855474,1.6128218388436188,-0.0017806372421398909,0.16421660110144823,-4.7002957727683325,-1.0739373439305837
NOR,2018-08-26 11:00:00,-2.0259507662877096,1.939894909272974,0.004240146128855474,1.6128218388436188,-0.0017806372421398909,0.16421660110144823,-4.7002957727683325,-1.0739373439305837
NOR,2018-08-27 11:00:00,-2.0259507662877096,1.939894909272974,0.004240146128855474,1.6128218388436188,-0.0017806372421398909,0.16421660110144823,-4.7002957727683325,-1.0739373439305837
NOR,2018-08-27 11:00:00,3.2001468732231735,6.861319755321879,0.004203194824130815,1.205719166773315,-0.0028188023065463504,0.163672001463261,-3.8683739894276763,-1.194132933607608
NOR,2018-08-28 11:00:00,3.2001468732231735,6.861319755321879,0.004203194824130815,1.205719166773315,-0.0028188023065463504,0.163672001463261,-3.8683739894276763,-1.194132933607608
NOR,2018-08-29 11:00:00,3.2001468732231735,6.861319755321879,0.004203194824130815,1.205719166773315,-0.0028188023065463504,0.163672001463261,-3.8683739894276763,-1.194132933607608
NOR,2018-08-30 11:00:00,3.2001468732231735,6.861319755321879,0.004203194824130815,1.205719166773315,-0.0028188023065463504,0.163672001463261,-3.8683739894276763,-1.194132933607608
NOR,2018-08-31 11:00:00,3.2001468732231735,6.861319755321879,0.004203194824130815,1.205719166773315,-0.0028188023065463504,0.163672001463261,-3.8683739894276763,-1.194132933607608
NOR,2018-09-01 11:00:00,3.2001468732231735,6.861319755321879,0.004203194824130815,1.205719166773315,-0.0028188023065463504,0.163672001463261,-3.8683739894276763,-1.194132933607608
NOR,2018-09-02 11:00:00,3.2001468732231735,6.861319755321879,0.004203194824130815,1.205719166773315,-0.0028188023065463504,0.163672001463261,-3.8683739894276763,-1.194132933607608
NOR,2018-09-03 11:00:00,3.2001468732231735,6.861319755321879,0.004203194824130815,1.205719166773315,-0.0028188023065463504,0.163672001463261,-3.8683739894276763,-1.194132933607608
NOR,2018-09-04 11:00:00,3.2001468732231735,6.861319755321879,0.004203194824130815,1.205719166773315,-0.0028188023065463504,0.163672001463261,-3.8683739894276763,-1.194132933607608
NOR,2018-09-05 11:00:00,3.2001468732231735,6.861319755321879,0.004203194824130815,1.205719166773315,-0.0028188023065463504,0.163672001463261,-3.8683739894276763,-1.194132933607608
NOR,2018-09-06 11:00:00,3.2001468732231735,6.861319755321879,0.004203194824130815,1.205719166773315,-0.0028188023065463504,0.163672001463261,-3.8683739894276763,-1.194132933607608
NOR,2018-09-07 11:00:00,3.2001468732231735,6.861319755321879,0.004203194824130815,1.205719166773315,-0.0028188023065463504,0.163672001463261,-3.8683739894276763,-1.194132933607608
NOR,2018-09-08 11:00:00,3.2001468732231735,6.861319755321879,0.004203194824130815,1.205719166773315,-0.0028188023065463504,0.163672001463261,-3.8683739894276763,-1.194132933607608
NOR,2018-09-09 11:00:00,3.2001468732231735,6.861319755321879,0.004203194824130815,1.205719166773315,-0.0028188023065463504,0.163672001463261,-3.8683739894276763,-1.194132933607608
NOR,2018-09-10 11:00:00,3.2001468732231735,6.861319755321879,0.004203194824130815,1.205719166773315,-0.0028188023065463504,0.163672001463261,-3.8683739894276763,-1.194132933607608
NOR,2018-09-10 11:00:00,2.145098166706088,8.130104310885008,0.003501839416439729,2.3144232114521226,-0.0030740491984832296,0.07837974554424815,-6.9638880770412985,-1.4468594331546245
NOR,2018-09-11 11:00:00,2.145098166706088,8.130104310885008,0.003501839416439729,2.3144232114521226,-0.0030740491984832296,0.07837974554424815,-6.9638880770412985,-1.4468594331546245
NOR,2018-09-12 11:00:00,2.145098166706088,8.130104310885008,0.003501839416439729,2.3144232114521226,-0.0030740491984832296,0.07837974554424815,-6.9638880770412985,-1.4468594331546245
NOR,2018-09-13 11:00:00,2.145098166706088,8.130104310885008,0.003501839416439729,2.3144232114521226,-0.0030740491984832296,0.07837974554424815,-6.9638880770412985,-1.4468594331546245
NOR,2018-09-14 11:00:00,2.145098166706088,8.130104310885008,0.003501839416439729,2.3144232114521226,-0.0030740491984832296,0.07837974554424815,-6.9638880770412985,-1.4468594331546245
NOR,2018-09-15 11:00:00,2.145098166706088,8.130104310885008,0.003501839416439729,2.3144232114521226,-0.0030740491984832296,0.07837974554424815,-6.9638880770412985,-1.4468594331546245
NOR,2018-09-16 11:00:00,2.145098166706088,8.130104310885008,0.003501839416439729,2.3144232114521226,-0.0030740491984832296,0.07837974554424815,-6.9638880770412985,-1.4468594331546245
NOR,2018-09-17 11:00:00,2.145098166706088,8.130104310885008,0.003501839416439729,2.3144232114521226,-0.0030740491984832296,0.07837974554424815,-6.9638880770412985,-1.4468594331546245
NOR,2018-09-18 11:00:00,2.145098166706088,8.130104310885008,0.003501839416439729,2.3144232114521226,-0.0030740491984832296,0.07837974554424815,-6.9638880770412985,-1.4468594331546245
NOR,2018-09-19 11:00:00,2.145098166706088,8.130104310885008,0.003501839416439729,2.3144232114521226,-0.0030740491984832296,0.07837974554424815,-6.9638880770412985,-1.4468594331546245
NOR,2018-09-20 11:00:00,2.145098166706088,8.130104310885008,0.003501839416439729,2.3144232114521226,-0.0030740491984832296,0.07837974554424815,-6.9638880770412985,-1.4468594331546245
NOR,2018-09-21 11:00:00,2.145098166706088,8.130104310885008,0.003501839416439729,2.3144232114521226,-0.0030740491984832296,0.07837974554424815,-6.9638880770412985,-1.4468594331546245
NOR,2018-09-22 11:00:00,2.145098166706088,8.130104310885008,0.003501839416439729,2.3144232114521226,-0.0030740491984832296,0.07837974554424815,-6.9638880770412985,-1.4468594331546245
NOR,2018-09-23 11:00:00,2.145098166706088,8.130104310885008,0.003501839416439729,2.3144232114521226,-0.0030740491984832296,0.07837974554424815,-6.9638880770412985,-1.4468594331546245
NOR,2018-09-24 11:00:00,2.145098166706088,8.130104310885008,0.003501839416439729,2.3144232114521226,-0.0030740491984832296,0.07837974554424815,-6.9638880770412985,-1.4468594331546245
NOR,2018-09-24 11:00:00,-1.9385701620066267,2.135900661844318,0.007352946716955806,0.9192357369153183,-0.001206749446898629,0.030227136437663508,-3.2493245748186497,-1.7999943981086164
NOR,2018-09-25 11:00:00,-1.9385701620066267,2.135900661844318,0.007352946716955806,0.9192357369153183,-0.001206749446898629,0.030227136437663508,-3.2493245748186497,-1.7999943981086164
NOR,2018-09-26 11:00:00,-1.9385701620066267,2.135900661844318,0.007352946716955806,0.9192357369153183,-0.001206749446898629,0.030227136437663508,-3.2493245748186497,-1.7999943981086164
NOR,2018-09-27 11:00:00,-1.9385701620066267,2.135900661844318,0.007352946716955806,0.9192357369153183,-0.001206749446898629,0.030227136437663508,-3.2493245748186497,-1.7999943981086164
NOR,2018-09-28 11:00:00,-1.9385701620066267,2.135900661844318,0.007352946716955806,0.9192357369153183,-0.001206749446898629,0.030227136437663508,-3.2493245748186497,-1.7999943981086164
NOR,2018-09-29 11:00:00,-1.9385701620066267,2.135900661844318,0.007352946716955806,0.9192357369153183,-0.001206749446898629,0.030227136437663508,-3.2493245748186497,-1.7999943981086164
NOR,2018-09-30 11:00:00,-1.9385701620066267,2.135900661844318,0.007352946716955806,0.9192357369153183,-0.001206749446898629,0.030227136437663508,-3.2493245748186497,-1.7999943981086164
NOR,2018-10-01 11:00:00,-1.9385701620066267,2.135900661844318,0.007352946716955806,0.9192357369153183,-0.001206749446898629,0.030227136437663508,-3.2493245748186497,-1.7999943981086164
NOR,2018-10-02 11:00:00,-1.9385701620066267,2.135900661844318,0.007352946716955806,0.9192357369153183,-0.001206749446898629,0.030227136437663508,-3.2493245748186497,-1.7999943981086164
NOR,2018-10-03 11:00:00,-1.9385701620066267,2.135900661844318,0.007352946716955806,0.9192357369153183,-0.001206749446898629,0.030227136437663508,-3.2493245748186497,-1.7999943981086164
NOR,2018-10-04 11:00:00,-1.9385701620066267,2.135900661844318,0.007352946716955806,0.9192357369153183,-0.001206749446898629,0.030227136437663508,-3.2493245748186497,-1.7999943981086164
NOR,2018-10-05 11:00:00,-1.9385701620066267,2.135900661844318,0.007352946716955806,0.9192357369153183,-0.001206749446898629,0.030227136437663508,-3.2493245748186497,-1.7999943981086164
NOR,2018-10-06 11:00:00,-1.9385701620066267,2.135900661844318,0.007352946716955806,0.9192357369153183,-0.001206749446898629,0.030227136437663508,-3.2493245748186497,-1.7999943981086164
NOR,2018-10-07 11:00:00,-1.9385701620066267,2.135900661844318,0.007352946716955806,0.9192357369153183,-0.001206749446898629,0.030227136437663508,-3.2493245748186497,-1.7999943981086164
NOR,2018-10-08 11:00:00,-1.9385701620066267,2.135900661844318,0.007352946716955806,0.9192357369153183,-0.001206749446898629,0.030227136437663508,-3.2493245748186497,-1.7999943981086164
NOR,2018-10-08 11:00:00,-2.660795240032003,1.1171938382875892,0.003850372193447336,1.0638088873985094,-0.0014859677653613172,0.04970960853005873,-2.173694419072635,-2.758501946747121
NOR,2018-10-09 11:00:00,-2.660795240032003,1.1171938382875892,0.003850372193447336,1.0638088873985094,-0.0014859677653613172,0.04970960853005873,-2.173694419072635,-2.758501946747121
NOR,2018-10-10 11:00:00,-2.660795240032003,1.1171938382875892,0.003850372193447336,1.0638088873985094,-0.0014859677653613172,0.04970960853005873,-2.173694419072635,-2.758501946747121
NOR,2018-10-11 11:00:00,-2.660795240032003,1.1171938382875892,0.003850372193447336,1.0638088873985094,-0.0014859677653613172,0.04970960853005873,-2.173694419072635,-2.758501946747121
NOR,2018-10-12 11:00:00,-2.660795240032003,1.1171938382875892,0.003850372193447336,1.0638088873985094,-0.0014859677653613172,0.04970960853005873,-2.173694419072635,-2.758501946747121
NOR,2018-10-13 11:00:00,-2.660795240032003,1.1171938382875892,0.003850372193447336,1.0638088873985094,-0.0014859677653613172,0.04970960853005873,-2.173694419072635,-2.758501946747121
NOR,2018-10-14 11:00:00,-2.660795240032003,1.1171938382875892,0.003850372193447336,1.0638088873985094,-0.0014859677653613172,0.04970960853005873,-2.173694419072635,-2.758501946747121
NOR,2018-10-15 11:00:00,-2.660795240032003,1.1171938382875892,0.003850372193447336,1.0638088873985094,-0.0014859677653613172,0.04970960853005873,-2.173694419072635,-2.758501946747121
NOR,2018-10-16 11:00:00,-2.660795240032003,1.1171938382875892,0.003850372193447336,1.0638088873985094,-0.0014859677653613172,0.04970960853005873,-2.173694419072635,-2.758501946747121
NOR,2018-10-17 11:00:00,-2.660795240032003,1.1171938382875892,0.003850372193447336,1.0638088873985094,-0.0014859677653613172,0.04970960853005873,-2.173694419072635,-2.758501946747121
NOR,2018-10-18 11:00:00,-2.660795240032003,1.1171938382875892,0.003850372193447336,1.0638088873985094,-0.0014859677653613172,0.04970960853005873,-2.173694419072635,-2.758501946747121
NOR,2018-10-19 11:00:00,-2.660795240032003,1.1171938382875892,0.003850372193447336,1.0638088873985094,-0.0014859677653613172,0.04970960853005873,-2.173694419072635,-2.758501946747121
NOR,2018-10-20 11:00:00,-2.660795240032003,1.1171938382875892,0.003850372193447336,1.0638088873985094,-0.0014859677653613172,0.04970960853005873,-2.173694419072635,-2.758501946747121
NOR,2018-10-21 11:00:00,-2.660795240032003,1.1171938382875892,0.003850372193447336,1.0638088873985094,-0.0014859677653613172,0.04970960853005873,-2.173694419072635,-2.758501946747121
NOR,2018-10-22 11:00:00,-2.660795240032003,1.1171938382875892,0.003850372193447336,1.0638088873985094,-0.0014859677653613172,0.04970960853005873,-2.173694419072635,-2.758501946747121
NOR,2018-10-22 11:00:00,-8.11347640961147,3.486613434966101,0.013830749524447317,1.7176866125027648,-0.0006449332854496785,0.026896795047927163,-9.952381759830336,-3.4611088758142388
NOR,2018-10-23 11:00:00,-8.11347640961147,3.486613434966101,0.013830749524447317,1.7176866125027648,-0.0006449332854496785,0.026896795047927163,-9.952381759830336,-3.4611088758142388
NOR,2018-10-24 11:00:00,-8.11347640961147,3.486613434966101,0.013830749524447317,1.7176866125027648,-0.0006449332854496785,0.026896795047927163,-9.952381759830336,-3.4611088758142388
NOR,2018-10-25 11:00:00,-8.11347640961147,3.486613434966101,0.013830749524447317,1.7176866125027648,-0.0006449332854496785,0.026896795047927163,-9.952381759830336,-3.4611088758142388
NOR,2018-10-26 11:00:00,-8.11347640961147,3.486613434966101,0.013830749524447317,1.7176866125027648,-0.0006449332854496785,0.026896795047927163,-9.952381759830336,-3.4611088758142388
NOR,2018-10-27 11:00:00,-8.11347640961147,3.486613434966101,0.013830749524447317,1.7176866125027648,-0.0006449332854496785,0.026896795047927163,-9.952381759830336,-3.4611088758142388
NOR,2018-10-28 11:00:00,-8.11347640961147,3.486613434966101,0.013830749524447317,1.7176866125027648,-0.0006449332854496785,0.026896795047927163,-9.952381759830336,-3.4611088758142388
NOR,2018-10-29 11:00:00,-8.11347640961147,3.486613434966101,0.013830749524447317,1.7176866125027648,-0.0006449332854496785,0.026896795047927163,-9.952381759830336,-3.4611088758142388
NOR,2018-10-30 11:00:00,-8.11347640961147,3.486613434966101,0.013830749524447317,1.7176866125027648,-0.0006449332854496785,0.026896795047927163,-9.952381759830336,-3.4611088758142388
NOR,2018-10-31 11:00:00,-8.11347640961147,3.486613434966101,0.013830749524447317,1.7176866125027648,-0.0006449332854496785,0.026896795047927163,-9.952381759830336,-3.4611088758142388
NOR,2018-11-01 11:00:00,-8.11347640961147,3.486613434966101,0.013830749524447317,1.7176866125027648,-0.0006449332854496785,0.026896795047927163,-9.952381759830336,-3.4611088758142388
NOR,2018-11-02 11:00:00,-8.11347640961147,3.486613434966101,0.013830749524447317,1.7176866125027648,-0.0006449332854496785,0.026896795047927163,-9.952381759830336,-3.4611088758142388
NOR,2018-11-03 11:00:00,-8.11347640961147,3.486613434966101,0.013830749524447317,1.7176866125027648,-0.0006449332854496785,0.026896795047927163,-9.952381759830336,-3.4611088758142388
NOR,2018-11-04 11:00:00,-8.11347640961147,3.486613434966101,0.013830749524447317,1.7176866125027648,-0.0006449332854496785,0.026896795047927163,-9.952381759830336,-3.4611088758142388
NOR,2018-11-05 11:00:00,-8.11347640961147,3.486613434966101,0.013830749524447317,1.7176866125027648,-0.0006449332854496785,0.026896795047927163,-9.952381759830336,-3.4611088758142388
NOR,2018-11-05 11:00:00,-4.982806277587429,3.530037867868469,0.002706169370691219,0.75233523266641,-0.0008685284738158257,0.03959456724943904,-4.288481077023203,-5.087290559133101
NOR,2018-11-06 11:00:00,-4.982806277587429,3.530037867868469,0.002706169370691219,0.75233523266641,-0.0008685284738158257,0.03959456724943904,-4.288481077023203,-5.087290559133101
NOR,2018-11-07 11:00:00,-4.982806277587429,3.530037867868469,0.002706169370691219,0.75233523266641,-0.0008685284738158257,0.03959456724943904,-4.288481077023203,-5.087290559133101
NOR,2018-11-08 11:00:00,-4.982806277587429,3.530037867868469,0.002706169370691219,0.75233523266641,-0.0008685284738158257,0.03959456724943904,-4.288481077023203,-5.087290559133101
NOR,2018-11-09 11:00:00,-4.982806277587429,3.530037867868469,0.002706169370691219,0.75233523266641,-0.0008685284738158257,0.03959456724943904,-4.288481077023203,-5.087290559133101
NOR,2018-11-10 11:00:00,-4.982806277587429,3.530037867868469,0.002706169370691219,0.75233523266641,-0.0008685284738158257,0.03959456724943904,-4.288481077023203,-5.087290559133101
NOR,2018-11-11 11:00:00,-4.982806277587429,3.530037867868469,0.002706169370691219,0.75233523266641,-0.0008685284738158257,0.03959456724943904,-4.288481077023203,-5.087290559133101
NOR,2018-11-12 11:00:00,-4.982806277587429,3.530037867868469,0.002706169370691219,0.75233523266641,-0.0008685284738158257,0.03959456724943904,-4.288481077023203,-5.087290559133101
NOR,2018-11-13 11:00:00,-4.982806277587429,3.530037867868469,0.002706169370691219,0.75233523266641,-0.0008685284738158257,0.03959456724943904,-4.288481077023203,-5.087290559133101
NOR,2018-11-14 11:00:00,-4.982806277587429,3.530037867868469,0.002706169370691219,0.75233523266641,-0.0008685284738158257,0.03959456724943904,-4.288481077023203,-5.087290559133101
NOR,2018-11-15 11:00:00,-4.982806277587429,3.530037867868469,0.002706169370691219,0.75233523266641,-0.0008685284738158257,0.03959456724943904,-4.288481077023203,-5.087290559133101
NOR,2018-11-16 11:00:00,-4.982806277587429,3.530037867868469,0.002706169370691219,0.75233523266641,-0.0008685284738158257,0.03959456724943904,-4.288481077023203,-5.087290559133101
NOR,2018-11-17 11:00:00,-4.982806277587429,3.530037867868469,0.002706169370691219,0.75233523266641,-0.0008685284738158257,0.03959456724943904,-4.288481077023203,-5.087290559133101
NOR,2018-11-18 11:00:00,-4.982806277587429,3.530037867868469,0.002706169370691219,0.75233523266641,-0.0008685284738158257,0.03959456724943904,-4.288481077023203,-5.087290559133101
NOR,2018-11-19 11:00:00,-4.982806277587429,3.530037867868469,0.002706169370691219,0.75233523266641,-0.0008685284738158257,0.03959456724943904,-4.288481077023203,-5.087290559133101
NOR,2018-11-19 11:00:00,-10.316543174423172,7.28765533283986,0.009062707481597158,0.626053591475341,1.9817776252017994e-05,0.0544649726047945,-12.912039697194455,-5.530194266340421
NOR,2018-11-20 11:00:00,-10.316543174423172,7.28765533283986,0.009062707481597158,0.626053591475341,1.9817776252017994e-05,0.0544649726047945,-12.912039697194455,-5.530194266340421
NOR,2018-11-21 11:00:00,-10.316543174423172,7.28765533283986,0.009062707481597158,0.626053591475341,1.9817776252017994e-05,0.0544649726047945,-12.912039697194455,-5.530194266340421
NOR,2018-11-22 11:00:00,-10.316543174423172,7.28765533283986,0.009062707481597158,0.626053591475341,1.9817776252017994e-05,0.0544649726047945,-12.912039697194455,-5.530194266340421
NOR,2018-11-23 11:00:00,-10.316543174423172,7.28765533283986,0.009062707481597158,0.626053591475341,1.9817776252017994e-05,0.0544649726047945,-12.912039697194455,-5.530194266340421
NOR,2018-11-24 11:00:00,-10.316543174423172,7.28765533283986,0.009062707481597158,0.626053591475341,1.9817776252017994e-05,0.0544649726047945,-12.912039697194455,-5.530194266340421
NOR,2018-11-25 11:00:00,-10.316543174423172,7.28765533283986,0.009062707481597158,0.626053591475341,1.9817776252017994e-05,0.0544649726047945,-12.912039697194455,-5.530194266340421
NOR,2018-11-26 11:00:00,-10.316543174423172,7.28765533283986,0.009062707481597158,0.626053591475341,1.9817776252017994e-05,0.0544649726047945,-12.912039697194455,-5.530194266340421
NOR,2018-11-27 11:00:00,-10.316543174423172,7.28765533283986,0.009062707481597158,0.626053591475341,1.9817776252017994e-05,0.0544649726047945,-12.912039697194455,-5.530194266340421
NOR,2018-11-28 11:00:00,-10.316543174423172,7.28765533283986,0.009062707481597158,0.626053591475341,1.9817776252017994e-05,0.0544649726047945,-12.912039697194455,-5.530194266340421
NOR,2018-11-29 11:00:00,-10.316543174423172,7.28765533283986,0.009062707481597158,0.626053591475341,1.9817776252017994e-05,0.0544649726047945,-12.912039697194455,-5.530194266340421
NOR,2018-11-30 11:00:00,-10.316543174423172,7.28765533283986,0.009062707481597158,0.626053591475341,1.9817776252017994e-05,0.0544649726047945,-12.912039697194455,-5.530194266340421
NOR,2018-12-01 11:00:00,-10.316543174423172,7.28765533283986,0.009062707481597158,0.626053591475341,1.9817776252017994e-05,0.0544649726047945,-12.912039697194455,-5.530194266340421
NOR,2018-12-02 11:00:00,-10.316543174423172,7.28765533283986,0.009062707481597158,0.626053591475341,1.9817776252017994e-05,0.0544649726047945,-12.912039697194455,-5.530194266340421
NOR,2018-12-03 11:00:00,-10.316543174423172,7.28765533283986,0.009062707481597158,0.626053591475341,1.9817776252017994e-05,0.0544649726047945,-12.912039697194455,-5.530194266340421
NOR,2018-12-03 11:00:00,-4.011137488363357,7.896279489096832,0.0018964352344450538,0.5947092069200945,-0.00020792153114458105,0.07173320253045558,-6.057960287848367,-6.685102238052612
NOR,2018-12-04 11:00:00,-4.011137488363357,7.896279489096832,0.0018964352344450538,0.5947092069200945,-0.00020792153114458105,0.07173320253045558,-6.057960287848367,-6.685102238052612
NOR,2018-12-05 11:00:00,-4.011137488363357,7.896279489096832,0.0018964352344450538,0.5947092069200945,-0.00020792153114458105,0.07173320253045558,-6.057960287848367,-6.685102238052612
NOR,2018-12-06 11:00:00,-4.011137488363357,7.896279489096832,0.0018964352344450538,0.5947092069200945,-0.00020792153114458105,0.07173320253045558,-6.057960287848367,-6.685102238052612
NOR,2018-12-07 11:00:00,-4.011137488363357,7.896279489096832,0.0018964352344450538,0.5947092069200945,-0.00020792153114458105,0.07173320253045558,-6.057960287848367,-6.685102238052612
NOR,2018-12-08 11:00:00,-4.011137488363357,7.896279489096832,0.0018964352344450538,0.5947092069200945,-0.00020792153114458105,0.07173320253045558,-6.057960287848367,-6.685102238052612
NOR,2018-12-09 11:00:00,-4.011137488363357,7.896279489096832,0.0018964352344450538,0.5947092069200945,-0.00020792153114458105,0.07173320253045558,-6.057960287848367,-6.685102238052612
NOR,2018-12-10 11:00:00,-4.011137488363357,7.896279489096832,0.0018964352344450538,0.5947092069200945,-0.00020792153114458105,0.07173320253045558,-6.057960287848367,-6.685102238052612
NOR,2018-12-11 11:00:00,-4.011137488363357,7.896279489096832,0.0018964352344450538,0.5947092069200945,-0.00020792153114458105,0.07173320253045558,-6.057960287848367,-6.685102238052612
NOR,2018-12-12 11:00:00,-4.011137488363357,7.896279489096832,0.0018964352344450538,0.5947092069200945,-0.00020792153114458105,0.07173320253045558,-6.057960287848367,-6.685102238052612
NOR,2018-12-13 11:00:00,-4.011137488363357,7.896279489096832,0.0018964352344450538,0.5947092069200945,-0.00020792153114458105,0.07173320253045558,-6.057960287848367,-6.685102238052612
NOR,2018-12-14 11:00:00,-4.011137488363357,7.896279489096832,0.0018964352344450538,0.5947092069200945,-0.00020792153114458105,0.07173320253045558,-6.057960287848367,-6.685102238052612
NOR,2018-12-15 11:00:00,-4.011137488363357,7.896279489096832,0.0018964352344450538,0.5947092069200945,-0.00020792153114458105,0.07173320253045558,-6.057960287848367,-6.685102238052612
NOR,2018-12-16 11:00:00,-4.011137488363357,7.896279489096832,0.0018964352344450538,0.5947092069200945,-0.00020792153114458105,0.07173320253045558,-6.057960287848367,-6.685102238052612
NOR,2018-12-17 11:00:00,-4.011137488363357,7.896279489096832,0.0018964352344450538,0.5947092069200945,-0.00020792153114458105,0.07173320253045558,-6.057960287848367,-6.685102238052612
NOR,2018-12-17 11:00:00,-8.223105704556671,7.211765623147013,0.004509088293143458,0.3696725988013717,0.00011375578010510483,0.009565822349740212,-7.892662820603783,-8.054131801927234
NOR,2018-12-18 11:00:00,-8.223105704556671,7.211765623147013,0.004509088293143458,0.3696725988013717,0.00011375578010510483,0.009565822349740212,-7.892662820603783,-8.054131801927234
NOR,2018-12-19 11:00:00,-8.223105704556671,7.211765623147013,0.004509088293143458,0.3696725988013717,0.00011375578010510483,0.009565822349740212,-7.892662820603783,-8.054131801927234
NOR,2018-12-20 11:00:00,-8.223105704556671,7.211765623147013,0.004509088293143458,0.3696725988013717,0.00011375578010510483,0.009565822349740212,-7.892662820603783,-8.054131801927234
NOR,2018-12-21 11:00:00,-8.223105704556671,7.211765623147013,0.004509088293143458,0.3696725988013717,0.00011375578010510483,0.009565822349740212,-7.892662820603783,-8.054131801927234
NOR,2018-12-22 11:00:00,-8.223105704556671,7.211765623147013,0.004509088293143458,0.3696725988013717,0.00011375578010510483,0.009565822349740212,-7.892662820603783,-8.054131801927234
NOR,2018-12-23 11:00:00,-8.223105704556671,7.211765623147013,0.004509088293143458,0.3696725988013717,0.00011375578010510483,0.009565822349740212,-7.892662820603783,-8.054131801927234
NOR,2018-12-24 11:00:00,-8.223105704556671,7.211765623147013,0.004509088293143458,0.3696725988013717,0.00011375578010510483,0.009565822349740212,-7.892662820603783,-8.054131801927234
NOR,2018-12-25 11:00:00,-8.223105704556671,7.211765623147013,0.004509088293143458,0.3696725988013717,0.00011375578010510483,0.009565822349740212,-7.892662820603783,-8.054131801927234
NOR,2018-12-26 11:00:00,-8.223105704556671,7.211765623147013,0.004509088293143458,0.3696725988013717,0.00011375578010510483,0.009565822349740212,-7.892662820603783,-8.054131801927234
NOR,2018-12-27 11:00:00,-8.223105704556671,7.211765623147013,0.004509088293143458,0.3696725988013717,0.00011375578010510483,0.009565822349740212,-7.892662820603783,-8.054131801927234
NOR,2018-12-28 11:00:00,-8.223105704556671,7.211765623147013,0.004509088293143458,0.3696725988013717,0.00011375578010510483,0.009565822349740212,-7.892662820603783,-8.054131801927234
NOR,2018-12-29 11:00:00,-8.223105704556671,7.211765623147013,0.004509088293143458,0.3696725988013717,0.00011375578010510483,0.009565822349740212,-7.892662820603783,-8.054131801927234
NOR,2018-12-30 11:00:00,-8.223105704556671,7.211765623147013,0.004509088293143458,0.3696725988013717,0.00011375578010510483,0.009565822349740212,-7.892662820603783,-8.054131801927234
NOR,2018-12-31 11:00:00,-8.223105704556671,7.211765623147013,0.004509088293143458,0.3696725988013717,0.00011375578010510483,0.009565822349740212,-7.892662820603783,-8.054131801927234
NOR,2018-12-31 11:00:00,-9.007032133222319,3.7806549498469333,0.005490556756824072,0.4143238271860167,5.4030076401451676e-05,0.006356301675559636,-6.232751438759007,-7.068368686269949
NOR,2019-01-01 11:00:00,-9.007032133222319,3.7806549498469333,0.005490556756824072,0.4143238271860167,5.4030076401451676e-05,0.006356301675559636,-6.232751438759007,-7.068368686269949
NOR,2019-01-02 11:00:00,-9.007032133222319,3.7806549498469333,0.005490556756824072,0.4143238271860167,5.4030076401451676e-05,0.006356301675559636,-6.232751438759007,-7.068368686269949
NOR,2019-01-03 11:00:00,-9.007032133222319,3.7806549498469333,0.005490556756824072,0.4143238271860167,5.4030076401451676e-05,0.006356301675559636,-6.232751438759007,-7.068368686269949
NOR,2019-01-04 11:00:00,-9.007032133222319,3.7806549498469333,0.005490556756824072,0.4143238271860167,5.4030076401451676e-05,0.006356301675559636,-6.232751438759007,-7.068368686269949
NOR,2019-01-05 11:00:00,-9.007032133222319,3.7806549498469333,0.005490556756824072,0.4143238271860167,5.4030076401451676e-05,0.006356301675559636,-6.232751438759007,-7.068368686269949
NOR,2019-01-06 11:00:00,-9.007032133222319,3.7806549498469333,0.005490556756824072,0.4143238271860167,5.4030076401451676e-05,0.006356301675559636,-6.232751438759007,-7.068368686269949
NOR,2019-01-07 11:00:00,-9.007032133222319,3.7806549498469333,0.005490556756824072,0.4143238271860167,5.4030076401451676e-05,0.006356301675559636,-6.232751438759007,-7.068368686269949
NOR,2019-01-08 11:00:00,-9.007032133222319,3.7806549498469333,0.005490556756824072,0.4143238271860167,5.4030076401451676e-05,0.006356301675559636,-6.232751438759007,-7.068368686269949
NOR,2019-01-09 11:00:00,-9.007032133222319,3.7806549498469333,0.005490556756824072,0.4143238271860167,5.4030076401451676e-05,0.006356301675559636,-6.232751438759007,-7.068368686269949
NOR,2019-01-10 11:00:00,-9.007032133222319,3.7806549498469333,0.005490556756824072,0.4143238271860167,5.4030076401451676e-05,0.006356301675559636,-6.232751438759007,-7.068368686269949
NOR,2019-01-11 11:00:00,-9.007032133222319,3.7806549498469333,0.005490556756824072,0.4143238271860167,5.4030076401451676e-05,0.006356301675559636,-6.232751438759007,-7.068368686269949
NOR,2019-01-12 11:00:00,-9.007032133222319,3.7806549498469333,0.005490556756824072,0.4143238271860167,5.4030076401451676e-05,0.006356301675559636,-6.232751438759007,-7.068368686269949
NOR,2019-01-13 11:00:00,-9.007032133222319,3.7806549498469333,0.005490556756824072,0.4143238271860167,5.4030076401451676e-05,0.006356301675559636,-6.232751438759007,-7.068368686269949
NOR,2019-01-14 11:00:00,-9.007032133222319,3.7806549498469333,0.005490556756824072,0.4143238271860167,5.4030076401451676e-05,0.006356301675559636,-6.232751438759007,-7.068368686269949
OPE,2018-01-01 11:00:00,7.414102706423947,16.065391462582884,0.032877079455785455,0.24732033926028008,-0.0008288707979675698,0.06602440677901993,-10.53422078464215,1.5662141770651696
OPE,2018-01-02 11:00:00,7.414102706423947,16.065391462582884,0.032877079455785455,0.24732033926028008,-0.0008288707979675698,0.06602440677901993,-10.53422078464215,1.5662141770651696
OPE,2018-01-03 11:00:00,7.414102706423947,16.065391462582884,0.032877079455785455,0.24732033926028008,-0.0008288707979675698,0.06602440677901993,-10.53422078464215,1.5662141770651696
OPE,2018-01-04 11:00:00,7.414102706423947,16.065391462582884,0.032877079455785455,0.24732033926028008,-0.0008288707979675698,0.06602440677901993,-10.53422078464215,1.5662141770651696
OPE,2018-01-05 11:00:00,7.414102706423947,16.065391462582884,0.032877079455785455,0.24732033926028008,-0.0008288707979675698,0.06602440677901993,-10.53422078464215,1.5662141770651696
OPE,2018-01-06 11:00:00,7.414102706423947,16.065391462582884,0.032877079455785455,0.24732033926028008,-0.0008288707979675698,0.06602440677901993,-10.53422078464215,1.5662141770651696
OPE,2018-01-07 11:00:00,7.414102706423947,16.065391462582884,0.032877079455785455,0.24732033926028008,-0.0008288707979675698,0.06602440677901993,-10.53422078464215,1.5662141770651696
OPE,2018-01-08 11:00:00,7.414102706423947,16.065391462582884,0.032877079455785455,0.24732033926028008,-0.0008288707979675698,0.06602440677901993,-10.53422078464215,1.5662141770651696
OPE,2018-01-09 11:00:00,7.414102706423947,16.065391462582884,0.032877079455785455,0.24732033926028008,-0.0008288707979675698,0.06602440677901993,-10.53422078464215,1.5662141770651696
OPE,2018-01-10 11:00:00,7.414102706423947,16.065391462582884,0.032877079455785455,0.24732033926028008,-0.0008288707979675698,0.06602440677901993,-10.53422078464215,1.5662141770651696
OPE,2018-01-11 11:00:00,7.414102706423947,16.065391462582884,0.032877079455785455,0.24732033926028008,-0.0008288707979675698,0.06602440677901993,-10.53422078464215,1.5662141770651696
OPE,2018-01-12 11:00:00,7.414102706423947,16.065391462582884,0.032877079455785455,0.24732033926028008,-0.0008288707979675698,0.06602440677901993,-10.53422078464215,1.5662141770651696
OPE,2018-01-13 11:00:00,7.414102706423947,16.065391462582884,0.032877079455785455,0.24732033926028008,-0.0008288707979675698,0.06602440677901993,-10.53422078464215,1.5662141770651696
OPE,2018-01-14 11:00:00,7.414102706423947,16.065391462582884,0.032877079455785455,0.24732033926028008,-0.0008288707979675698,0.06602440677901993,-10.53422078464215,1.5662141770651696
OPE,2018-01-15 11:00:00,7.414102706423947,16.065391462582884,0.032877079455785455,0.24732033926028008,-0.0008288707979675698,0.06602440677901993,-10.53422078464215,1.5662141770651696
OPE,2018-01-15 11:00:00,-9.865370929612139,3.2545003427018493,0.008780519956623416,0.3887542732146685,-0.0008825966443156149,0.08140100652796692,-14.247771575073061,0.6671373371382451
OPE,2018-01-16 11:00:00,-9.865370929612139,3.2545003427018493,0.008780519956623416,0.3887542732146685,-0.0008825966443156149,0.08140100652796692,-14.247771575073061,0.6671373371382451
OPE,2018-01-17 11:00:00,-9.865370929612139,3.2545003427018493,0.008780519956623416,0.3887542732146685,-0.0008825966443156149,0.08140100652796692,-14.247771575073061,0.6671373371382451
OPE,2018-01-18 11:00:00,-9.865370929612139,3.2545003427018493,0.008780519956623416,0.3887542732146685,-0.0008825966443156149,0.08140100652796692,-14.247771575073061,0.6671373371382451
OPE,2018-01-19 11:00:00,-9.865370929612139,3.2545003427018493,0.008780519956623416,0.3887542732146685,-0.0008825966443156149,0.08140100652796692,-14.247771575073061,0.6671373371382451
OPE,2018-01-20 11:00:00,-9.865370929612139,3.2545003427018493,0.008780519956623416,0.3887542732146685,-0.0008825966443156149,0.08140100652796692,-14.247771575073061,0.6671373371382451
OPE,2018-01-21 11:00:00,-9.865370929612139,3.2545003427018493,0.008780519956623416,0.3887542732146685,-0.0008825966443156149,0.08140100652796692,-14.247771575073061,0.6671373371382451
OPE,2018-01-22 11:00:00,-9.865370929612139,3.2545003427018493,0.008780519956623416,0.3887542732146685,-0.0008825966443156149,0.08140100652796692,-14.247771575073061,0.6671373371382451
OPE,2018-01-23 11:00:00,-9.865370929612139,3.2545003427018493,0.008780519956623416,0.3887542732146685,-0.0008825966443156149,0.08140100652796692,-14.247771575073061,0.6671373371382451
OPE,2018-01-24 11:00:00,-9.865370929612139,3.2545003427018493,0.008780519956623416,0.3887542732146685,-0.0008825966443156149,0.08140100652796692,-14.247771575073061,0.6671373371382451
OPE,2018-01-25 11:00:00,-9.865370929612139,3.2545003427018493,0.008780519956623416,0.3887542732146685,-0.0008825966443156149,0.08140100652796692,-14.247771575073061,0.6671373371382451
OPE,2018-01-26 11:00:00,-9.865370929612139,3.2545003427018493,0.008780519956623416,0.3887542732146685,-0.0008825966443156149,0.08140100652796692,-14.247771575073061,0.6671373371382451
OPE,2018-01-27 11:00:00,-9.865370929612139,3.2545003427018493,0.008780519956623416,0.3887542732146685,-0.0008825966443156149,0.08140100652796692,-14.247771575073061,0.6671373371382451
OPE,2018-01-28 11:00:00,-9.865370929612139,3.2545003427018493,0.008780519956623416,0.3887542732146685,-0.0008825966443156149,0.08140100652796692,-14.247771575073061,0.6671373371382451
OPE,2018-01-29 11:00:00,-9.865370929612139,3.2545003427018493,0.008780519956623416,0.3887542732146685,-0.0008825966443156149,0.08140100652796692,-14.247771575073061,0.6671373371382451
OPE,2018-01-29 11:00:00,-0.764867302442536,3.646607669091843,0.018015656057510477,0.1686111798053063,-0.0008650702209265199,0.04682832173651218,-4.213885533888867,-0.434909261679102
OPE,2018-01-30 11:00:00,-0.764867302442536,3.646607669091843,0.018015656057510477,0.1686111798053063,-0.0008650702209265199,0.04682832173651218,-4.213885533888867,-0.434909261679102
OPE,2018-01-31 11:00:00,-0.764867302442536,3.646607669091843,0.018015656057510477,0.1686111798053063,-0.0008650702209265199,0.04682832173651218,-4.213885533888867,-0.434909261679102
OPE,2018-02-01 11:00:00,-0.764867302442536,3.646607669091843,0.018015656057510477,0.1686111798053063,-0.0008650702209265199,0.04682832173651218,-4.213885533888867,-0.434909261679102
OPE,2018-02-02 11:00:00,-0.764867302442536,3.646607669091843,0.018015656057510477,0.1686111798053063,-0.0008650702209265199,0.04682832173651218,-4.213885533888867,-0.434909261679102
OPE,2018-02-03 11:00:00,-0.764867302442536,3.646607669091843,0.018015656057510477,0.1686111798053063,-0.0008650702209265199,0.04682832173651218,-4.213885533888867,-0.434909261679102
OPE,2018-02-04 11:00:00,-0.764867302442536,3.646607669091843,0.018015656057510477,0.1686111798053063,-0.0008650702209265199,0.04682832173651218,-4.213885533888867,-0.434909261679102
OPE,2018-02-05 11:00:00,-0.764867302442536,3.646607669091843,0.018015656057510477,0.1686111798053063,-0.0008650702209265199,0.04682832173651218,-4.213885533888867,-0.434909261679102
OPE,2018-02-06 11:00:00,-0.764867302442536,3.646607669091843,0.018015656057510477,0.1686111798053063,-0.0008650702209265199,0.04682832173651218,-4.213885533888867,-0.434909261679102
OPE,2018-02-07 11:00:00,-0.764867302442536,3.646607669091843,0.018015656057510477,0.1686111798053063,-0.0008650702209265199,0.04682832173651218,-4.213885533888867,-0.434909261679102
OPE,2018-02-08 11:00:00,-0.764867302442536,3.646607669091843,0.018015656057510477,0.1686111798053063,-0.0008650702209265199,0.04682832173651218,-4.213885533888867,-0.434909261679102
OPE,2018-02-09 11:00:00,-0.764867302442536,3.646607669091843,0.018015656057510477,0.1686111798053063,-0.0008650702209265199,0.04682832173651218,-4.213885533888867,-0.434909261679102
OPE,2018-02-10 11:00:00,-0.764867302442536,3.646607669091843,0.018015656057510477,0.1686111798053063,-0.0008650702209265199,0.04682832173651218,-4.213885533888867,-0.434909261679102
OPE,2018-02-11 11:00:00,-0.764867302442536,3.646607669091843,0.018015656057510477,0.1686111798053063,-0.0008650702209265199,0.04682832173651218,-4.213885533888867,-0.434909261679102
OPE,2018-02-12 11:00:00,-0.764867302442536,3.646607669091843,0.018015656057510477,0.1686111798053063,-0.0008650702209265199,0.04682832173651218,-4.213885533888867,-0.434909261679102
OPE,2018-02-12 11:00:00,-13.268867622654168,5.4759520251100735,0.010073154452070259,0.45321607995074215,-0.0006636051976370435,0.09386930115042824,-18.816843003934103,-0.5005953077449388
OPE,2018-02-13 11:00:00,-13.268867622654168,5.4759520251100735,0.010073154452070259,0.45321607995074215,-0.0006636051976370435,0.09386930115042824,-18.816843003934103,-0.5005953077449388
OPE,2018-02-14 11:00:00,-13.268867622654168,5.4759520251100735,0.010073154452070259,0.45321607995074215,-0.0006636051976370435,0.09386930115042824,-18.816843003934103,-0.5005953077449388
OPE,2018-02-15 11:00:00,-13.268867622654168,5.4759520251100735,0.010073154452070259,0.45321607995074215,-0.0006636051976370435,0.09386930115042824,-18.816843003934103,-0.5005953077449388
OPE,2018-02-16 11:00:00,-13.268867622654168,5.4759520251100735,0.010073154452070259,0.45321607995074215,-0.0006636051976370435,0.09386930115042824,-18.816843003934103,-0.5005953077449388
OPE,2018-02-17 11:00:00,-13.268867622654168,5.4759520251100735,0.010073154452070259,0.45321607995074215,-0.0006636051976370435,0.09386930115042824,-18.816843003934103,-0.5005953077449388
OPE,2018-02-18 11:00:00,-13.268867622654168,5.4759520251100735,0.010073154452070259,0.45321607995074215,-0.0006636051976370435,0.09386930115042824,-18.816843003934103,-0.5005953077449388
OPE,2018-02-19 11:00:00,-13.268867622654168,5.4759520251100735,0.010073154452070259,0.45321607995074215,-0.0006636051976370435,0.09386930115042824,-18.816843003934103,-0.5005953077449388
OPE,2018-02-20 11:00:00,-13.268867622654168,5.4759520251100735,0.010073154452070259,0.45321607995074215,-0.0006636051976370435,0.09386930115042824,-18.816843003934103,-0.5005953077449388
OPE,2018-02-21 11:00:00,-13.268867622654168,5.4759520251100735,0.010073154452070259,0.45321607995074215,-0.0006636051976370435,0.09386930115042824,-18.816843003934103,-0.5005953077449388
OPE,2018-02-22 11:00:00,-13.268867622654168,5.4759520251100735,0.010073154452070259,0.45321607995074215,-0.0006636051976370435,0.09386930115042824,-18.816843003934103,-0.5005953077449388
OPE,2018-02-23 11:00:00,-13.268867622654168,5.4759520251100735,0.010073154452070259,0.45321607995074215,-0.0006636051976370435,0.09386930115042824,-18.816843003934103,-0.5005953077449388
OPE,2018-02-24 11:00:00,-13.268867622654168,5.4759520251100735,0.010073154452070259,0.45321607995074215,-0.0006636051976370435,0.09386930115042824,-18.816843003934103,-0.5005953077449388
OPE,2018-02-25 11:00:00,-13.268867622654168,5.4759520251100735,0.010073154452070259,0.45321607995074215,-0.0006636051976370435,0.09386930115042824,-18.816843003934103,-0.5005953077449388
OPE,2018-02-26 11:00:00,-13.268867622654168,5.4759520251100735,0.010073154452070259,0.45321607995074215,-0.0006636051976370435,0.09386930115042824,-18.816843003934103,-0.5005953077449388
OPE,2018-02-26 11:00:00,-11.243686939687038,2.7971622330861226,0.006563648912568317,0.3385622556883776,-0.00025006049034884137,0.040607279994702164,-13.297406289226872,-1.1508888868501683
OPE,2018-02-27 11:00:00,-11.243686939687038,2.7971622330861226,0.006563648912568317,0.3385622556883776,-0.00025006049034884137,0.040607279994702164,-13.297406289226872,-1.1508888868501683
OPE,2018-02-28 11:00:00,-11.243686939687038,2.7971622330861226,0.006563648912568317,0.3385622556883776,-0.00025006049034884137,0.040607279994702164,-13.297406289226872,-1.1508888868501683
OPE,2018-03-01 11:00:00,-11.243686939687038,2.7971622330861226,0.006563648912568317,0.3385622556883776,-0.00025006049034884137,0.040607279994702164,-13.297406289226872,-1.1508888868501683
OPE,2018-03-02 11:00:00,-11.243686939687038,2.7971622330861226,0.006563648912568317,0.3385622556883776,-0.00025006049034884137,0.040607279994702164,-13.297406289226872,-1.1508888868501683
OPE,2018-03-03 11:00:00,-11.243686939687038,2.7971622330861226,0.006563648912568317,0.3385622556883776,-0.00025006049034884137,0.040607279994702164,-13.297406289226872,-1.1508888868501683
OPE,2018-03-04 11:00:00,-11.243686939687038,2.7971622330861226,0.006563648912568317,0.3385622556883776,-0.00025006049034884137,0.040607279994702164,-13.297406289226872,-1.1508888868501683
OPE,2018-03-05 11:00:00,-11.243686939687038,2.7971622330861226,0.006563648912568317,0.3385622556883776,-0.00025006049034884137,0.040607279994702164,-13.297406289226872,-1.1508888868501683
OPE,2018-03-06 11:00:00,-11.243686939687038,2.7971622330861226,0.006563648912568317,0.3385622556883776,-0.00025006049034884137,0.040607279994702164,-13.297406289226872,-1.1508888868501683
OPE,2018-03-07 11:00:00,-11.243686939687038,2.7971622330861226,0.006563648912568317,0.3385622556883776,-0.00025006049034884137,0.040607279994702164,-13.297406289226872,-1.1508888868501683
OPE,2018-03-08 11:00:00,-11.243686939687038,2.7971622330861226,0.006563648912568317,0.3385622556883776,-0.00025006049034884137,0.040607279994702164,-13.297406289226872,-1.1508888868501683
OPE,2018-03-09 11:00:00,-11.243686939687038,2.7971622330861226,0.006563648912568317,0.3385622556883776,-0.00025006049034884137,0.040607279994702164,-13.297406289226872,-1.1508888868501683
OPE,2018-03-10 11:00:00,-11.243686939687038,2.7971622330861226,0.006563648912568317,0.3385622556883776,-0.00025006049034884137,0.040607279994702164,-13.297406289226872,-1.1508888868501683
OPE,2018-03-11 11:00:00,-11.243686939687038,2.7971622330861226,0.006563648912568317,0.3385622556883776,-0.00025006049034884137,0.040607279994702164,-13.297406289226872,-1.1508888868501683
OPE,2018-03-12 11:00:00,-11.243686939687038,2.7971622330861226,0.006563648912568317,0.3385622556883776,-0.00025006049034884137,0.040607279994702164,-13.297406289226872,-1.1508888868501683
OPE,2018-03-12 11:00:00,-6.445692612943277,1.7801397352120696,0.013546065203061437,0.3688774343218748,-0.0005780049913278824,0.015093131014626174,-7.038257821112606,-1.6004156929821158
OPE,2018-03-13 11:00:00,-6.445692612943277,1.7801397352120696,0.013546065203061437,0.3688774343218748,-0.0005780049913278824,0.015093131014626174,-7.038257821112606,-1.6004156929821158
OPE,2018-03-14 11:00:00,-6.445692612943277,1.7801397352120696,0.013546065203061437,0.3688774343218748,-0.0005780049913278824,0.015093131014626174,-7.038257821112606,-1.6004156929821158
OPE,2018-03-15 11:00:00,-6.445692612943277,1.7801397352120696,0.013546065203061437,0.3688774343218748,-0.0005780049913278824,0.015093131014626174,-7.038257821112606,-1.6004156929821158
OPE,2018-03-16 11:00:00,-6.445692612943277,1.7801397352120696,0.013546065203061437,0.3688774343218748,-0.0005780049913278824,0.015093131014626174,-7.038257821112606,-1.6004156929821158
OPE,2018-03-17 11:00:00,-6.445692612943277,1.7801397352120696,0.013546065203061437,0.3688774343218748,-0.0005780049913278824,0.015093131014626174,-7.038257821112606,-1.6004156929821158
OPE,2018-03-18 11:00:00,-6.445692612943277,1.7801397352120696,0.013546065203061437,0.3688774343218748,-0.0005780049913278824,0.015093131014626174,-7.038257821112606,-1.6004156929821158
OPE,2018-03-19 11:00:00,-6.445692612943277,1.7801397352120696,0.013546065203061437,0.3688774343218748,-0.0005780049913278824,0.015093131014626174,-7.038257821112606,-1.6004156929821158
OPE,2018-03-20 11:00:00,-6.445692612943277,1.7801397352120696,0.013546065203061437,0.3688774343218748,-0.0005780049913278824,0.015093131014626174,-7.038257821112606,-1.6004156929821158
OPE,2018-03-21 11:00:00,-6.445692612943277,1.7801397352120696,0.013546065203061437,0.3688774343218748,-0.0005780049913278824,0.015093131014626174,-7.038257821112606,-1.6004156929821158
OPE,2018-03-22 11:00:00,-6.445692612943277,1.7801397352120696,0.013546065203061437,0.3688774343218748,-0.0005780049913278824,0.015093131014626174,-7.038257821112606,-1.6004156929821158
OPE,2018-03-23 11:00:00,-6.445692612943277,1.7801397352120696,0.013546065203061437,0.3688774343218748,-0.0005780049913278824,0.015093131014626174,-7.038257821112606,-1.6004156929821158
OPE,2018-03-24 11:00:00,-6.445692612943277,1.7801397352120696,0.013546065203061437,0.3688774343218748,-0.0005780049913278824,0.015093131014626174,-7.038257821112606,-1.6004156929821158
OPE,2018-03-25 11:00:00,-6.445692612943277,1.7801397352120696,0.013546065203061437,0.3688774343218748,-0.0005780049913278824,0.015093131014626174,-7.038257821112606,-1.6004156929821158
OPE,2018-03-26 11:00:00,-6.445692612943277,1.7801397352120696,0.013546065203061437,0.3688774343218748,-0.0005780049913278824,0.015093131014626174,-7.038257821112606,-1.6004156929821158
OPE,2018-03-26 11:00:00,-5.308765180253121,4.750320974284581,0.013269832623052112,0.3134269446958858,-0.0005594583621855106,0.011260400244455054,-9.348608364552918,-1.060693202409362
OPE,2018-03-27 11:00:00,-5.308765180253121,4.750320974284581,0.013269832623052112,0.3134269446958858,-0.0005594583621855106,0.011260400244455054,-9.348608364552918,-1.060693202409362
OPE,2018-03-28 11:00:00,-5.308765180253121,4.750320974284581,0.013269832623052112,0.3134269446958858,-0.0005594583621855106,0.011260400244455054,-9.348608364552918,-1.060693202409362
OPE,2018-03-29 11:00:00,-5.308765180253121,4.750320974284581,0.013269832623052112,0.3134269446958858,-0.0005594583621855106,0.011260400244455054,-9.348608364552918,-1.060693202409362
OPE,2018-03-30 11:00:00,-5.308765180253121,4.750320974284581,0.013269832623052112,0.3134269446958858,-0.0005594583621855106,0.011260400244455054,-9.348608364552918,-1.060693202409362
OPE,2018-03-31 11:00:00,-5.308765180253121,4.750320974284581,0.013269832623052112,0.3134269446958858,-0.0005594583621855106,0.011260400244455054,-9.348608364552918,-1.060693202409362
OPE,2018-04-01 11:00:00,-5.308765180253121,4.750320974284581,0.013269832623052112,0.3134269446958858,-0.0005594583621855106,0.011260400244455054,-9.348608364552918,-1.060693202409362
OPE,2018-04-02 11:00:00,-5.308765180253121,4.750320974284581,0.013269832623052112,0.3134269446958858,-0.0005594583621855106,0.011260400244455054,-9.348608364552918,-1.060693202409362
OPE,2018-04-03 11:00:00,-5.308765180253121,4.750320974284581,0.013269832623052112,0.3134269446958858,-0.0005594583621855106,0.011260400244455054,-9.348608364552918,-1.060693202409362
OPE,2018-04-04 11:00:00,-5.308765180253121,4.750320974284581,0.013269832623052112,0.3134269446958858,-0.0005594583621855106,0.011260400244455054,-9.348608364552918,-1.060693202409362
OPE,2018-04-05 11:00:00,-5.308765180253121,4.750320974284581,0.013269832623052112,0.3134269446958858,-0.0005594583621855106,0.011260400244455054,-9.348608364552918,-1.060693202409362
OPE,2018-04-06 11:00:00,-5.308765180253121,4.750320974284581,0.013269832623052112,0.3134269446958858,-0.0005594583621855106,0.011260400244455054,-9.348608364552918,-1.060693202409362
OPE,2018-04-07 11:00:00,-5.308765180253121,4.750320974284581,0.013269832623052112,0.3134269446958858,-0.0005594583621855106,0.011260400244455054,-9.348608364552918,-1.060693202409362
OPE,2018-04-08 11:00:00,-5.308765180253121,4.750320974284581,0.013269832623052112,0.3134269446958858,-0.0005594583621855106,0.011260400244455054,-9.348608364552918,-1.060693202409362
OPE,2018-04-09 11:00:00,-5.308765180253121,4.750320974284581,0.013269832623052112,0.3134269446958858,-0.0005594583621855106,0.011260400244455054,-9.348608364552918,-1.060693202409362
OPE,2018-04-09 11:00:00,-1.6139684138968196,4.05177599755523,0.01332832045937365,0.5429489608215801,-0.0011454175872390123,0.003899495640910864,-5.249277549673522,-0.9813574296117236
OPE,2018-04-10 11:00:00,-1.6139684138968196,4.05177599755523,0.01332832045937365,0.5429489608215801,-0.0011454175872390123,0.003899495640910864,-5.249277549673522,-0.9813574296117236
OPE,2018-04-11 11:00:00,-1.6139684138968196,4.05177599755523,0.01332832045937365,0.5429489608215801,-0.0011454175872390123,0.003899495640910864,-5.249277549673522,-0.9813574296117236
OPE,2018-04-12 11:00:00,-1.6139684138968196,4.05177599755523,0.01332832045937365,0.5429489608215801,-0.0011454175872390123,0.003899495640910864,-5.249277549673522,-0.9813574296117236
OPE,2018-04-13 11:00:00,-1.6139684138968196,4.05177599755523,0.01332832045937365,0.5429489608215801,-0.0011454175872390123,0.003899495640910864,-5.249277549673522,-0.9813574296117236
OPE,2018-04-14 11:00:00,-1.6139684138968196,4.05177599755523,0.01332832045937365,0.5429489608215801,-0.0011454175872390123,0.003899495640910864,-5.249277549673522,-0.9813574296117236
OPE,2018-04-15 11:00:00,-1.6139684138968196,4.05177599755523,0.01332832045937365,0.5429489608215801,-0.0011454175872390123,0.003899495640910864,-5.249277549673522,-0.9813574296117236
OPE,2018-04-16 11:00:00,-1.6139684138968196,4.05177599755523,0.01332832045937365,0.5429489608215801,-0.0011454175872390123,0.003899495640910864,-5.249277549673522,-0.9813574296117236
OPE,2018-04-17 11:00:00,-1.6139684138968196,4.05177599755523,0.01332832045937365,0.5429489608215801,-0.0011454175872390123,0.003899495640910864,-5.249277549673522,-0.9813574296117236
OPE,2018-04-18 11:00:00,-1.6139684138968196,4.05177599755523,0.01332832045937365,0.5429489608215801,-0.0011454175872390123,0.003899495640910864,-5.249277549673522,-0.9813574296117236
OPE,2018-04-19 11:00:00,-1.6139684138968196,4.05177599755523,0.01332832045937365,0.5429489608215801,-0.0011454175872390123,0.003899495640910864,-5.249277549673522,-0.9813574296117236
OPE,2018-04-20 11:00:00,-1.6139684138968196,4.05177599755523,0.01332832045937365,0.5429489608215801,-0.0011454175872390123,0.003899495640910864,-5.249277549673522,-0.9813574296117236
OPE,2018-04-21 11:00:00,-1.6139684138968196,4.05177599755523,0.01332832045937365,0.5429489608215801,-0.0011454175872390123,0.003899495640910864,-5.249277549673522,-0.9813574296117236
OPE,2018-04-22 11:00:00,-1.6139684138968196,4.05177599755523,0.01332832045937365,0.5429489608215801,-0.0011454175872390123,0.003899495640910864,-5.249277549673522,-0.9813574296117236
OPE,2018-04-23 11:00:00,-1.6139684138968196,4.05177599755523,0.01332832045937365,0.5429489608215801,-0.0011454175872390123,0.003899495640910864,-5.249277549673522,-0.9813574296117236
OPE,2018-04-23 11:00:00,-7.719501673467538,1.4078152978289928,0.007391562617822373,0.9971191440055521,-0.001077306976063833,-0.033605184121320276,-8.364261773684458,-1.734897212416746
OPE,2018-04-24 11:00:00,-7.719501673467538,1.4078152978289928,0.007391562617822373,0.9971191440055521,-0.001077306976063833,-0.033605184121320276,-8.364261773684458,-1.734897212416746
OPE,2018-04-25 11:00:00,-7.719501673467538,1.4078152978289928,0.007391562617822373,0.9971191440055521,-0.001077306976063833,-0.033605184121320276,-8.364261773684458,-1.734897212416746
OPE,2018-04-26 11:00:00,-7.719501673467538,1.4078152978289928,0.007391562617822373,0.9971191440055521,-0.001077306976063833,-0.033605184121320276,-8.364261773684458,-1.734897212416746
OPE,2018-04-27 11:00:00,-7.719501673467538,1.4078152978289928,0.007391562617822373,0.9971191440055521,-0.001077306976063833,-0.033605184121320276,-8.364261773684458,-1.734897212416746
OPE,2018-04-28 11:00:00,-7.719501673467538,1.4078152978289928,0.007391562617822373,0.9971191440055521,-0.001077306976063833,-0.033605184121320276,-8.364261773684458,-1.734897212416746
OPE,2018-04-29 11:00:00,-7.719501673467538,1.4078152978289928,0.007391562617822373,0.9971191440055521,-0.001077306976063833,-0.033605184121320276,-8.364261773684458,-1.734897212416746
OPE,2018-04-30 11:00:00,-7.719501673467538,1.4078152978289928,0.007391562617822373,0.9971191440055521,-0.001077306976063833,-0.033605184121320276,-8.364261773684458,-1.734897212416746
OPE,2018-05-01 11:00:00,-7.719501673467538,1.4078152978289928,0.007391562617822373,0.9971191440055521,-0.001077306976063833,-0.033605184121320276,-8.364261773684458,-1.734897212416746
OPE,2018-05-02 11:00:00,-7.719501673467538,1.4078152978289928,0.007391562617822373,0.9971191440055521,-0.001077306976063833,-0.033605184121320276,-8.364261773684458,-1.734897212416746
OPE,2018-05-03 11:00:00,-7.719501673467538,1.4078152978289928,0.007391562617822373,0.9971191440055521,-0.001077306976063833,-0.033605184121320276,-8.364261773684458,-1.734897212416746
OPE,2018-05-04 11:00:00,-7.719501673467538,1.4078152978289928,0.007391562617822373,0.9971191440055521,-0.001077306976063833,-0.033605184121320276,-8.364261773684458,-1.734897212416746
OPE,2018-05-05 11:00:00,-7.719501673467538,1.4078152978289928,0.007391562617822373,0.9971191440055521,-0.001077306976063833,-0.033605184121320276,-8.364261773684458,-1.734897212416746
OPE,2018-05-06 11:00:00,-7.719501673467538,1.4078152978289928,0.007391562617822373,0.9971191440055521,-0.001077306976063833,-0.033605184121320276,-8.364261773684458,-1.734897212416746
OPE,2018-05-07 11:00:00,-7.719501673467538,1.4078152978289928,0.007391562617822373,0.9971191440055521,-0.001077306976063833,-0.033605184121320276,-8.364261773684458,-1.734897212416746
OPE,2018-05-07 11:00:00,-2.7098047595750434,3.9517432913563257,0.011527064217766819,0.6954586038294543,-0.0016636004153631643,-0.018573637372193516,-5.402647803294199,-1.9485362319256128
OPE,2018-05-08 11:00:00,-2.7098047595750434,3.9517432913563257,0.011527064217766819,0.6954586038294543,-0.0016636004153631643,-0.018573637372193516,-5.402647803294199,-1.9485362319256128
OPE,2018-05-09 11:00:00,-2.7098047595750434,3.9517432913563257,0.011527064217766819,0.6954586038294543,-0.0016636004153631643,-0.018573637372193516,-5.402647803294199,-1.9485362319256128
OPE,2018-05-10 11:00:00,-2.7098047595750434,3.9517432913563257,0.011527064217766819,0.6954586038294543,-0.0016636004153631643,-0.018573637372193516,-5.402647803294199,-1.9485362319256128
OPE,2018-05-11 11:00:00,-2.7098047595750434,3.9517432913563257,0.011527064217766819,0.6954586038294543,-0.0016636004153631643,-0.018573637372193516,-5.402647803294199,-1.9485362319256128
OPE,2018-05-12 11:00:00,-2.7098047595750434,3.9517432913563257,0.011527064217766819,0.6954586038294543,-0.0016636004153631643,-0.018573637372193516,-5.402647803294199,-1.9485362319256128
OPE,2018-05-13 11:00:00,-2.7098047595750434,3.9517432913563257,0.011527064217766819,0.6954586038294543,-0.0016636004153631643,-0.018573637372193516,-5.402647803294199,-1.9485362319256128
OPE,2018-05-14 11:00:00,-2.7098047595750434,3.9517432913563257,0.011527064217766819,0.6954586038294543,-0.0016636004153631643,-0.018573637372193516,-5.402647803294199,-1.9485362319256128
OPE,2018-05-15 11:00:00,-2.7098047595750434,3.9517432913563257,0.011527064217766819,0.6954586038294543,-0.0016636004153631643,-0.018573637372193516,-5.402647803294199,-1.9485362319256128
OPE,2018-05-16 11:00:00,-2.7098047595750434,3.9517432913563257,0.011527064217766819,0.6954586038294543,-0.0016636004153631643,-0.018573637372193516,-5.402647803294199,-1.9485362319256128
OPE,2018-05-17 11:00:00,-2.7098047595750434,3.9517432913563257,0.011527064217766819,0.6954586038294543,-0.0016636004153631643,-0.018573637372193516,-5.402647803294199,-1.9485362319256128
OPE,2018-05-18 11:00:00,-2.7098047595750434,3.9517432913563257,0.011527064217766819,0.6954586038294543,-0.0016636004153631643,-0.018573637372193516,-5.402647803294199,-1.9485362319256128
OPE,2018-05-19 11:00:00,-2.7098047595750434,3.9517432913563257,0.011527064217766819,0.6954586038294543,-0.0016636004153631643,-0.018573637372193516,-5.402647803294199,-1.9485362319256128
OPE,2018-05-20 11:00:00,-2.7098047595750434,3.9517432913563257,0.011527064217766819,0.6954586038294543,-0.0016636004153631643,-0.018573637372193516,-5.402647803294199,-1.9485362319256128
OPE,2018-05-21 11:00:00,-2.7098047595750434,3.9517432913563257,0.011527064217766819,0.6954586038294543,-0.0016636004153631643,-0.018573637372193516,-5.402647803294199,-1.9485362319256128
OPE,2018-05-21 11:00:00,-7.16504220948793,4.403548492443709,0.005430618374545413,1.2563257883564345,-0.0025723057144331385,-0.027847408472339314,-11.39416429425068,-1.4150885776534083
OPE,2018-05-22 11:00:00,-7.16504220948793,4.403548492443709,0.005430618374545413,1.2563257883564345,-0.0025723057144331385,-0.027847408472339314,-11.39416429425068,-1.4150885776534083
OPE,2018-05-23 11:00:00,-7.16504220948793,4.403548492443709,0.005430618374545413,1.2563257883564345,-0.0025723057144331385,-0.027847408472339314,-11.39416429425068,-1.4150885776534083
OPE,2018-05-24 11:00:00,-7.16504220948793,4.403548492443709,0.005430618374545413,1.2563257883564345,-0.0025723057144331385,-0.027847408472339314,-11.39416429425068,-1.4150885776534083
OPE,2018-05-25 11:00:00,-7.16504220948793,4.403548492443709,0.005430618374545413,1.2563257883564345,-0.0025723057144331385,-0.027847408472339314,-11.39416429425068,-1.4150885776534083
OPE,2018-05-26 11:00:00,-7.16504220948793,4.403548492443709,0.005430618374545413,1.2563257883564345,-0.0025723057144331385,-0.027847408472339314,-11.39416429425068,-1.4150885776534083
OPE,2018-05-27 11:00:00,-7.16504220948793,4.403548492443709,0.005430618374545413,1.2563257883564345,-0.0025723057144331385,-0.027847408472339314,-11.39416429425068,-1.4150885776534083
OPE,2018-05-28 11:00:00,-7.16504220948793,4.403548492443709,0.005430618374545413,1.2563257883564345,-0.0025723057144331385,-0.027847408472339314,-11.39416429425068,-1.4150885776534083
OPE,2018-05-29 11:00:00,-7.16504220948793,4.403548492443709,0.005430618374545413,1.2563257883564345,-0.0025723057144331385,-0.027847408472339314,-11.39416429425068,-1.4150885776534083
OPE,2018-05-30 11:00:00,-7.16504220948793,4.403548492443709,0.005430618374545413,1.2563257883564345,-0.0025723057144331385,-0.027847408472339314,-11.39416429425068,-1.4150885776534083
OPE,2018-05-31 11:00:00,-7.16504220948793,4.403548492443709,0.005430618374545413,1.2563257883564345,-0.0025723057144331385,-0.027847408472339314,-11.39416429425068,-1.4150885776534083
OPE,2018-06-01 11:00:00,-7.16504220948793,4.403548492443709,0.005430618374545413,1.2563257883564345,-0.0025723057144331385,-0.027847408472339314,-11.39416429425068,-1.4150885776534083
OPE,2018-06-02 11:00:00,-7.16504220948793,4.403548492443709,0.005430618374545413,1.2563257883564345,-0.0025723057144331385,-0.027847408472339314,-11.39416429425068,-1.4150885776534083
OPE,2018-06-03 11:00:00,-7.16504220948793,4.403548492443709,0.005430618374545413,1.2563257883564345,-0.0025723057144331385,-0.027847408472339314,-11.39416429425068,-1.4150885776534083
OPE,2018-06-04 11:00:00,-7.16504220948793,4.403548492443709,0.005430618374545413,1.2563257883564345,-0.0025723057144331385,-0.027847408472339314,-11.39416429425068,-1.4150885776534083
OPE,2018-06-04 11:00:00,-7.414397184657134,4.59747335603017,0.015694403804316717,2.9131837011895207,-0.0021373029153782283,-0.11391403206509472,-13.19345194888658,-1.62231915800023
OPE,2018-06-05 11:00:00,-7.414397184657134,4.59747335603017,0.015694403804316717,2.9131837011895207,-0.0021373029153782283,-0.11391403206509472,-13.19345194888658,-1.62231915800023
OPE,2018-06-06 11:00:00,-7.414397184657134,4.59747335603017,0.015694403804316717,2.9131837011895207,-0.0021373029153782283,-0.11391403206509472,-13.19345194888658,-1.62231915800023
OPE,2018-06-07 11:00:00,-7.414397184657134,4.59747335603017,0.015694403804316717,2.9131837011895207,-0.0021373029153782283,-0.11391403206509472,-13.19345194888658,-1.62231915800023
OPE,2018-06-08 11:00:00,-7.414397184657134,4.59747335603017,0.015694403804316717,2.9131837011895207,-0.0021373029153782283,-0.11391403206509472,-13.19345194888658,-1.62231915800023
OPE,2018-06-09 11:00:00,-7.414397184657134,4.59747335603017,0.015694403804316717,2.9131837011895207,-0.0021373029153782283,-0.11391403206509472,-13.19345194888658,-1.62231915800023
OPE,2018-06-10 11:00:00,-7.414397184657134,4.59747335603017,0.015694403804316717,2.9131837011895207,-0.0021373029153782283,-0.11391403206509472,-13.19345194888658,-1.62231915800023
OPE,2018-06-11 11:00:00,-7.414397184657134,4.59747335603017,0.015694403804316717,2.9131837011895207,-0.0021373029153782283,-0.11391403206509472,-13.19345194888658,-1.62231915800023
OPE,2018-06-12 11:00:00,-7.414397184657134,4.59747335603017,0.015694403804316717,2.9131837011895207,-0.0021373029153782283,-0.11391403206509472,-13.19345194888658,-1.62231915800023
OPE,2018-06-13 11:00:00,-7.414397184657134,4.59747335603017,0.015694403804316717,2.9131837011895207,-0.0021373029153782283,-0.11391403206509472,-13.19345194888658,-1.62231915800023
OPE,2018-06-14 11:00:00,-7.414397184657134,4.59747335603017,0.015694403804316717,2.9131837011895207,-0.0021373029153782283,-0.11391403206509472,-13.19345194888658,-1.62231915800023
OPE,2018-06-15 11:00:00,-7.414397184657134,4.59747335603017,0.015694403804316717,2.9131837011895207,-0.0021373029153782283,-0.11391403206509472,-13.19345194888658,-1.62231915800023
OPE,2018-06-16 11:00:00,-7.414397184657134,4.59747335603017,0.015694403804316717,2.9131837011895207,-0.0021373029153782283,-0.11391403206509472,-13.19345194888658,-1.62231915800023
OPE,2018-06-17 11:00:00,-7.414397184657134,4.59747335603017,0.015694403804316717,2.9131837011895207,-0.0021373029153782283,-0.11391403206509472,-13.19345194888658,-1.62231915800023
OPE,2018-06-18 11:00:00,-7.414397184657134,4.59747335603017,0.015694403804316717,2.9131837011895207,-0.0021373029153782283,-0.11391403206509472,-13.19345194888658,-1.62231915800023
OPE,2018-06-18 11:00:00,-8.827911668029529,4.930598095454435,0.011257452779082178,2.880443366896781,-0.0016734140734862345,-0.06729364662932365,-14.90337268198122,-1.6769215894944305
OPE,2018-06-19 11:00:00,-8.827911668029529,4.930598095454435,0.011257452779082178,2.880443366896781,-0.0016734140734862345,-0.06729364662932365,-14.90337268198122,-1.6769215894944305
OPE,2018-06-20 11:00:00,-8.827911668029529,4.930598095454435,0.011257452779082178,2.880443366896781,-0.0016734140734862345,-0.06729364662932365,-14.90337268198122,-1.6769215894944305
OPE,2018-06-21 11:00:00,-8.827911668029529,4.930598095454435,0.011257452779082178,2.880443366896781,-0.0016734140734862345,-0.06729364662932365,-14.90337268198122,-1.6769215894944305
OPE,2018-06-22 11:00:00,-8.827911668029529,4.930598095454435,0.011257452779082178,2.880443366896781,-0.0016734140734862345,-0.06729364662932365,-14.90337268198122,-1.6769215894944305
OPE,2018-06-23 11:00:00,-8.827911668029529,4.930598095454435,0.011257452779082178,2.880443366896781,-0.0016734140734862345,-0.06729364662932365,-14.90337268198122,-1.6769215894944305
OPE,2018-06-24 11:00:00,-8.827911668029529,4.930598095454435,0.011257452779082178,2.880443366896781,-0.0016734140734862345,-0.06729364662932365,-14.90337268198122,-1.6769215894944305
OPE,2018-06-25 11:00:00,-8.827911668029529,4.930598095454435,0.011257452779082178,2.880443366896781,-0.0016734140734862345,-0.06729364662932365,-14.90337268198122,-1.6769215894944305
OPE,2018-06-26 11:00:00,-8.827911668029529,4.930598095454435,0.011257452779082178,2.880443366896781,-0.0016734140734862345,-0.06729364662932365,-14.90337268198122,-1.6769215894944305
OPE,2018-06-27 11:00:00,-8.827911668029529,4.930598095454435,0.011257452779082178,2.880443366896781,-0.0016734140734862345,-0.06729364662932365,-14.90337268198122,-1.6769215894944305
OPE,2018-06-28 11:00:00,-8.827911668029529,4.930598095454435,0.011257452779082178,2.880443366896781,-0.0016734140734862345,-0.06729364662932365,-14.90337268198122,-1.6769215894944305
OPE,2018-06-29 11:00:00,-8.827911668029529,4.930598095454435,0.011257452779082178,2.880443366896781,-0.0016734140734862345,-0.06729364662932365,-14.90337268198122,-1.6769215894944305
OPE,2018-06-30 11:00:00,-8.827911668029529,4.930598095454435,0.011257452779082178,2.880443366896781,-0.0016734140734862345,-0.06729364662932365,-14.90337268198122,-1.6769215894944305
OPE,2018-07-01 11:00:00,-8.827911668029529,4.930598095454435,0.011257452779082178,2.880443366896781,-0.0016734140734862345,-0.06729364662932365,-14.90337268198122,-1.6769215894944305
OPE,2018-07-02 11:00:00,-8.827911668029529,4.930598095454435,0.011257452779082178,2.880443366896781,-0.0016734140734862345,-0.06729364662932365,-14.90337268198122,-1.6769215894944305
OPE,2018-07-02 11:00:00,-4.1315819167845484,2.705094176545333,0.0022985910411124164,1.3157813858264154,-0.0009803571854113064,-0.0025906899931020825,-6.680005741433996,-1.4794753637422873
OPE,2018-07-03 11:00:00,-4.1315819167845484,2.705094176545333,0.0022985910411124164,1.3157813858264154,-0.0009803571854113064,-0.0025906899931020825,-6.680005741433996,-1.4794753637422873
OPE,2018-07-04 11:00:00,-4.1315819167845484,2.705094176545333,0.0022985910411124164,1.3157813858264154,-0.0009803571854113064,-0.0025906899931020825,-6.680005741433996,-1.4794753637422873
OPE,2018-07-05 11:00:00,-4.1315819167845484,2.705094176545333,0.0022985910411124164,1.3157813858264154,-0.0009803571854113064,-0.0025906899931020825,-6.680005741433996,-1.4794753637422873
OPE,2018-07-06 11:00:00,-4.1315819167845484,2.705094176545333,0.0022985910411124164,1.3157813858264154,-0.0009803571854113064,-0.0025906899931020825,-6.680005741433996,-1.4794753637422873
OPE,2018-07-07 11:00:00,-4.1315819167845484,2.705094176545333,0.0022985910411124164,1.3157813858264154,-0.0009803571854113064,-0.0025906899931020825,-6.680005741433996,-1.4794753637422873
OPE,2018-07-08 11:00:00,-4.1315819167845484,2.705094176545333,0.0022985910411124164,1.3157813858264154,-0.0009803571854113064,-0.0025906899931020825,-6.680005741433996,-1.4794753637422873
OPE,2018-07-09 11:00:00,-4.1315819167845484,2.705094176545333,0.0022985910411124164,1.3157813858264154,-0.0009803571854113064,-0.0025906899931020825,-6.680005741433996,-1.4794753637422873
OPE,2018-07-10 11:00:00,-4.1315819167845484,2.705094176545333,0.0022985910411124164,1.3157813858264154,-0.0009803571854113064,-0.0025906899931020825,-6.680005741433996,-1.4794753637422873
OPE,2018-07-11 11:00:00,-4.1315819167845484,2.705094176545333,0.0022985910411124164,1.3157813858264154,-0.0009803571854113064,-0.0025906899931020825,-6.680005741433996,-1.4794753637422873
OPE,2018-07-12 11:00:00,-4.1315819167845484,2.705094176545333,0.0022985910411124164,1.3157813858264154,-0.0009803571854113064,-0.0025906899931020825,-6.680005741433996,-1.4794753637422873
OPE,2018-07-13 11:00:00,-4.1315819167845484,2.705094176545333,0.0022985910411124164,1.3157813858264154,-0.0009803571854113064,-0.0025906899931020825,-6.680005741433996,-1.4794753637422873
OPE,2018-07-14 11:00:00,-4.1315819167845484,2.705094176545333,0.0022985910411124164,1.3157813858264154,-0.0009803571854113064,-0.0025906899931020825,-6.680005741433996,-1.4794753637422873
OPE,2018-07-15 11:00:00,-4.1315819167845484,2.705094176545333,0.0022985910411124164,1.3157813858264154,-0.0009803571854113064,-0.0025906899931020825,-6.680005741433996,-1.4794753637422873
OPE,2018-07-16 11:00:00,-4.1315819167845484,2.705094176545333,0.0022985910411124164,1.3157813858264154,-0.0009803571854113064,-0.0025906899931020825,-6.680005741433996,-1.4794753637422873
OPE,2018-07-16 11:00:00,-4.872456775901224,2.4587794268140173,0.008019131699827455,2.514281446858919,-0.0011101336280336055,-0.055980433581897075,-8.55988625951243,-1.229437045350698
OPE,2018-07-17 11:00:00,-4.872456775901224,2.4587794268140173,0.008019131699827455,2.514281446858919,-0.0011101336280336055,-0.055980433581897075,-8.55988625951243,-1.229437045350698
OPE,2018-07-18 11:00:00,-4.872456775901224,2.4587794268140173,0.008019131699827455,2.514281446858919,-0.0011101336280336055,-0.055980433581897075,-8.55988625951243,-1.229437045350698
OPE,2018-07-19 11:00:00,-4.872456775901224,2.4587794268140173,0.008019131699827455,2.514281446858919,-0.0011101336280336055,-0.055980433581897075,-8.55988625951243,-1.229437045350698
OPE,2018-07-20 11:00:00,-4.872456775901224,2.4587794268140173,0.008019131699827455,2.514281446858919,-0.0011101336280336055,-0.055980433581897075,-8.55988625951243,-1.229437045350698
OPE,2018-07-21 11:00:00,-4.872456775901224,2.4587794268140173,0.008019131699827455,2.514281446858919,-0.0011101336280336055,-0.055980433581897075,-8.55988625951243,-1.229437045350698
OPE,2018-07-22 11:00:00,-4.872456775901224,2.4587794268140173,0.008019131699827455,2.514281446858919,-0.0011101336280336055,-0.055980433581897075,-8.55988625951243,-1.229437045350698
OPE,2018-07-23 11:00:00,-4.872456775901224,2.4587794268140173,0.008019131699827455,2.514281446858919,-0.0011101336280336055,-0.055980433581897075,-8.55988625951243,-1.229437045350698
OPE,2018-07-24 11:00:00,-4.872456775901224,2.4587794268140173,0.008019131699827455,2.514281446858919,-0.0011101336280336055,-0.055980433581897075,-8.55988625951243,-1.229437045350698
OPE,2018-07-25 11:00:00,-4.872456775901224,2.4587794268140173,0.008019131699827455,2.514281446858919,-0.0011101336280336055,-0.055980433581897075,-8.55988625951243,-1.229437045350698
OPE,2018-07-26 11:00:00,-4.872456775901224,2.4587794268140173,0.008019131699827455,2.514281446858919,-0.0011101336280336055,-0.055980433581897075,-8.55988625951243,-1.229437045350698
OPE,2018-07-27 11:00:00,-4.872456775901224,2.4587794268140173,0.008019131699827455,2.514281446858919,-0.0011101336280336055,-0.055980433581897075,-8.55988625951243,-1.229437045350698
OPE,2018-07-28 11:00:00,-4.872456775901224,2.4587794268140173,0.008019131699827455,2.514281446858919,-0.0011101336280336055,-0.055980433581897075,-8.55988625951243,-1.229437045350698
OPE,2018-07-29 11:00:00,-4.872456775901224,2.4587794268140173,0.008019131699827455,2.514281446858919,-0.0011101336280336055,-0.055980433581897075,-8.55988625951243,-1.229437045350698
OPE,2018-07-30 11:00:00,-4.872456775901224,2.4587794268140173,0.008019131699827455,2.514281446858919,-0.0011101336280336055,-0.055980433581897075,-8.55988625951243,-1.229437045350698
OPE,2018-07-30 11:00:00,-0.49421381507380563,7.270771700690291,0.008023816650751728,2.5627077169568855,-0.00033236448752423857,-0.013247878636585568,-9.180713627932091,-1.148123427044773
OPE,2018-07-31 11:00:00,-0.49421381507380563,7.270771700690291,0.008023816650751728,2.5627077169568855,-0.00033236448752423857,-0.013247878636585568,-9.180713627932091,-1.148123427044773
OPE,2018-08-01 11:00:00,-0.49421381507380563,7.270771700690291,0.008023816650751728,2.5627077169568855,-0.00033236448752423857,-0.013247878636585568,-9.180713627932091,-1.148123427044773
OPE,2018-08-02 11:00:00,-0.49421381507380563,7.270771700690291,0.008023816650751728,2.5627077169568855,-0.00033236448752423857,-0.013247878636585568,-9.180713627932091,-1.148123427044773
OPE,2018-08-03 11:00:00,-0.49421381507380563,7.270771700690291,0.008023816650751728,2.5627077169568855,-0.00033236448752423857,-0.013247878636585568,-9.180713627932091,-1.148123427044773
OPE,2018-08-04 11:00:00,-0.49421381507380563,7.270771700690291,0.008023816650751728,2.5627077169568855,-0.00033236448752423857,-0.013247878636585568,-9.180713627932091,-1.148123427044773
OPE,2018-08-05 11:00:00,-0.49421381507380563,7.270771700690291,0.008023816650751728,2.5627077169568855,-0.00033236448752423857,-0.013247878636585568,-9.180713627932091,-1.148123427044773
OPE,2018-08-06 11:00:00,-0.49421381507380563,7.270771700690291,0.008023816650751728,2.5627077169568855,-0.00033236448752423857,-0.013247878636585568,-9.180713627932091,-1.148123427044773
OPE,2018-08-07 11:00:00,-0.49421381507380563,7.270771700690291,0.008023816650751728,2.5627077169568855,-0.00033236448752423857,-0.013247878636585568,-9.180713627932091,-1.148123427044773
OPE,2018-08-08 11:00:00,-0.49421381507380563,7.270771700690291,0.008023816650751728,2.5627077169568855,-0.00033236448752423857,-0.013247878636585568,-9.180713627932091,-1.148123427044773
OPE,2018-08-09 11:00:00,-0.49421381507380563,7.270771700690291,0.008023816650751728,2.5627077169568855,-0.00033236448752423857,-0.013247878636585568,-9.180713627932091,-1.148123427044773
OPE,2018-08-10 11:00:00,-0.49421381507380563,7.270771700690291,0.008023816650751728,2.5627077169568855,-0.00033236448752423857,-0.013247878636585568,-9.180713627932091,-1.148123427044773
OPE,2018-08-11 11:00:00,-0.49421381507380563,7.270771700690291,0.008023816650751728,2.5627077169568855,-0.00033236448752423857,-0.013247878636585568,-9.180713627932091,-1.148123427044773
OPE,2018-08-12 11:00:00,-0.49421381507380563,7.270771700690291,0.008023816650751728,2.5627077169568855,-0.00033236448752423857,-0.013247878636585568,-9.180713627932091,-1.148123427044773
OPE,2018-08-13 11:00:00,-0.49421381507380563,7.270771700690291,0.008023816650751728,2.5627077169568855,-0.00033236448752423857,-0.013247878636585568,-9.180713627932091,-1.148123427044773
OPE,2018-08-13 11:00:00,0.7246096779679718,6.43456503964971,0.007857614270756725,2.173565218722281,-0.00027632765626532923,0.04136455771152763,-6.599653036029148,-1.3486007049081763
OPE,2018-08-14 11:00:00,0.7246096779679718,6.43456503964971,0.007857614270756725,2.173565218722281,-0.00027632765626532923,0.04136455771152763,-6.599653036029148,-1.3486007049081763
OPE,2018-08-15 11:00:00,0.7246096779679718,6.43456503964971,0.007857614270756725,2.173565218722281,-0.00027632765626532923,0.04136455771152763,-6.599653036029148,-1.3486007049081763
OPE,2018-08-16 11:00:00,0.7246096779679718,6.43456503964971,0.007857614270756725,2.173565218722281,-0.00027632765626532923,0.04136455771152763,-6.599653036029148,-1.3486007049081763
OPE,2018-08-17 11:00:00,0.7246096779679718,6.43456503964971,0.007857614270756725,2.173565218722281,-0.00027632765626532923,0.04136455771152763,-6.599653036029148,-1.3486007049081763
OPE,2018-08-18 11:00:00,0.7246096779679718,6.43456503964971,0.007857614270756725,2.173565218722281,-0.00027632765626532923,0.04136455771152763,-6.599653036029148,-1.3486007049081763
OPE,2018-08-19 11:00:00,0.7246096779679718,6.43456503964971,0.007857614270756725,2.173565218722281,-0.00027632765626532923,0.04136455771152763,-6.599653036029148,-1.3486007049081763
OPE,2018-08-20 11:00:00,0.7246096779679718,6.43456503964971,0.007857614270756725,2.173565218722281,-0.00027632765626532923,0.04136455771152763,-6.599653036029148,-1.3486007049081763
OPE,2018-08-21 11:00:00,0.7246096779679718,6.43456503964971,0.007857614270756725,2.173565218722281,-0.00027632765626532923,0.04136455771152763,-6.599653036029148,-1.3486007049081763
OPE,2018-08-22 11:00:00,0.7246096779679718,6.43456503964971,0.007857614270756725,2.173565218722281,-0.00027632765626532923,0.04136455771152763,-6.599653036029148,-1.3486007049081763
OPE,2018-08-23 11:00:00,0.7246096779679718,6.43456503964971,0.007857614270756725,2.173565218722281,-0.00027632765626532923,0.04136455771152763,-6.599653036029148,-1.3486007049081763
OPE,2018-08-24 11:00:00,0.7246096779679718,6.43456503964971,0.007857614270756725,2.173565218722281,-0.00027632765626532923,0.04136455771152763,-6.599653036029148,-1.3486007049081763
OPE,2018-08-25 11:00:00,0.7246096779679718,6.43456503964971,0.007857614270756725,2.173565218722281,-0.00027632765626532923,0.04136455771152763,-6.599653036029148,-1.3486007049081763
OPE,2018-08-26 11:00:00,0.7246096779679718,6.43456503964971,0.007857614270756725,2.173565218722281,-0.00027632765626532923,0.04136455771152763,-6.599653036029148,-1.3486007049081763
OPE,2018-08-27 11:00:00,0.7246096779679718,6.43456503964971,0.007857614270756725,2.173565218722281,-0.00027632765626532923,0.04136455771152763,-6.599653036029148,-1.3486007049081763
OPE,2018-08-27 11:00:00,2.0571236243896576,6.3029571034809795,0.010035799352895005,1.6795809081777184,-0.0006774700377941974,0.02918778714739436,-4.792916806685406,-1.1812533416319115
OPE,2018-08-28 11:00:00,2.0571236243896576,6.3029571034809795,0.010035799352895005,1.6795809081777184,-0.0006774700377941974,0.02918778714739436,-4.792916806685406,-1.1812533416319115
OPE,2018-08-29 11:00:00,2.0571236243896576,6.3029571034809795,0.010035799352895005,1.6795809081777184,-0.0006774700377941974,0.02918778714739436,-4.792916806685406,-1.1812533416319115
OPE,2018-08-30 11:00:00,2.0571236243896576,6.3029571034809795,0.010035799352895005,1.6795809081777184,-0.0006774700377941974,0.02918778714739436,-4.792916806685406,-1.1812533416319115
OPE,2018-08-31 11:00:00,2.0571236243896576,6.3029571034809795,0.010035799352895005,1.6795809081777184,-0.0006774700377941974,0.02918778714739436,-4.792916806685406,-1.1812533416319115
OPE,2018-09-01 11:00:00,2.0571236243896576,6.3029571034809795,0.010035799352895005,1.6795809081777184,-0.0006774700377941974,0.02918778714739436,-4.792916806685406,-1.1812533416319115
OPE,2018-09-02 11:00:00,2.0571236243896576,6.3029571034809795,0.010035799352895005,1.6795809081777184,-0.0006774700377941974,0.02918778714739436,-4.792916806685406,-1.1812533416319115
OPE,2018-09-03 11:00:00,2.0571236243896576,6.3029571034809795,0.010035799352895005,1.6795809081777184,-0.0006774700377941974,0.02918778714739436,-4.792916806685406,-1.1812533416319115
OPE,2018-09-04 11:00:00,2.0571236243896576,6.3029571034809795,0.010035799352895005,1.6795809081777184,-0.0006774700377941974,0.02918778714739436,-4.792916806685406,-1.1812533416319115
OPE,2018-09-05 11:00:00,2.0571236243896576,6.3029571034809795,0.010035799352895005,1.6795809081777184,-0.0006774700377941974,0.02918778714739436,-4.792916806685406,-1.1812533416319115
OPE,2018-09-06 11:00:00,2.0571236243896576,6.3029571034809795,0.010035799352895005,1.6795809081777184,-0.0006774700377941974,0.02918778714739436,-4.792916806685406,-1.1812533416319115
OPE,2018-09-07 11:00:00,2.0571236243896576,6.3029571034809795,0.010035799352895005,1.6795809081777184,-0.0006774700377941974,0.02918778714739436,-4.792916806685406,-1.1812533416319115
OPE,2018-09-08 11:00:00,2.0571236243896576,6.3029571034809795,0.010035799352895005,1.6795809081777184,-0.0006774700377941974,0.02918778714739436,-4.792916806685406,-1.1812533416319115
OPE,2018-09-09 11:00:00,2.0571236243896576,6.3029571034809795,0.010035799352895005,1.6795809081777184,-0.0006774700377941974,0.02918778714739436,-4.792916806685406,-1.1812533416319115
OPE,2018-09-10 11:00:00,2.0571236243896576,6.3029571034809795,0.010035799352895005,1.6795809081777184,-0.0006774700377941974,0.02918778714739436,-4.792916806685406,-1.1812533416319115
OPE,2018-09-10 11:00:00,-6.544249809144347,4.471936548349548,0.006493966053215408,3.073679835959883,-0.0008994245694165583,0.028869654547673415,-12.609268516738645,-1.5427769523327006
OPE,2018-09-11 11:00:00,-6.544249809144347,4.471936548349548,0.006493966053215408,3.073679835959883,-0.0008994245694165583,0.028869654547673415,-12.609268516738645,-1.5427769523327006
OPE,2018-09-12 11:00:00,-6.544249809144347,4.471936548349548,0.006493966053215408,3.073679835959883,-0.0008994245694165583,0.028869654547673415,-12.609268516738645,-1.5427769523327006
OPE,2018-09-13 11:00:00,-6.544249809144347,4.471936548349548,0.006493966053215408,3.073679835959883,-0.0008994245694165583,0.028869654547673415,-12.609268516738645,-1.5427769523327006
OPE,2018-09-14 11:00:00,-6.544249809144347,4.471936548349548,0.006493966053215408,3.073679835959883,-0.0008994245694165583,0.028869654547673415,-12.609268516738645,-1.5427769523327006
OPE,2018-09-15 11:00:00,-6.544249809144347,4.471936548349548,0.006493966053215408,3.073679835959883,-0.0008994245694165583,0.028869654547673415,-12.609268516738645,-1.5427769523327006
OPE,2018-09-16 11:00:00,-6.544249809144347,4.471936548349548,0.006493966053215408,3.073679835959883,-0.0008994245694165583,0.028869654547673415,-12.609268516738645,-1.5427769523327006
OPE,2018-09-17 11:00:00,-6.544249809144347,4.471936548349548,0.006493966053215408,3.073679835959883,-0.0008994245694165583,0.028869654547673415,-12.609268516738645,-1.5427769523327006
OPE,2018-09-18 11:00:00,-6.544249809144347,4.471936548349548,0.006493966053215408,3.073679835959883,-0.0008994245694165583,0.028869654547673415,-12.609268516738645,-1.5427769523327006
OPE,2018-09-19 11:00:00,-6.544249809144347,4.471936548349548,0.006493966053215408,3.073679835959883,-0.0008994245694165583,0.028869654547673415,-12.609268516738645,-1.5427769523327006
OPE,2018-09-20 11:00:00,-6.544249809144347,4.471936548349548,0.006493966053215408,3.073679835959883,-0.0008994245694165583,0.028869654547673415,-12.609268516738645,-1.5427769523327006
OPE,2018-09-21 11:00:00,-6.544249809144347,4.471936548349548,0.006493966053215408,3.073679835959883,-0.0008994245694165583,0.028869654547673415,-12.609268516738645,-1.5427769523327006
OPE,2018-09-22 11:00:00,-6.544249809144347,4.471936548349548,0.006493966053215408,3.073679835959883,-0.0008994245694165583,0.028869654547673415,-12.609268516738645,-1.5427769523327006
OPE,2018-09-23 11:00:00,-6.544249809144347,4.471936548349548,0.006493966053215408,3.073679835959883,-0.0008994245694165583,0.028869654547673415,-12.609268516738645,-1.5427769523327006
OPE,2018-09-24 11:00:00,-6.544249809144347,4.471936548349548,0.006493966053215408,3.073679835959883,-0.0008994245694165583,0.028869654547673415,-12.609268516738645,-1.5427769523327006
OPE,2018-09-24 11:00:00,-3.3751837010838255,4.361705179038979,0.007814521947098136,2.5179454205581298,-0.00016196239569445675,0.002914792766750213,-8.521272688155454,-1.7603230902986835
OPE,2018-09-25 11:00:00,-3.3751837010838255,4.361705179038979,0.007814521947098136,2.5179454205581298,-0.00016196239569445675,0.002914792766750213,-8.521272688155454,-1.7603230902986835
OPE,2018-09-26 11:00:00,-3.3751837010838255,4.361705179038979,0.007814521947098136,2.5179454205581298,-0.00016196239569445675,0.002914792766750213,-8.521272688155454,-1.7603230902986835
OPE,2018-09-27 11:00:00,-3.3751837010838255,4.361705179038979,0.007814521947098136,2.5179454205581298,-0.00016196239569445675,0.002914792766750213,-8.521272688155454,-1.7603230902986835
OPE,2018-09-28 11:00:00,-3.3751837010838255,4.361705179038979,0.007814521947098136,2.5179454205581298,-0.00016196239569445675,0.002914792766750213,-8.521272688155454,-1.7603230902986835
OPE,2018-09-29 11:00:00,-3.3751837010838255,4.361705179038979,0.007814521947098136,2.5179454205581298,-0.00016196239569445675,0.002914792766750213,-8.521272688155454,-1.7603230902986835
OPE,2018-09-30 11:00:00,-3.3751837010838255,4.361705179038979,0.007814521947098136,2.5179454205581298,-0.00016196239569445675,0.002914792766750213,-8.521272688155454,-1.7603230902986835
OPE,2018-10-01 11:00:00,-3.3751837010838255,4.361705179038979,0.007814521947098136,2.5179454205581298,-0.00016196239569445675,0.002914792766750213,-8.521272688155454,-1.7603230902986835
OPE,2018-10-02 11:00:00,-3.3751837010838255,4.361705179038979,0.007814521947098136,2.5179454205581298,-0.00016196239569445675,0.002914792766750213,-8.521272688155454,-1.7603230902986835
OPE,2018-10-03 11:00:00,-3.3751837010838255,4.361705179038979,0.007814521947098136,2.5179454205581298,-0.00016196239569445675,0.002914792766750213,-8.521272688155454,-1.7603230902986835
OPE,2018-10-04 11:00:00,-3.3751837010838255,4.361705179038979,0.007814521947098136,2.5179454205581298,-0.00016196239569445675,0.002914792766750213,-8.521272688155454,-1.7603230902986835
OPE,2018-10-05 11:00:00,-3.3751837010838255,4.361705179038979,0.007814521947098136,2.5179454205581298,-0.00016196239569445675,0.002914792766750213,-8.521272688155454,-1.7603230902986835
OPE,2018-10-06 11:00:00,-3.3751837010838255,4.361705179038979,0.007814521947098136,2.5179454205581298,-0.00016196239569445675,0.002914792766750213,-8.521272688155454,-1.7603230902986835
OPE,2018-10-07 11:00:00,-3.3751837010838255,4.361705179038979,0.007814521947098136,2.5179454205581298,-0.00016196239569445675,0.002914792766750213,-8.521272688155454,-1.7603230902986835
OPE,2018-10-08 11:00:00,-3.3751837010838255,4.361705179038979,0.007814521947098136,2.5179454205581298,-0.00016196239569445675,0.002914792766750213,-8.521272688155454,-1.7603230902986835
OPE,2018-10-08 11:00:00,-6.8775905815099065,3.575369269060055,0.004782773924061099,2.104410768449443,-0.0005624904059437579,0.013592328826090303,-9.686808657161986,-2.9260452357019653
OPE,2018-10-09 11:00:00,-6.8775905815099065,3.575369269060055,0.004782773924061099,2.104410768449443,-0.0005624904059437579,0.013592328826090303,-9.686808657161986,-2.9260452357019653
OPE,2018-10-10 11:00:00,-6.8775905815099065,3.575369269060055,0.004782773924061099,2.104410768449443,-0.0005624904059437579,0.013592328826090303,-9.686808657161986,-2.9260452357019653
OPE,2018-10-11 11:00:00,-6.8775905815099065,3.575369269060055,0.004782773924061099,2.104410768449443,-0.0005624904059437579,0.013592328826090303,-9.686808657161986,-2.9260452357019653
OPE,2018-10-12 11:00:00,-6.8775905815099065,3.575369269060055,0.004782773924061099,2.104410768449443,-0.0005624904059437579,0.013592328826090303,-9.686808657161986,-2.9260452357019653
OPE,2018-10-13 11:00:00,-6.8775905815099065,3.575369269060055,0.004782773924061099,2.104410768449443,-0.0005624904059437579,0.013592328826090303,-9.686808657161986,-2.9260452357019653
OPE,2018-10-14 11:00:00,-6.8775905815099065,3.575369269060055,0.004782773924061099,2.104410768449443,-0.0005624904059437579,0.013592328826090303,-9.686808657161986,-2.9260452357019653
OPE,2018-10-15 11:00:00,-6.8775905815099065,3.575369269060055,0.004782773924061099,2.104410768449443,-0.0005624904059437579,0.013592328826090303,-9.686808657161986,-2.9260452357019653
OPE,2018-10-16 11:00:00,-6.8775905815099065,3.575369269060055,0.004782773924061099,2.104410768449443,-0.0005624904059437579,0.013592328826090303,-9.686808657161986,-2.9260452357019653
OPE,2018-10-17 11:00:00,-6.8775905815099065,3.575369269060055,0.004782773924061099,2.104410768449443,-0.0005624904059437579,0.013592328826090303,-9.686808657161986,-2.9260452357019653
OPE,2018-10-18 11:00:00,-6.8775905815099065,3.575369269060055,0.004782773924061099,2.104410768449443,-0.0005624904059437579,0.013592328826090303,-9.686808657161986,-2.9260452357019653
OPE,2018-10-19 11:00:00,-6.8775905815099065,3.575369269060055,0.004782773924061099,2.104410768449443,-0.0005624904059437579,0.013592328826090303,-9.686808657161986,-2.9260452357019653
OPE,2018-10-20 11:00:00,-6.8775905815099065,3.575369269060055,0.004782773924061099,2.104410768449443,-0.0005624904059437579,0.013592328826090303,-9.686808657161986,-2.9260452357019653
OPE,2018-10-21 11:00:00,-6.8775905815099065,3.575369269060055,0.004782773924061099,2.104410768449443,-0.0005624904059437579,0.013592328826090303,-9.686808657161986,-2.9260452357019653
OPE,2018-10-22 11:00:00,-6.8775905815099065,3.575369269060055,0.004782773924061099,2.104410768449443,-0.0005624904059437579,0.013592328826090303,-9.686808657161986,-2.9260452357019653
OPE,2018-10-22 11:00:00,-15.46635817129032,6.174978499627213,0.0023200478450454303,2.9293041865098246,1.3343927739989863e-05,-0.025045258511630943,-21.349262520060044,-3.249078612383329
OPE,2018-10-23 11:00:00,-15.46635817129032,6.174978499627213,0.0023200478450454303,2.9293041865098246,1.3343927739989863e-05,-0.025045258511630943,-21.349262520060044,-3.249078612383329
OPE,2018-10-24 11:00:00,-15.46635817129032,6.174978499627213,0.0023200478450454303,2.9293041865098246,1.3343927739989863e-05,-0.025045258511630943,-21.349262520060044,-3.249078612383329
OPE,2018-10-25 11:00:00,-15.46635817129032,6.174978499627213,0.0023200478450454303,2.9293041865098246,1.3343927739989863e-05,-0.025045258511630943,-21.349262520060044,-3.249078612383329
OPE,2018-10-26 11:00:00,-15.46635817129032,6.174978499627213,0.0023200478450454303,2.9293041865098246,1.3343927739989863e-05,-0.025045258511630943,-21.349262520060044,-3.249078612383329
OPE,2018-10-27 11:00:00,-15.46635817129032,6.174978499627213,0.0023200478450454303,2.9293041865098246,1.3343927739989863e-05,-0.025045258511630943,-21.349262520060044,-3.249078612383329
OPE,2018-10-28 11:00:00,-15.46635817129032,6.174978499627213,0.0023200478450454303,2.9293041865098246,1.3343927739989863e-05,-0.025045258511630943,-21.349262520060044,-3.249078612383329
OPE,2018-10-29 11:00:00,-15.46635817129032,6.174978499627213,0.0023200478450454303,2.9293041865098246,1.3343927739989863e-05,-0.025045258511630943,-21.349262520060044,-3.249078612383329
OPE,2018-10-30 11:00:00,-15.46635817129032,6.174978499627213,0.0023200478450454303,2.9293041865098246,1.3343927739989863e-05,-0.025045258511630943,-21.349262520060044,-3.249078612383329
OPE,2018-10-31 11:00:00,-15.46635817129032,6.174978499627213,0.0023200478450454303,2.9293041865098246,1.3343927739989863e-05,-0.025045258511630943,-21.349262520060044,-3.249078612383329
OPE,2018-11-01 11:00:00,-15.46635817129032,6.174978499627213,0.0023200478450454303,2.9293041865098246,1.3343927739989863e-05,-0.025045258511630943,-21.349262520060044,-3.249078612383329
OPE,2018-11-02 11:00:00,-15.46635817129032,6.174978499627213,0.0023200478450454303,2.9293041865098246,1.3343927739989863e-05,-0.025045258511630943,-21.349262520060044,-3.249078612383329
OPE,2018-11-03 11:00:00,-15.46635817129032,6.174978499627213,0.0023200478450454303,2.9293041865098246,1.3343927739989863e-05,-0.025045258511630943,-21.349262520060044,-3.249078612383329
OPE,2018-11-04 11:00:00,-15.46635817129032,6.174978499627213,0.0023200478450454303,2.9293041865098246,1.3343927739989863e-05,-0.025045258511630943,-21.349262520060044,-3.249078612383329
OPE,2018-11-05 11:00:00,-15.46635817129032,6.174978499627213,0.0023200478450454303,2.9293041865098246,1.3343927739989863e-05,-0.025045258511630943,-21.349262520060044,-3.249078612383329
OPE,2018-11-05 11:00:00,-11.699617493156621,6.393336925493001,0.007984864313203792,1.509980034836508,-0.0006574707725105387,0.03686734259870861,-15.33010523232531,-4.423341792798303
OPE,2018-11-06 11:00:00,-11.699617493156621,6.393336925493001,0.007984864313203792,1.509980034836508,-0.0006574707725105387,0.03686734259870861,-15.33010523232531,-4.423341792798303
OPE,2018-11-07 11:00:00,-11.699617493156621,6.393336925493001,0.007984864313203792,1.509980034836508,-0.0006574707725105387,0.03686734259870861,-15.33010523232531,-4.423341792798303
OPE,2018-11-08 11:00:00,-11.699617493156621,6.393336925493001,0.007984864313203792,1.509980034836508,-0.0006574707725105387,0.03686734259870861,-15.33010523232531,-4.423341792798303
OPE,2018-11-09 11:00:00,-11.699617493156621,6.393336925493001,0.007984864313203792,1.509980034836508,-0.0006574707725105387,0.03686734259870861,-15.33010523232531,-4.423341792798303
OPE,2018-11-10 11:00:00,-11.699617493156621,6.393336925493001,0.007984864313203792,1.509980034836508,-0.0006574707725105387,0.03686734259870861,-15.33010523232531,-4.423341792798303
OPE,2018-11-11 11:00:00,-11.699617493156621,6.393336925493001,0.007984864313203792,1.509980034836508,-0.0006574707725105387,0.03686734259870861,-15.33010523232531,-4.423341792798303
OPE,2018-11-12 11:00:00,-11.699617493156621,6.393336925493001,0.007984864313203792,1.509980034836508,-0.0006574707725105387,0.03686734259870861,-15.33010523232531,-4.423341792798303
OPE,2018-11-13 11:00:00,-11.699617493156621,6.393336925493001,0.007984864313203792,1.509980034836508,-0.0006574707725105387,0.03686734259870861,-15.33010523232531,-4.423341792798303
OPE,2018-11-14 11:00:00,-11.699617493156621,6.393336925493001,0.007984864313203792,1.509980034836508,-0.0006574707725105387,0.03686734259870861,-15.33010523232531,-4.423341792798303
OPE,2018-11-15 11:00:00,-11.699617493156621,6.393336925493001,0.007984864313203792,1.509980034836508,-0.0006574707725105387,0.03686734259870861,-15.33010523232531,-4.423341792798303
OPE,2018-11-16 11:00:00,-11.699617493156621,6.393336925493001,0.007984864313203792,1.509980034836508,-0.0006574707725105387,0.03686734259870861,-15.33010523232531,-4.423341792798303
OPE,2018-11-17 11:00:00,-11.699617493156621,6.393336925493001,0.007984864313203792,1.509980034836508,-0.0006574707725105387,0.03686734259870861,-15.33010523232531,-4.423341792798303
OPE,2018-11-18 11:00:00,-11.699617493156621,6.393336925493001,0.007984864313203792,1.509980034836508,-0.0006574707725105387,0.03686734259870861,-15.33010523232531,-4.423341792798303
OPE,2018-11-19 11:00:00,-11.699617493156621,6.393336925493001,0.007984864313203792,1.509980034836508,-0.0006574707725105387,0.03686734259870861,-15.33010523232531,-4.423341792798303
OPE,2018-11-19 11:00:00,-11.1133783470505,2.1225649634490615,0.010391875946608764,0.4549186311460181,-0.0004125231485170846,0.025212044775603158,-8.426508806688611,-5.378981125948742
OPE,2018-11-20 11:00:00,-11.1133783470505,2.1225649634490615,0.010391875946608764,0.4549186311460181,-0.0004125231485170846,0.025212044775603158,-8.426508806688611,-5.378981125948742
OPE,2018-11-21 11:00:00,-11.1133783470505,2.1225649634490615,0.010391875946608764,0.4549186311460181,-0.0004125231485170846,0.025212044775603158,-8.426508806688611,-5.378981125948742
OPE,2018-11-22 11:00:00,-11.1133783470505,2.1225649634490615,0.010391875946608764,0.4549186311460181,-0.0004125231485170846,0.025212044775603158,-8.426508806688611,-5.378981125948742
OPE,2018-11-23 11:00:00,-11.1133783470505,2.1225649634490615,0.010391875946608764,0.4549186311460181,-0.0004125231485170846,0.025212044775603158,-8.426508806688611,-5.378981125948742
OPE,2018-11-24 11:00:00,-11.1133783470505,2.1225649634490615,0.010391875946608764,0.4549186311460181,-0.0004125231485170846,0.025212044775603158,-8.426508806688611,-5.378981125948742
OPE,2018-11-25 11:00:00,-11.1133783470505,2.1225649634490615,0.010391875946608764,0.4549186311460181,-0.0004125231485170846,0.025212044775603158,-8.426508806688611,-5.378981125948742
OPE,2018-11-26 11:00:00,-11.1133783470505,2.1225649634490615,0.010391875946608764,0.4549186311460181,-0.0004125231485170846,0.025212044775603158,-8.426508806688611,-5.378981125948742
OPE,2018-11-27 11:00:00,-11.1133783470505,2.1225649634490615,0.010391875946608764,0.4549186311460181,-0.0004125231485170846,0.025212044775603158,-8.426508806688611,-5.378981125948742
OPE,2018-11-28 11:00:00,-11.1133783470505,2.1225649634490615,0.010391875946608764,0.4549186311460181,-0.0004125231485170846,0.025212044775603158,-8.426508806688611,-5.378981125948742
OPE,2018-11-29 11:00:00,-11.1133783470505,2.1225649634490615,0.010391875946608764,0.4549186311460181,-0.0004125231485170846,0.025212044775603158,-8.426508806688611,-5.378981125948742
OPE,2018-11-30 11:00:00,-11.1133783470505,2.1225649634490615,0.010391875946608764,0.4549186311460181,-0.0004125231485170846,0.025212044775603158,-8.426508806688611,-5.378981125948742
OPE,2018-12-01 11:00:00,-11.1133783470505,2.1225649634490615,0.010391875946608764,0.4549186311460181,-0.0004125231485170846,0.025212044775603158,-8.426508806688611,-5.378981125948742
OPE,2018-12-02 11:00:00,-11.1133783470505,2.1225649634490615,0.010391875946608764,0.4549186311460181,-0.0004125231485170846,0.025212044775603158,-8.426508806688611,-5.378981125948742
OPE,2018-12-03 11:00:00,-11.1133783470505,2.1225649634490615,0.010391875946608764,0.4549186311460181,-0.0004125231485170846,0.025212044775603158,-8.426508806688611,-5.378981125948742
OPE,2018-12-03 11:00:00,-19.03318254485254,3.1176447975475092,0.016464161135718244,0.7804381315921891,-0.0005158411524974728,0.0622372327657995,-16.892295571797376,-6.325903965706132
OPE,2018-12-04 11:00:00,-19.03318254485254,3.1176447975475092,0.016464161135718244,0.7804381315921891,-0.0005158411524974728,0.0622372327657995,-16.892295571797376,-6.325903965706132
OPE,2018-12-05 11:00:00,-19.03318254485254,3.1176447975475092,0.016464161135718244,0.7804381315921891,-0.0005158411524974728,0.0622372327657995,-16.892295571797376,-6.325903965706132
OPE,2018-12-06 11:00:00,-19.03318254485254,3.1176447975475092,0.016464161135718244,0.7804381315921891,-0.0005158411524974728,0.0622372327657995,-16.892295571797376,-6.325903965706132
OPE,2018-12-07 11:00:00,-19.03318254485254,3.1176447975475092,0.016464161135718244,0.7804381315921891,-0.0005158411524974728,0.0622372327657995,-16.892295571797376,-6.325903965706132
OPE,2018-12-08 11:00:00,-19.03318254485254,3.1176447975475092,0.016464161135718244,0.7804381315921891,-0.0005158411524974728,0.0622372327657995,-16.892295571797376,-6.325903965706132
OPE,2018-12-09 11:00:00,-19.03318254485254,3.1176447975475092,0.016464161135718244,0.7804381315921891,-0.0005158411524974728,0.0622372327657995,-16.892295571797376,-6.325903965706132
OPE,2018-12-10 11:00:00,-19.03318254485254,3.1176447975475092,0.016464161135718244,0.7804381315921891,-0.0005158411524974728,0.0622372327657995,-16.892295571797376,-6.325903965706132
OPE,2018-12-11 11:00:00,-19.03318254485254,3.1176447975475092,0.016464161135718244,0.7804381315921891,-0.0005158411524974728,0.0622372327657995,-16.892295571797376,-6.325903965706132
OPE,2018-12-12 11:00:00,-19.03318254485254,3.1176447975475092,0.016464161135718244,0.7804381315921891,-0.0005158411524974728,0.0622372327657995,-16.892295571797376,-6.325903965706132
OPE,2018-12-13 11:00:00,-19.03318254485254,3.1176447975475092,0.016464161135718244,0.7804381315921891,-0.0005158411524974728,0.0622372327657995,-16.892295571797376,-6.325903965706132
OPE,2018-12-14 11:00:00,-19.03318254485254,3.1176447975475092,0.016464161135718244,0.7804381315921891,-0.0005158411524974728,0.0622372327657995,-16.892295571797376,-6.325903965706132
OPE,2018-12-15 11:00:00,-19.03318254485254,3.1176447975475092,0.016464161135718244,0.7804381315921891,-0.0005158411524974728,0.0622372327657995,-16.892295571797376,-6.325903965706132
OPE,2018-12-16 11:00:00,-19.03318254485254,3.1176447975475092,0.016464161135718244,0.7804381315921891,-0.0005158411524974728,0.0622372327657995,-16.892295571797376,-6.325903965706132
OPE,2018-12-17 11:00:00,-19.03318254485254,3.1176447975475092,0.016464161135718244,0.7804381315921891,-0.0005158411524974728,0.0622372327657995,-16.892295571797376,-6.325903965706132
OPE,2018-12-17 11:00:00,-15.040000529187354,2.6409293995761463,0.017826798364105945,0.29347096090694,-0.0001660658438001949,0.010756561967148925,-11.497499995610527,-6.648410200947369
OPE,2018-12-18 11:00:00,-15.040000529187354,2.6409293995761463,0.017826798364105945,0.29347096090694,-0.0001660658438001949,0.010756561967148925,-11.497499995610527,-6.648410200947369
OPE,2018-12-19 11:00:00,-15.040000529187354,2.6409293995761463,0.017826798364105945,0.29347096090694,-0.0001660658438001949,0.010756561967148925,-11.497499995610527,-6.648410200947369
OPE,2018-12-20 11:00:00,-15.040000529187354,2.6409293995761463,0.017826798364105945,0.29347096090694,-0.0001660658438001949,0.010756561967148925,-11.497499995610527,-6.648410200947369
OPE,2018-12-21 11:00:00,-15.040000529187354,2.6409293995761463,0.017826798364105945,0.29347096090694,-0.0001660658438001949,0.010756561967148925,-11.497499995610527,-6.648410200947369
OPE,2018-12-22 11:00:00,-15.040000529187354,2.6409293995761463,0.017826798364105945,0.29347096090694,-0.0001660658438001949,0.010756561967148925,-11.497499995610527,-6.648410200947369
OPE,2018-12-23 11:00:00,-15.040000529187354,2.6409293995761463,0.017826798364105945,0.29347096090694,-0.0001660658438001949,0.010756561967148925,-11.497499995610527,-6.648410200947369
OPE,2018-12-24 11:00:00,-15.040000529187354,2.6409293995761463,0.017826798364105945,0.29347096090694,-0.0001660658438001949,0.010756561967148925,-11.497499995610527,-6.648410200947369
OPE,2018-12-25 11:00:00,-15.040000529187354,2.6409293995761463,0.017826798364105945,0.29347096090694,-0.0001660658438001949,0.010756561967148925,-11.497499995610527,-6.648410200947369
OPE,2018-12-26 11:00:00,-15.040000529187354,2.6409293995761463,0.017826798364105945,0.29347096090694,-0.0001660658438001949,0.010756561967148925,-11.497499995610527,-6.648410200947369
OPE,2018-12-27 11:00:00,-15.040000529187354,2.6409293995761463,0.017826798364105945,0.29347096090694,-0.0001660658438001949,0.010756561967148925,-11.497499995610527,-6.648410200947369
OPE,2018-12-28 11:00:00,-15.040000529187354,2.6409293995761463,0.017826798364105945,0.29347096090694,-0.0001660658438001949,0.010756561967148925,-11.497499995610527,-6.648410200947369
OPE,2018-12-29 11:00:00,-15.040000529187354,2.6409293995761463,0.017826798364105945,0.29347096090694,-0.0001660658438001949,0.010756561967148925,-11.497499995610527,-6.648410200947369
OPE,2018-12-30 11:00:00,-15.040000529187354,2.6409293995761463,0.017826798364105945,0.29347096090694,-0.0001660658438001949,0.010756561967148925,-11.497499995610527,-6.648410200947369
OPE,2018-12-31 11:00:00,-15.040000529187354,2.6409293995761463,0.017826798364105945,0.29347096090694,-0.0001660658438001949,0.010756561967148925,-11.497499995610527,-6.648410200947369
OPE,2018-12-31 11:00:00,-11.523611251422132,6.818343725917894,0.027604598569701665,0.3954724868106473,-0.00016351898172688664,0.01211826582613842,-11.998921383340514,-6.940361579855636
OPE,2019-01-01 11:00:00,-11.523611251422132,6.818343725917894,0.027604598569701665,0.3954724868106473,-0.00016351898172688664,0.01211826582613842,-11.998921383340514,-6.940361579855636
OPE,2019-01-02 11:00:00,-11.523611251422132,6.818343725917894,0.027604598569701665,0.3954724868106473,-0.00016351898172688664,0.01211826582613842,-11.998921383340514,-6.940361579855636
OPE,2019-01-03 11:00:00,-11.523611251422132,6.818343725917894,0.027604598569701665,0.3954724868106473,-0.00016351898172688664,0.01211826582613842,-11.998921383340514,-6.940361579855636
OPE,2019-01-04 11:00:00,-11.523611251422132,6.818343725917894,0.027604598569701665,0.3954724868106473,-0.00016351898172688664,0.01211826582613842,-11.998921383340514,-6.940361579855636
OPE,2019-01-05 11:00:00,-11.523611251422132,6.818343725917894,0.027604598569701665,0.3954724868106473,-0.00016351898172688664,0.01211826582613842,-11.998921383340514,-6.940361579855636
OPE,2019-01-06 11:00:00,-11.523611251422132,6.818343725917894,0.027604598569701665,0.3954724868106473,-0.00016351898172688664,0.01211826582613842,-11.998921383340514,-6.940361579855636
OPE,2019-01-07 11:00:00,-11.523611251422132,6.818343725917894,0.027604598569701665,0.3954724868106473,-0.00016351898172688664,0.01211826582613842,-11.998921383340514,-6.940361579855636
OPE,2019-01-08 11:00:00,-11.523611251422132,6.818343725917894,0.027604598569701665,0.3954724868106473,-0.00016351898172688664,0.01211826582613842,-11.998921383340514,-6.940361579855636
OPE,2019-01-09 11:00:00,-11.523611251422132,6.818343725917894,0.027604598569701665,0.3954724868106473,-0.00016351898172688664,0.01211826582613842,-11.998921383340514,-6.940361579855636
OPE,2019-01-10 11:00:00,-11.523611251422132,6.818343725917894,0.027604598569701665,0.3954724868106473,-0.00016351898172688664,0.01211826582613842,-11.998921383340514,-6.940361579855636
OPE,2019-01-11 11:00:00,-11.523611251422132,6.818343725917894,0.027604598569701665,0.3954724868106473,-0.00016351898172688664,0.01211826582613842,-11.998921383340514,-6.940361579855636
OPE,2019-01-12 11:00:00,-11.523611251422132,6.818343725917894,0.027604598569701665,0.3954724868106473,-0.00016351898172688664,0.01211826582613842,-11.998921383340514,-6.940361579855636
OPE,2019-01-13 11:00:00,-11.523611251422132,6.818343725917894,0.027604598569701665,0.3954724868106473,-0.00016351898172688664,0.01211826582613842,-11.998921383340514,-6.940361579855636
OPE,2019-01-14 11:00:00,-11.523611251422132,6.818343725917894,0.027604598569701665,0.3954724868106473,-0.00016351898172688664,0.01211826582613842,-11.998921383340514,-6.940361579855636
PAL,2018-01-01 11:00:00,-0.6707446906324177,0.4504400648455498,0.0016088055921669835,0.31555181231917095,-0.002135147363999534,0.02194062557319062,-1.543235838949431,0.0854184927515651
PAL,2018-01-02 11:00:00,-0.6707446906324177,0.4504400648455498,0.0016088055921669835,0.31555181231917095,-0.002135147363999534,0.02194062557319062,-1.543235838949431,0.0854184927515651
PAL,2018-01-03 11:00:00,-0.6707446906324177,0.4504400648455498,0.0016088055921669835,0.31555181231917095,-0.002135147363999534,0.02194062557319062,-1.543235838949431,0.0854184927515651
PAL,2018-01-04 11:00:00,-0.6707446906324177,0.4504400648455498,0.0016088055921669835,0.31555181231917095,-0.002135147363999534,0.02194062557319062,-1.543235838949431,0.0854184927515651
PAL,2018-01-05 11:00:00,-0.6707446906324177,0.4504400648455498,0.0016088055921669835,0.31555181231917095,-0.002135147363999534,0.02194062557319062,-1.543235838949431,0.0854184927515651
PAL,2018-01-06 11:00:00,-0.6707446906324177,0.4504400648455498,0.0016088055921669835,0.31555181231917095,-0.002135147363999534,0.02194062557319062,-1.543235838949431,0.0854184927515651
PAL,2018-01-07 11:00:00,-0.6707446906324177,0.4504400648455498,0.0016088055921669835,0.31555181231917095,-0.002135147363999534,0.02194062557319062,-1.543235838949431,0.0854184927515651
PAL,2018-01-08 11:00:00,-0.6707446906324177,0.4504400648455498,0.0016088055921669835,0.31555181231917095,-0.002135147363999534,0.02194062557319062,-1.543235838949431,0.0854184927515651
PAL,2018-01-09 11:00:00,-0.6707446906324177,0.4504400648455498,0.0016088055921669835,0.31555181231917095,-0.002135147363999534,0.02194062557319062,-1.543235838949431,0.0854184927515651
PAL,2018-01-10 11:00:00,-0.6707446906324177,0.4504400648455498,0.0016088055921669835,0.31555181231917095,-0.002135147363999534,0.02194062557319062,-1.543235838949431,0.0854184927515651
PAL,2018-01-11 11:00:00,-0.6707446906324177,0.4504400648455498,0.0016088055921669835,0.31555181231917095,-0.002135147363999534,0.02194062557319062,-1.543235838949431,0.0854184927515651
PAL,2018-01-12 11:00:00,-0.6707446906324177,0.4504400648455498,0.0016088055921669835,0.31555181231917095,-0.002135147363999534,0.02194062557319062,-1.543235838949431,0.0854184927515651
PAL,2018-01-13 11:00:00,-0.6707446906324177,0.4504400648455498,0.0016088055921669835,0.31555181231917095,-0.002135147363999534,0.02194062557319062,-1.543235838949431,0.0854184927515651
PAL,2018-01-14 11:00:00,-0.6707446906324177,0.4504400648455498,0.0016088055921669835,0.31555181231917095,-0.002135147363999534,0.02194062557319062,-1.543235838949431,0.0854184927515651
PAL,2018-01-15 11:00:00,-0.6707446906324177,0.4504400648455498,0.0016088055921669835,0.31555181231917095,-0.002135147363999534,0.02194062557319062,-1.543235838949431,0.0854184927515651
PAL,2018-01-15 11:00:00,-2.4926482929006903,1.0880878145254989,0.0007648022087608555,0.3031522461035764,-0.0013437207983005481,0.01493305622460971,-1.9786362567840854,-1.9269945606479024
PAL,2018-01-16 11:00:00,-2.4926482929006903,1.0880878145254989,0.0007648022087608555,0.3031522461035764,-0.0013437207983005481,0.01493305622460971,-1.9786362567840854,-1.9269945606479024
PAL,2018-01-17 11:00:00,-2.4926482929006903,1.0880878145254989,0.0007648022087608555,0.3031522461035764,-0.0013437207983005481,0.01493305622460971,-1.9786362567840854,-1.9269945606479024
PAL,2018-01-18 11:00:00,-2.4926482929006903,1.0880878145254989,0.0007648022087608555,0.3031522461035764,-0.0013437207983005481,0.01493305622460971,-1.9786362567840854,-1.9269945606479024
PAL,2018-01-19 11:00:00,-2.4926482929006903,1.0880878145254989,0.0007648022087608555,0.3031522461035764,-0.0013437207983005481,0.01493305622460971,-1.9786362567840854,-1.9269945606479024
PAL,2018-01-20 11:00:00,-2.4926482929006903,1.0880878145254989,0.0007648022087608555,0.3031522461035764,-0.0013437207983005481,0.01493305622460971,-1.9786362567840854,-1.9269945606479024
PAL,2018-01-21 11:00:00,-2.4926482929006903,1.0880878145254989,0.0007648022087608555,0.3031522461035764,-0.0013437207983005481,0.01493305622460971,-1.9786362567840854,-1.9269945606479024
PAL,2018-01-22 11:00:00,-2.4926482929006903,1.0880878145254989,0.0007648022087608555,0.3031522461035764,-0.0013437207983005481,0.01493305622460971,-1.9786362567840854,-1.9269945606479024
PAL,2018-01-23 11:00:00,-2.4926482929006903,1.0880878145254989,0.0007648022087608555,0.3031522461035764,-0.0013437207983005481,0.01493305622460971,-1.9786362567840854,-1.9269945606479024
PAL,2018-01-24 11:00:00,-2.4926482929006903,1.0880878145254989,0.0007648022087608555,0.3031522461035764,-0.0013437207983005481,0.01493305622460971,-1.9786362567840854,-1.9269945606479024
PAL,2018-01-25 11:00:00,-2.4926482929006903,1.0880878145254989,0.0007648022087608555,0.3031522461035764,-0.0013437207983005481,0.01493305622460971,-1.9786362567840854,-1.9269945606479024
PAL,2018-01-26 11:00:00,-2.4926482929006903,1.0880878145254989,0.0007648022087608555,0.3031522461035764,-0.0013437207983005481,0.01493305622460971,-1.9786362567840854,-1.9269945606479024
PAL,2018-01-27 11:00:00,-2.4926482929006903,1.0880878145254989,0.0007648022087608555,0.3031522461035764,-0.0013437207983005481,0.01493305622460971,-1.9786362567840854,-1.9269945606479024
PAL,2018-01-28 11:00:00,-2.4926482929006903,1.0880878145254989,0.0007648022087608555,0.3031522461035764,-0.0013437207983005481,0.01493305622460971,-1.9786362567840854,-1.9269945606479024
PAL,2018-01-29 11:00:00,-2.4926482929006903,1.0880878145254989,0.0007648022087608555,0.3031522461035764,-0.0013437207983005481,0.01493305622460971,-1.9786362567840854,-1.9269945606479024
PAL,2018-01-29 11:00:00,-3.617057158614078,1.1159434260742376,0.00044717948101870487,0.42864893895561323,-0.0003821831527008866,0.01784209324297922,-2.222499864052534,-2.971178527813323
PAL,2018-01-30 11:00:00,-3.617057158614078,1.1159434260742376,0.00044717948101870487,0.42864893895561323,-0.0003821831527008866,0.01784209324297922,-2.222499864052534,-2.971178527813323
PAL,2018-01-31 11:00:00,-3.617057158614078,1.1159434260742376,0.00044717948101870487,0.42864893895561323,-0.0003821831527008866,0.01784209324297922,-2.222499864052534,-2.971178527813323
PAL,2018-02-01 11:00:00,-3.617057158614078,1.1159434260742376,0.00044717948101870487,0.42864893895561323,-0.0003821831527008866,0.01784209324297922,-2.222499864052534,-2.971178527813323
PAL,2018-02-02 11:00:00,-3.617057158614078,1.1159434260742376,0.00044717948101870487,0.42864893895561323,-0.0003821831527008866,0.01784209324297922,-2.222499864052534,-2.971178527813323
PAL,2018-02-03 11:00:00,-3.617057158614078,1.1159434260742376,0.00044717948101870487,0.42864893895561323,-0.0003821831527008866,0.01784209324297922,-2.222499864052534,-2.971178527813323
PAL,2018-02-04 11:00:00,-3.617057158614078,1.1159434260742376,0.00044717948101870487,0.42864893895561323,-0.0003821831527008866,0.01784209324297922,-2.222499864052534,-2.971178527813323
PAL,2018-02-05 11:00:00,-3.617057158614078,1.1159434260742376,0.00044717948101870487,0.42864893895561323,-0.0003821831527008866,0.01784209324297922,-2.222499864052534,-2.971178527813323
PAL,2018-02-06 11:00:00,-3.617057158614078,1.1159434260742376,0.00044717948101870487,0.42864893895561323,-0.0003821831527008866,0.01784209324297922,-2.222499864052534,-2.971178527813323
PAL,2018-02-07 11:00:00,-3.617057158614078,1.1159434260742376,0.00044717948101870487,0.42864893895561323,-0.0003821831527008866,0.01784209324297922,-2.222499864052534,-2.971178527813323
PAL,2018-02-08 11:00:00,-3.617057158614078,1.1159434260742376,0.00044717948101870487,0.42864893895561323,-0.0003821831527008866,0.01784209324297922,-2.222499864052534,-2.971178527813323
PAL,2018-02-09 11:00:00,-3.617057158614078,1.1159434260742376,0.00044717948101870487,0.42864893895561323,-0.0003821831527008866,0.01784209324297922,-2.222499864052534,-2.971178527813323
PAL,2018-02-10 11:00:00,-3.617057158614078,1.1159434260742376,0.00044717948101870487,0.42864893895561323,-0.0003821831527008866,0.01784209324297922,-2.222499864052534,-2.971178527813323
PAL,2018-02-11 11:00:00,-3.617057158614078,1.1159434260742376,0.00044717948101870487,0.42864893895561323,-0.0003821831527008866,0.01784209324297922,-2.222499864052534,-2.971178527813323
PAL,2018-02-12 11:00:00,-3.617057158614078,1.1159434260742376,0.00044717948101870487,0.42864893895561323,-0.0003821831527008866,0.01784209324297922,-2.222499864052534,-2.971178527813323
PAL,2018-02-12 11:00:00,-1.7013926280293101,1.0359677071814568,0.0004619044899586141,0.5387491006379685,-0.00012381083951714197,0.011867679806235204,-1.9540644053565925,-1.3391279111279069
PAL,2018-02-13 11:00:00,-1.7013926280293101,1.0359677071814568,0.0004619044899586141,0.5387491006379685,-0.00012381083951714197,0.011867679806235204,-1.9540644053565925,-1.3391279111279069
PAL,2018-02-14 11:00:00,-1.7013926280293101,1.0359677071814568,0.0004619044899586141,0.5387491006379685,-0.00012381083951714197,0.011867679806235204,-1.9540644053565925,-1.3391279111279069
PAL,2018-02-15 11:00:00,-1.7013926280293101,1.0359677071814568,0.0004619044899586141,0.5387491006379685,-0.00012381083951714197,0.011867679806235204,-1.9540644053565925,-1.3391279111279069
PAL,2018-02-16 11:00:00,-1.7013926280293101,1.0359677071814568,0.0004619044899586141,0.5387491006379685,-0.00012381083951714197,0.011867679806235204,-1.9540644053565925,-1.3391279111279069
PAL,2018-02-17 11:00:00,-1.7013926280293101,1.0359677071814568,0.0004619044899586141,0.5387491006379685,-0.00012381083951714197,0.011867679806235204,-1.9540644053565925,-1.3391279111279069
PAL,2018-02-18 11:00:00,-1.7013926280293101,1.0359677071814568,0.0004619044899586141,0.5387491006379685,-0.00012381083951714197,0.011867679806235204,-1.9540644053565925,-1.3391279111279069
PAL,2018-02-19 11:00:00,-1.7013926280293101,1.0359677071814568,0.0004619044899586141,0.5387491006379685,-0.00012381083951714197,0.011867679806235204,-1.9540644053565925,-1.3391279111279069
PAL,2018-02-20 11:00:00,-1.7013926280293101,1.0359677071814568,0.0004619044899586141,0.5387491006379685,-0.00012381083951714197,0.011867679806235204,-1.9540644053565925,-1.3391279111279069
PAL,2018-02-21 11:00:00,-1.7013926280293101,1.0359677071814568,0.0004619044899586141,0.5387491006379685,-0.00012381083951714197,0.011867679806235204,-1.9540644053565925,-1.3391279111279069
PAL,2018-02-22 11:00:00,-1.7013926280293101,1.0359677071814568,0.0004619044899586141,0.5387491006379685,-0.00012381083951714197,0.011867679806235204,-1.9540644053565925,-1.3391279111279069
PAL,2018-02-23 11:00:00,-1.7013926280293101,1.0359677071814568,0.0004619044899586141,0.5387491006379685,-0.00012381083951714197,0.011867679806235204,-1.9540644053565925,-1.3391279111279069
PAL,2018-02-24 11:00:00,-1.7013926280293101,1.0359677071814568,0.0004619044899586141,0.5387491006379685,-0.00012381083951714197,0.011867679806235204,-1.9540644053565925,-1.3391279111279069
PAL,2018-02-25 11:00:00,-1.7013926280293101,1.0359677071814568,0.0004619044899586141,0.5387491006379685,-0.00012381083951714197,0.011867679806235204,-1.9540644053565925,-1.3391279111279069
PAL,2018-02-26 11:00:00,-1.7013926280293101,1.0359677071814568,0.0004619044899586141,0.5387491006379685,-0.00012381083951714197,0.011867679806235204,-1.9540644053565925,-1.3391279111279069
PAL,2018-02-26 11:00:00,-2.2078828923479437,2.0694137159100356,0.0008921279609991119,0.40150749068254654,-0.00037689266921603484,0.010275448497636328,-3.0829863223580403,-1.6138744871740924
PAL,2018-02-27 11:00:00,-2.2078828923479437,2.0694137159100356,0.0008921279609991119,0.40150749068254654,-0.00037689266921603484,0.010275448497636328,-3.0829863223580403,-1.6138744871740924
PAL,2018-02-28 11:00:00,-2.2078828923479437,2.0694137159100356,0.0008921279609991119,0.40150749068254654,-0.00037689266921603484,0.010275448497636328,-3.0829863223580403,-1.6138744871740924
PAL,2018-03-01 11:00:00,-2.2078828923479437,2.0694137159100356,0.0008921279609991119,0.40150749068254654,-0.00037689266921603484,0.010275448497636328,-3.0829863223580403,-1.6138744871740924
PAL,2018-03-02 11:00:00,-2.2078828923479437,2.0694137159100356,0.0008921279609991119,0.40150749068254654,-0.00037689266921603484,0.010275448497636328,-3.0829863223580403,-1.6138744871740924
PAL,2018-03-03 11:00:00,-2.2078828923479437,2.0694137159100356,0.0008921279609991119,0.40150749068254654,-0.00037689266921603484,0.010275448497636328,-3.0829863223580403,-1.6138744871740924
PAL,2018-03-04 11:00:00,-2.2078828923479437,2.0694137159100356,0.0008921279609991119,0.40150749068254654,-0.00037689266921603484,0.010275448497636328,-3.0829863223580403,-1.6138744871740924
PAL,2018-03-05 11:00:00,-2.2078828923479437,2.0694137159100356,0.0008921279609991119,0.40150749068254654,-0.00037689266921603484,0.010275448497636328,-3.0829863223580403,-1.6138744871740924
PAL,2018-03-06 11:00:00,-2.2078828923479437,2.0694137159100356,0.0008921279609991119,0.40150749068254654,-0.00037689266921603484,0.010275448497636328,-3.0829863223580403,-1.6138744871740924
PAL,2018-03-07 11:00:00,-2.2078828923479437,2.0694137159100356,0.0008921279609991119,0.40150749068254654,-0.00037689266921603484,0.010275448497636328,-3.0829863223580403,-1.6138744871740924
PAL,2018-03-08 11:00:00,-2.2078828923479437,2.0694137159100356,0.0008921279609991119,0.40150749068254654,-0.00037689266921603484,0.010275448497636328,-3.0829863223580403,-1.6138744871740924
PAL,2018-03-09 11:00:00,-2.2078828923479437,2.0694137159100356,0.0008921279609991119,0.40150749068254654,-0.00037689266921603484,0.010275448497636328,-3.0829863223580403,-1.6138744871740924
PAL,2018-03-10 11:00:00,-2.2078828923479437,2.0694137159100356,0.0008921279609991119,0.40150749068254654,-0.00037689266921603484,0.010275448497636328,-3.0829863223580403,-1.6138744871740924
PAL,2018-03-11 11:00:00,-2.2078828923479437,2.0694137159100356,0.0008921279609991119,0.40150749068254654,-0.00037689266921603484,0.010275448497636328,-3.0829863223580403,-1.6138744871740924
PAL,2018-03-12 11:00:00,-2.2078828923479437,2.0694137159100356,0.0008921279609991119,0.40150749068254654,-0.00037689266921603484,0.010275448497636328,-3.0829863223580403,-1.6138744871740924
PAL,2018-03-12 11:00:00,-1.821306240857708,0.3094583019620522,6.07613179900923e-05,0.37336815333911744,-0.0005801162072771886,0.002123465026656652,-0.6400109094776109,-1.8676283794991155
PAL,2018-03-13 11:00:00,-1.821306240857708,0.3094583019620522,6.07613179900923e-05,0.37336815333911744,-0.0005801162072771886,0.002123465026656652,-0.6400109094776109,-1.8676283794991155
PAL,2018-03-14 11:00:00,-1.821306240857708,0.3094583019620522,6.07613179900923e-05,0.37336815333911744,-0.0005801162072771886,0.002123465026656652,-0.6400109094776109,-1.8676283794991155
PAL,2018-03-15 11:00:00,-1.821306240857708,0.3094583019620522,6.07613179900923e-05,0.37336815333911744,-0.0005801162072771886,0.002123465026656652,-0.6400109094776109,-1.8676283794991155
PAL,2018-03-16 11:00:00,-1.821306240857708,0.3094583019620522,6.07613179900923e-05,0.37336815333911744,-0.0005801162072771886,0.002123465026656652,-0.6400109094776109,-1.8676283794991155
PAL,2018-03-17 11:00:00,-1.821306240857708,0.3094583019620522,6.07613179900923e-05,0.37336815333911744,-0.0005801162072771886,0.002123465026656652,-0.6400109094776109,-1.8676283794991155
PAL,2018-03-18 11:00:00,-1.821306240857708,0.3094583019620522,6.07613179900923e-05,0.37336815333911744,-0.0005801162072771886,0.002123465026656652,-0.6400109094776109,-1.8676283794991155
PAL,2018-03-19 11:00:00,-1.821306240857708,0.3094583019620522,6.07613179900923e-05,0.37336815333911744,-0.0005801162072771886,0.002123465026656652,-0.6400109094776109,-1.8676283794991155
PAL,2018-03-20 11:00:00,-1.821306240857708,0.3094583019620522,6.07613179900923e-05,0.37336815333911744,-0.0005801162072771886,0.002123465026656652,-0.6400109094776109,-1.8676283794991155
PAL,2018-03-21 11:00:00,-1.821306240857708,0.3094583019620522,6.07613179900923e-05,0.37336815333911744,-0.0005801162072771886,0.002123465026656652,-0.6400109094776109,-1.8676283794991155
PAL,2018-03-22 11:00:00,-1.821306240857708,0.3094583019620522,6.07613179900923e-05,0.37336815333911744,-0.0005801162072771886,0.002123465026656652,-0.6400109094776109,-1.8676283794991155
PAL,2018-03-23 11:00:00,-1.821306240857708,0.3094583019620522,6.07613179900923e-05,0.37336815333911744,-0.0005801162072771886,0.002123465026656652,-0.6400109094776109,-1.8676283794991155
PAL,2018-03-24 11:00:00,-1.821306240857708,0.3094583019620522,6.07613179900923e-05,0.37336815333911744,-0.0005801162072771886,0.002123465026656652,-0.6400109094776109,-1.8676283794991155
PAL,2018-03-25 11:00:00,-1.821306240857708,0.3094583019620522,6.07613179900923e-05,0.37336815333911744,-0.0005801162072771886,0.002123465026656652,-0.6400109094776109,-1.8676283794991155
PAL,2018-03-26 11:00:00,-1.821306240857708,0.3094583019620522,6.07613179900923e-05,0.37336815333911744,-0.0005801162072771886,0.002123465026656652,-0.6400109094776109,-1.8676283794991155
PAL,2018-03-26 11:00:00,-1.8951151640880777,0.12398446788071818,5.707132442785211e-05,0.216080891774016,-0.0005810879092684462,0.000951361335992937,-0.35636171995516286,-1.880090976185647
PAL,2018-03-27 11:00:00,-1.8951151640880777,0.12398446788071818,5.707132442785211e-05,0.216080891774016,-0.0005810879092684462,0.000951361335992937,-0.35636171995516286,-1.880090976185647
PAL,2018-03-28 11:00:00,-1.8951151640880777,0.12398446788071818,5.707132442785211e-05,0.216080891774016,-0.0005810879092684462,0.000951361335992937,-0.35636171995516286,-1.880090976185647
PAL,2018-03-29 11:00:00,-1.8951151640880777,0.12398446788071818,5.707132442785211e-05,0.216080891774016,-0.0005810879092684462,0.000951361335992937,-0.35636171995516286,-1.880090976185647
PAL,2018-03-30 11:00:00,-1.8951151640880777,0.12398446788071818,5.707132442785211e-05,0.216080891774016,-0.0005810879092684462,0.000951361335992937,-0.35636171995516286,-1.880090976185647
PAL,2018-03-31 11:00:00,-1.8951151640880777,0.12398446788071818,5.707132442785211e-05,0.216080891774016,-0.0005810879092684462,0.000951361335992937,-0.35636171995516286,-1.880090976185647
PAL,2018-04-01 11:00:00,-1.8951151640880777,0.12398446788071818,5.707132442785211e-05,0.216080891774016,-0.0005810879092684462,0.000951361335992937,-0.35636171995516286,-1.880090976185647
PAL,2018-04-02 11:00:00,-1.8951151640880777,0.12398446788071818,5.707132442785211e-05,0.216080891774016,-0.0005810879092684462,0.000951361335992937,-0.35636171995516286,-1.880090976185647
PAL,2018-04-03 11:00:00,-1.8951151640880777,0.12398446788071818,5.707132442785211e-05,0.216080891774016,-0.0005810879092684462,0.000951361335992937,-0.35636171995516286,-1.880090976185647
PAL,2018-04-04 11:00:00,-1.8951151640880777,0.12398446788071818,5.707132442785211e-05,0.216080891774016,-0.0005810879092684462,0.000951361335992937,-0.35636171995516286,-1.880090976185647
PAL,2018-04-05 11:00:00,-1.8951151640880777,0.12398446788071818,5.707132442785211e-05,0.216080891774016,-0.0005810879092684462,0.000951361335992937,-0.35636171995516286,-1.880090976185647
PAL,2018-04-06 11:00:00,-1.8951151640880777,0.12398446788071818,5.707132442785211e-05,0.216080891774016,-0.0005810879092684462,0.000951361335992937,-0.35636171995516286,-1.880090976185647
PAL,2018-04-07 11:00:00,-1.8951151640880777,0.12398446788071818,5.707132442785211e-05,0.216080891774016,-0.0005810879092684462,0.000951361335992937,-0.35636171995516286,-1.880090976185647
PAL,2018-04-08 11:00:00,-1.8951151640880777,0.12398446788071818,5.707132442785211e-05,0.216080891774016,-0.0005810879092684462,0.000951361335992937,-0.35636171995516286,-1.880090976185647
PAL,2018-04-09 11:00:00,-1.8951151640880777,0.12398446788071818,5.707132442785211e-05,0.216080891774016,-0.0005810879092684462,0.000951361335992937,-0.35636171995516286,-1.880090976185647
PAL,2018-04-09 11:00:00,-1.5644175740517818,0.346601403307352,4.489611135047523e-05,0.26235845801222496,-0.0008676950046779517,0.0010788976269530792,-0.4262200141780752,-1.748210566307805
PAL,2018-04-10 11:00:00,-1.5644175740517818,0.346601403307352,4.489611135047523e-05,0.26235845801222496,-0.0008676950046779517,0.0010788976269530792,-0.4262200141780752,-1.748210566307805
PAL,2018-04-11 11:00:00,-1.5644175740517818,0.346601403307352,4.489611135047523e-05,0.26235845801222496,-0.0008676950046779517,0.0010788976269530792,-0.4262200141780752,-1.748210566307805
PAL,2018-04-12 11:00:00,-1.5644175740517818,0.346601403307352,4.489611135047523e-05,0.26235845801222496,-0.0008676950046779517,0.0010788976269530792,-0.4262200141780752,-1.748210566307805
PAL,2018-04-13 11:00:00,-1.5644175740517818,0.346601403307352,4.489611135047523e-05,0.26235845801222496,-0.0008676950046779517,0.0010788976269530792,-0.4262200141780752,-1.748210566307805
PAL,2018-04-14 11:00:00,-1.5644175740517818,0.346601403307352,4.489611135047523e-05,0.26235845801222496,-0.0008676950046779517,0.0010788976269530792,-0.4262200141780752,-1.748210566307805
PAL,2018-04-15 11:00:00,-1.5644175740517818,0.346601403307352,4.489611135047523e-05,0.26235845801222496,-0.0008676950046779517,0.0010788976269530792,-0.4262200141780752,-1.748210566307805
PAL,2018-04-16 11:00:00,-1.5644175740517818,0.346601403307352,4.489611135047523e-05,0.26235845801222496,-0.0008676950046779517,0.0010788976269530792,-0.4262200141780752,-1.748210566307805
PAL,2018-04-17 11:00:00,-1.5644175740517818,0.346601403307352,4.489611135047523e-05,0.26235845801222496,-0.0008676950046779517,0.0010788976269530792,-0.4262200141780752,-1.748210566307805
PAL,2018-04-18 11:00:00,-1.5644175740517818,0.346601403307352,4.489611135047523e-05,0.26235845801222496,-0.0008676950046779517,0.0010788976269530792,-0.4262200141780752,-1.748210566307805
PAL,2018-04-19 11:00:00,-1.5644175740517818,0.346601403307352,4.489611135047523e-05,0.26235845801222496,-0.0008676950046779517,0.0010788976269530792,-0.4262200141780752,-1.748210566307805
PAL,2018-04-20 11:00:00,-1.5644175740517818,0.346601403307352,4.489611135047523e-05,0.26235845801222496,-0.0008676950046779517,0.0010788976269530792,-0.4262200141780752,-1.748210566307805
PAL,2018-04-21 11:00:00,-1.5644175740517818,0.346601403307352,4.489611135047523e-05,0.26235845801222496,-0.0008676950046779517,0.0010788976269530792,-0.4262200141780752,-1.748210566307805
PAL,2018-04-22 11:00:00,-1.5644175740517818,0.346601403307352,4.489611135047523e-05,0.26235845801222496,-0.0008676950046779517,0.0010788976269530792,-0.4262200141780752,-1.748210566307805
PAL,2018-04-23 11:00:00,-1.5644175740517818,0.346601403307352,4.489611135047523e-05,0.26235845801222496,-0.0008676950046779517,0.0010788976269530792,-0.4262200141780752,-1.748210566307805
PAL,2018-04-23 11:00:00,-1.8471563723860212,0.23526347747142576,0.0007753791666872778,0.4983979064404346,-0.0009793741940297544,-0.0028190225509619232,-0.5406768300888495,-2.036612097372489
PAL,2018-04-24 11:00:00,-1.8471563723860212,0.23526347747142576,0.0007753791666872778,0.4983979064404346,-0.0009793741940297544,-0.0028190225509619232,-0.5406768300888495,-2.036612097372489
PAL,2018-04-25 11:00:00,-1.8471563723860212,0.23526347747142576,0.0007753791666872778,0.4983979064404346,-0.0009793741940297544,-0.0028190225509619232,-0.5406768300888495,-2.036612097372489
PAL,2018-04-26 11:00:00,-1.8471563723860212,0.23526347747142576,0.0007753791666872778,0.4983979064404346,-0.0009793741940297544,-0.0028190225509619232,-0.5406768300888495,-2.036612097372489
PAL,2018-04-27 11:00:00,-1.8471563723860212,0.23526347747142576,0.0007753791666872778,0.4983979064404346,-0.0009793741940297544,-0.0028190225509619232,-0.5406768300888495,-2.036612097372489
PAL,2018-04-28 11:00:00,-1.8471563723860212,0.23526347747142576,0.0007753791666872778,0.4983979064404346,-0.0009793741940297544,-0.0028190225509619232,-0.5406768300888495,-2.036612097372489
PAL,2018-04-29 11:00:00,-1.8471563723860212,0.23526347747142576,0.0007753791666872778,0.4983979064404346,-0.0009793741940297544,-0.0028190225509619232,-0.5406768300888495,-2.036612097372489
PAL,2018-04-30 11:00:00,-1.8471563723860212,0.23526347747142576,0.0007753791666872778,0.4983979064404346,-0.0009793741940297544,-0.0028190225509619232,-0.5406768300888495,-2.036612097372489
PAL,2018-05-01 11:00:00,-1.8471563723860212,0.23526347747142576,0.0007753791666872778,0.4983979064404346,-0.0009793741940297544,-0.0028190225509619232,-0.5406768300888495,-2.036612097372489
PAL,2018-05-02 11:00:00,-1.8471563723860212,0.23526347747142576,0.0007753791666872778,0.4983979064404346,-0.0009793741940297544,-0.0028190225509619232,-0.5406768300888495,-2.036612097372489
PAL,2018-05-03 11:00:00,-1.8471563723860212,0.23526347747142576,0.0007753791666872778,0.4983979064404346,-0.0009793741940297544,-0.0028190225509619232,-0.5406768300888495,-2.036612097372489
PAL,2018-05-04 11:00:00,-1.8471563723860212,0.23526347747142576,0.0007753791666872778,0.4983979064404346,-0.0009793741940297544,-0.0028190225509619232,-0.5406768300888495,-2.036612097372489
PAL,2018-05-05 11:00:00,-1.8471563723860212,0.23526347747142576,0.0007753791666872778,0.4983979064404346,-0.0009793741940297544,-0.0028190225509619232,-0.5406768300888495,-2.036612097372489
PAL,2018-05-06 11:00:00,-1.8471563723860212,0.23526347747142576,0.0007753791666872778,0.4983979064404346,-0.0009793741940297544,-0.0028190225509619232,-0.5406768300888495,-2.036612097372489
PAL,2018-05-07 11:00:00,-1.8471563723860212,0.23526347747142576,0.0007753791666872778,0.4983979064404346,-0.0009793741940297544,-0.0028190225509619232,-0.5406768300888495,-2.036612097372489
PAL,2018-05-07 11:00:00,-1.7581380458990619,0.9732949748879554,0.0017690617410979585,0.46271282452175677,-0.0017994767039796055,-0.017869312802722477,-1.3563944625004731,-1.8153640245720928
PAL,2018-05-08 11:00:00,-1.7581380458990619,0.9732949748879554,0.0017690617410979585,0.46271282452175677,-0.0017994767039796055,-0.017869312802722477,-1.3563944625004731,-1.8153640245720928
PAL,2018-05-09 11:00:00,-1.7581380458990619,0.9732949748879554,0.0017690617410979585,0.46271282452175677,-0.0017994767039796055,-0.017869312802722477,-1.3563944625004731,-1.8153640245720928
PAL,2018-05-10 11:00:00,-1.7581380458990619,0.9732949748879554,0.0017690617410979585,0.46271282452175677,-0.0017994767039796055,-0.017869312802722477,-1.3563944625004731,-1.8153640245720928
PAL,2018-05-11 11:00:00,-1.7581380458990619,0.9732949748879554,0.0017690617410979585,0.46271282452175677,-0.0017994767039796055,-0.017869312802722477,-1.3563944625004731,-1.8153640245720928
PAL,2018-05-12 11:00:00,-1.7581380458990619,0.9732949748879554,0.0017690617410979585,0.46271282452175677,-0.0017994767039796055,-0.017869312802722477,-1.3563944625004731,-1.8153640245720928
PAL,2018-05-13 11:00:00,-1.7581380458990619,0.9732949748879554,0.0017690617410979585,0.46271282452175677,-0.0017994767039796055,-0.017869312802722477,-1.3563944625004731,-1.8153640245720928
PAL,2018-05-14 11:00:00,-1.7581380458990619,0.9732949748879554,0.0017690617410979585,0.46271282452175677,-0.0017994767039796055,-0.017869312802722477,-1.3563944625004731,-1.8153640245720928
PAL,2018-05-15 11:00:00,-1.7581380458990619,0.9732949748879554,0.0017690617410979585,0.46271282452175677,-0.0017994767039796055,-0.017869312802722477,-1.3563944625004731,-1.8153640245720928
PAL,2018-05-16 11:00:00,-1.7581380458990619,0.9732949748879554,0.0017690617410979585,0.46271282452175677,-0.0017994767039796055,-0.017869312802722477,-1.3563944625004731,-1.8153640245720928
PAL,2018-05-17 11:00:00,-1.7581380458990619,0.9732949748879554,0.0017690617410979585,0.46271282452175677,-0.0017994767039796055,-0.017869312802722477,-1.3563944625004731,-1.8153640245720928
PAL,2018-05-18 11:00:00,-1.7581380458990619,0.9732949748879554,0.0017690617410979585,0.46271282452175677,-0.0017994767039796055,-0.017869312802722477,-1.3563944625004731,-1.8153640245720928
PAL,2018-05-19 11:00:00,-1.7581380458990619,0.9732949748879554,0.0017690617410979585,0.46271282452175677,-0.0017994767039796055,-0.017869312802722477,-1.3563944625004731,-1.8153640245720928
PAL,2018-05-20 11:00:00,-1.7581380458990619,0.9732949748879554,0.0017690617410979585,0.46271282452175677,-0.0017994767039796055,-0.017869312802722477,-1.3563944625004731,-1.8153640245720928
PAL,2018-05-21 11:00:00,-1.7581380458990619,0.9732949748879554,0.0017690617410979585,0.46271282452175677,-0.0017994767039796055,-0.017869312802722477,-1.3563944625004731,-1.8153640245720928
PAL,2018-05-21 11:00:00,-1.49117525949649,0.899545587616572,0.0009173103536271487,0.7478124918199557,-0.002182728655958704,-0.029641818610749195,-1.1998735854762088,-1.900538713996248
PAL,2018-05-22 11:00:00,-1.49117525949649,0.899545587616572,0.0009173103536271487,0.7478124918199557,-0.002182728655958704,-0.029641818610749195,-1.1998735854762088,-1.900538713996248
PAL,2018-05-23 11:00:00,-1.49117525949649,0.899545587616572,0.0009173103536271487,0.7478124918199557,-0.002182728655958704,-0.029641818610749195,-1.1998735854762088,-1.900538713996248
PAL,2018-05-24 11:00:00,-1.49117525949649,0.899545587616572,0.0009173103536271487,0.7478124918199557,-0.002182728655958704,-0.029641818610749195,-1.1998735854762088,-1.900538713996248
PAL,2018-05-25 11:00:00,-1.49117525949649,0.899545587616572,0.0009173103536271487,0.7478124918199557,-0.002182728655958704,-0.029641818610749195,-1.1998735854762088,-1.900538713996248
PAL,2018-05-26 11:00:00,-1.49117525949649,0.899545587616572,0.0009173103536271487,0.7478124918199557,-0.002182728655958704,-0.029641818610749195,-1.1998735854762088,-1.900538713996248
PAL,2018-05-27 11:00:00,-1.49117525949649,0.899545587616572,0.0009173103536271487,0.7478124918199557,-0.002182728655958704,-0.029641818610749195,-1.1998735854762088,-1.900538713996248
PAL,2018-05-28 11:00:00,-1.49117525949649,0.899545587616572,0.0009173103536271487,0.7478124918199557,-0.002182728655958704,-0.029641818610749195,-1.1998735854762088,-1.900538713996248
PAL,2018-05-29 11:00:00,-1.49117525949649,0.899545587616572,0.0009173103536271487,0.7478124918199557,-0.002182728655958704,-0.029641818610749195,-1.1998735854762088,-1.900538713996248
PAL,2018-05-30 11:00:00,-1.49117525949649,0.899545587616572,0.0009173103536271487,0.7478124918199557,-0.002182728655958704,-0.029641818610749195,-1.1998735854762088,-1.900538713996248
PAL,2018-05-31 11:00:00,-1.49117525949649,0.899545587616572,0.0009173103536271487,0.7478124918199557,-0.002182728655958704,-0.029641818610749195,-1.1998735854762088,-1.900538713996248
PAL,2018-06-01 11:00:00,-1.49117525949649,0.899545587616572,0.0009173103536271487,0.7478124918199557,-0.002182728655958704,-0.029641818610749195,-1.1998735854762088,-1.900538713996248
PAL,2018-06-02 11:00:00,-1.49117525949649,0.899545587616572,0.0009173103536271487,0.7478124918199557,-0.002182728655958704,-0.029641818610749195,-1.1998735854762088,-1.900538713996248
PAL,2018-06-03 11:00:00,-1.49117525949649,0.899545587616572,0.0009173103536271487,0.7478124918199557,-0.002182728655958704,-0.029641818610749195,-1.1998735854762088,-1.900538713996248
PAL,2018-06-04 11:00:00,-1.49117525949649,0.899545587616572,0.0009173103536271487,0.7478124918199557,-0.002182728655958704,-0.029641818610749195,-1.1998735854762088,-1.900538713996248
PAL,2018-06-04 11:00:00,-1.7047840513110568,0.2779194481635089,0.0003765072300737499,0.29600588751469337,-0.002791454326544067,-0.00976495883922085,-0.3181526940037362,-1.944793601723888
PAL,2018-06-05 11:00:00,-1.7047840513110568,0.2779194481635089,0.0003765072300737499,0.29600588751469337,-0.002791454326544067,-0.00976495883922085,-0.3181526940037362,-1.944793601723888
PAL,2018-06-06 11:00:00,-1.7047840513110568,0.2779194481635089,0.0003765072300737499,0.29600588751469337,-0.002791454326544067,-0.00976495883922085,-0.3181526940037362,-1.944793601723888
PAL,2018-06-07 11:00:00,-1.7047840513110568,0.2779194481635089,0.0003765072300737499,0.29600588751469337,-0.002791454326544067,-0.00976495883922085,-0.3181526940037362,-1.944793601723888
PAL,2018-06-08 11:00:00,-1.7047840513110568,0.2779194481635089,0.0003765072300737499,0.29600588751469337,-0.002791454326544067,-0.00976495883922085,-0.3181526940037362,-1.944793601723888
PAL,2018-06-09 11:00:00,-1.7047840513110568,0.2779194481635089,0.0003765072300737499,0.29600588751469337,-0.002791454326544067,-0.00976495883922085,-0.3181526940037362,-1.944793601723888
PAL,2018-06-10 11:00:00,-1.7047840513110568,0.2779194481635089,0.0003765072300737499,0.29600588751469337,-0.002791454326544067,-0.00976495883922085,-0.3181526940037362,-1.944793601723888
PAL,2018-06-11 11:00:00,-1.7047840513110568,0.2779194481635089,0.0003765072300737499,0.29600588751469337,-0.002791454326544067,-0.00976495883922085,-0.3181526940037362,-1.944793601723888
PAL,2018-06-12 11:00:00,-1.7047840513110568,0.2779194481635089,0.0003765072300737499,0.29600588751469337,-0.002791454326544067,-0.00976495883922085,-0.3181526940037362,-1.944793601723888
PAL,2018-06-13 11:00:00,-1.7047840513110568,0.2779194481635089,0.0003765072300737499,0.29600588751469337,-0.002791454326544067,-0.00976495883922085,-0.3181526940037362,-1.944793601723888
PAL,2018-06-14 11:00:00,-1.7047840513110568,0.2779194481635089,0.0003765072300737499,0.29600588751469337,-0.002791454326544067,-0.00976495883922085,-0.3181526940037362,-1.944793601723888
PAL,2018-06-15 11:00:00,-1.7047840513110568,0.2779194481635089,0.0003765072300737499,0.29600588751469337,-0.002791454326544067,-0.00976495883922085,-0.3181526940037362,-1.944793601723888
PAL,2018-06-16 11:00:00,-1.7047840513110568,0.2779194481635089,0.0003765072300737499,0.29600588751469337,-0.002791454326544067,-0.00976495883922085,-0.3181526940037362,-1.944793601723888
PAL,2018-06-17 11:00:00,-1.7047840513110568,0.2779194481635089,0.0003765072300737499,0.29600588751469337,-0.002791454326544067,-0.00976495883922085,-0.3181526940037362,-1.944793601723888
PAL,2018-06-18 11:00:00,-1.7047840513110568,0.2779194481635089,0.0003765072300737499,0.29600588751469337,-0.002791454326544067,-0.00976495883922085,-0.3181526940037362,-1.944793601723888
PAL,2018-06-18 11:00:00,-1.1565043921708946,0.3129485487772047,0.0004390289572099971,0.49564923339920125,-0.0012484224812684078,-0.004379583155418886,-0.20395411481822157,-1.7534823155926968
PAL,2018-06-19 11:00:00,-1.1565043921708946,0.3129485487772047,0.0004390289572099971,0.49564923339920125,-0.0012484224812684078,-0.004379583155418886,-0.20395411481822157,-1.7534823155926968
PAL,2018-06-20 11:00:00,-1.1565043921708946,0.3129485487772047,0.0004390289572099971,0.49564923339920125,-0.0012484224812684078,-0.004379583155418886,-0.20395411481822157,-1.7534823155926968
PAL,2018-06-21 11:00:00,-1.1565043921708946,0.3129485487772047,0.0004390289572099971,0.49564923339920125,-0.0012484224812684078,-0.004379583155418886,-0.20395411481822157,-1.7534823155926968
PAL,2018-06-22 11:00:00,-1.1565043921708946,0.3129485487772047,0.0004390289572099971,0.49564923339920125,-0.0012484224812684078,-0.004379583155418886,-0.20395411481822157,-1.7534823155926968
PAL,2018-06-23 11:00:00,-1.1565043921708946,0.3129485487772047,0.0004390289572099971,0.49564923339920125,-0.0012484224812684078,-0.004379583155418886,-0.20395411481822157,-1.7534823155926968
PAL,2018-06-24 11:00:00,-1.1565043921708946,0.3129485487772047,0.0004390289572099971,0.49564923339920125,-0.0012484224812684078,-0.004379583155418886,-0.20395411481822157,-1.7534823155926968
PAL,2018-06-25 11:00:00,-1.1565043921708946,0.3129485487772047,0.0004390289572099971,0.49564923339920125,-0.0012484224812684078,-0.004379583155418886,-0.20395411481822157,-1.7534823155926968
PAL,2018-06-26 11:00:00,-1.1565043921708946,0.3129485487772047,0.0004390289572099971,0.49564923339920125,-0.0012484224812684078,-0.004379583155418886,-0.20395411481822157,-1.7534823155926968
PAL,2018-06-27 11:00:00,-1.1565043921708946,0.3129485487772047,0.0004390289572099971,0.49564923339920125,-0.0012484224812684078,-0.004379583155418886,-0.20395411481822157,-1.7534823155926968
PAL,2018-06-28 11:00:00,-1.1565043921708946,0.3129485487772047,0.0004390289572099971,0.49564923339920125,-0.0012484224812684078,-0.004379583155418886,-0.20395411481822157,-1.7534823155926968
PAL,2018-06-29 11:00:00,-1.1565043921708946,0.3129485487772047,0.0004390289572099971,0.49564923339920125,-0.0012484224812684078,-0.004379583155418886,-0.20395411481822157,-1.7534823155926968
PAL,2018-06-30 11:00:00,-1.1565043921708946,0.3129485487772047,0.0004390289572099971,0.49564923339920125,-0.0012484224812684078,-0.004379583155418886,-0.20395411481822157,-1.7534823155926968
PAL,2018-07-01 11:00:00,-1.1565043921708946,0.3129485487772047,0.0004390289572099971,0.49564923339920125,-0.0012484224812684078,-0.004379583155418886,-0.20395411481822157,-1.7534823155926968
PAL,2018-07-02 11:00:00,-1.1565043921708946,0.3129485487772047,0.0004390289572099971,0.49564923339920125,-0.0012484224812684078,-0.004379583155418886,-0.20395411481822157,-1.7534823155926968
PAL,2018-07-02 11:00:00,-0.8753983649409112,0.42307227894383914,0.0012887655193758814,0.5770134074519435,-0.002624477246403855,-0.011968837701951028,-0.4105582932894091,-1.4460582835854272
PAL,2018-07-03 11:00:00,-0.8753983649409112,0.42307227894383914,0.0012887655193758814,0.5770134074519435,-0.002624477246403855,-0.011968837701951028,-0.4105582932894091,-1.4460582835854272
PAL,2018-07-04 11:00:00,-0.8753983649409112,0.42307227894383914,0.0012887655193758814,0.5770134074519435,-0.002624477246403855,-0.011968837701951028,-0.4105582932894091,-1.4460582835854272
PAL,2018-07-05 11:00:00,-0.8753983649409112,0.42307227894383914,0.0012887655193758814,0.5770134074519435,-0.002624477246403855,-0.011968837701951028,-0.4105582932894091,-1.4460582835854272
PAL,2018-07-06 11:00:00,-0.8753983649409112,0.42307227894383914,0.0012887655193758814,0.5770134074519435,-0.002624477246403855,-0.011968837701951028,-0.4105582932894091,-1.4460582835854272
PAL,2018-07-07 11:00:00,-0.8753983649409112,0.42307227894383914,0.0012887655193758814,0.5770134074519435,-0.002624477246403855,-0.011968837701951028,-0.4105582932894091,-1.4460582835854272
PAL,2018-07-08 11:00:00,-0.8753983649409112,0.42307227894383914,0.0012887655193758814,0.5770134074519435,-0.002624477246403855,-0.011968837701951028,-0.4105582932894091,-1.4460582835854272
PAL,2018-07-09 11:00:00,-0.8753983649409112,0.42307227894383914,0.0012887655193758814,0.5770134074519435,-0.002624477246403855,-0.011968837701951028,-0.4105582932894091,-1.4460582835854272
PAL,2018-07-10 11:00:00,-0.8753983649409112,0.42307227894383914,0.0012887655193758814,0.5770134074519435,-0.002624477246403855,-0.011968837701951028,-0.4105582932894091,-1.4460582835854272
PAL,2018-07-11 11:00:00,-0.8753983649409112,0.42307227894383914,0.0012887655193758814,0.5770134074519435,-0.002624477246403855,-0.011968837701951028,-0.4105582932894091,-1.4460582835854272
PAL,2018-07-12 11:00:00,-0.8753983649409112,0.42307227894383914,0.0012887655193758814,0.5770134074519435,-0.002624477246403855,-0.011968837701951028,-0.4105582932894091,-1.4460582835854272
PAL,2018-07-13 11:00:00,-0.8753983649409112,0.42307227894383914,0.0012887655193758814,0.5770134074519435,-0.002624477246403855,-0.011968837701951028,-0.4105582932894091,-1.4460582835854272
PAL,2018-07-14 11:00:00,-0.8753983649409112,0.42307227894383914,0.0012887655193758814,0.5770134074519435,-0.002624477246403855,-0.011968837701951028,-0.4105582932894091,-1.4460582835854272
PAL,2018-07-15 11:00:00,-0.8753983649409112,0.42307227894383914,0.0012887655193758814,0.5770134074519435,-0.002624477246403855,-0.011968837701951028,-0.4105582932894091,-1.4460582835854272
PAL,2018-07-16 11:00:00,-0.8753983649409112,0.42307227894383914,0.0012887655193758814,0.5770134074519435,-0.002624477246403855,-0.011968837701951028,-0.4105582932894091,-1.4460582835854272
PAL,2018-07-16 11:00:00,-0.1171794145810835,0.04599288226938825,0.0008117697525109549,1.14123674206438,-0.00041137442400817096,-0.009361966466669343,-0.17533170302194043,-1.1176142337893002
PAL,2018-07-17 11:00:00,-0.1171794145810835,0.04599288226938825,0.0008117697525109549,1.14123674206438,-0.00041137442400817096,-0.009361966466669343,-0.17533170302194043,-1.1176142337893002
PAL,2018-07-18 11:00:00,-0.1171794145810835,0.04599288226938825,0.0008117697525109549,1.14123674206438,-0.00041137442400817096,-0.009361966466669343,-0.17533170302194043,-1.1176142337893002
PAL,2018-07-19 11:00:00,-0.1171794145810835,0.04599288226938825,0.0008117697525109549,1.14123674206438,-0.00041137442400817096,-0.009361966466669343,-0.17533170302194043,-1.1176142337893002
PAL,2018-07-20 11:00:00,-0.1171794145810835,0.04599288226938825,0.0008117697525109549,1.14123674206438,-0.00041137442400817096,-0.009361966466669343,-0.17533170302194043,-1.1176142337893002
PAL,2018-07-21 11:00:00,-0.1171794145810835,0.04599288226938825,0.0008117697525109549,1.14123674206438,-0.00041137442400817096,-0.009361966466669343,-0.17533170302194043,-1.1176142337893002
PAL,2018-07-22 11:00:00,-0.1171794145810835,0.04599288226938825,0.0008117697525109549,1.14123674206438,-0.00041137442400817096,-0.009361966466669343,-0.17533170302194043,-1.1176142337893002
PAL,2018-07-23 11:00:00,-0.1171794145810835,0.04599288226938825,0.0008117697525109549,1.14123674206438,-0.00041137442400817096,-0.009361966466669343,-0.17533170302194043,-1.1176142337893002
PAL,2018-07-24 11:00:00,-0.1171794145810835,0.04599288226938825,0.0008117697525109549,1.14123674206438,-0.00041137442400817096,-0.009361966466669343,-0.17533170302194043,-1.1176142337893002
PAL,2018-07-25 11:00:00,-0.1171794145810835,0.04599288226938825,0.0008117697525109549,1.14123674206438,-0.00041137442400817096,-0.009361966466669343,-0.17533170302194043,-1.1176142337893002
PAL,2018-07-26 11:00:00,-0.1171794145810835,0.04599288226938825,0.0008117697525109549,1.14123674206438,-0.00041137442400817096,-0.009361966466669343,-0.17533170302194043,-1.1176142337893002
PAL,2018-07-27 11:00:00,-0.1171794145810835,0.04599288226938825,0.0008117697525109549,1.14123674206438,-0.00041137442400817096,-0.009361966466669343,-0.17533170302194043,-1.1176142337893002
PAL,2018-07-28 11:00:00,-0.1171794145810835,0.04599288226938825,0.0008117697525109549,1.14123674206438,-0.00041137442400817096,-0.009361966466669343,-0.17533170302194043,-1.1176142337893002
PAL,2018-07-29 11:00:00,-0.1171794145810835,0.04599288226938825,0.0008117697525109549,1.14123674206438,-0.00041137442400817096,-0.009361966466669343,-0.17533170302194043,-1.1176142337893002
PAL,2018-07-30 11:00:00,-0.1171794145810835,0.04599288226938825,0.0008117697525109549,1.14123674206438,-0.00041137442400817096,-0.009361966466669343,-0.17533170302194043,-1.1176142337893002
PAL,2018-07-30 11:00:00,0.4414657749535064,0.5245498501935342,0.0027254679383080325,1.2904325670811647,-0.000572807559056734,0.02019306064864399,-0.367736416966467,-1.0335004703188295
PAL,2018-07-31 11:00:00,0.4414657749535064,0.5245498501935342,0.0027254679383080325,1.2904325670811647,-0.000572807559056734,0.02019306064864399,-0.367736416966467,-1.0335004703188295
PAL,2018-08-01 11:00:00,0.4414657749535064,0.5245498501935342,0.0027254679383080325,1.2904325670811647,-0.000572807559056734,0.02019306064864399,-0.367736416966467,-1.0335004703188295
PAL,2018-08-02 11:00:00,0.4414657749535064,0.5245498501935342,0.0027254679383080325,1.2904325670811647,-0.000572807559056734,0.02019306064864399,-0.367736416966467,-1.0335004703188295
PAL,2018-08-03 11:00:00,0.4414657749535064,0.5245498501935342,0.0027254679383080325,1.2904325670811647,-0.000572807559056734,0.02019306064864399,-0.367736416966467,-1.0335004703188295
PAL,2018-08-04 11:00:00,0.4414657749535064,0.5245498501935342,0.0027254679383080325,1.2904325670811647,-0.000572807559056734,0.02019306064864399,-0.367736416966467,-1.0335004703188295
PAL,2018-08-05 11:00:00,0.4414657749535064,0.5245498501935342,0.0027254679383080325,1.2904325670811647,-0.000572807559056734,0.02019306064864399,-0.367736416966467,-1.0335004703188295
PAL,2018-08-06 11:00:00,0.4414657749535064,0.5245498501935342,0.0027254679383080325,1.2904325670811647,-0.000572807559056734,0.02019306064864399,-0.367736416966467,-1.0335004703188295
PAL,2018-08-07 11:00:00,0.4414657749535064,0.5245498501935342,0.0027254679383080325,1.2904325670811647,-0.000572807559056734,0.02019306064864399,-0.367736416966467,-1.0335004703188295
PAL,2018-08-08 11:00:00,0.4414657749535064,0.5245498501935342,0.0027254679383080325,1.2904325670811647,-0.000572807559056734,0.02019306064864399,-0.367736416966467,-1.0335004703188295
PAL,2018-08-09 11:00:00,0.4414657749535064,0.5245498501935342,0.0027254679383080325,1.2904325670811647,-0.000572807559056734,0.02019306064864399,-0.367736416966467,-1.0335004703188295
PAL,2018-08-10 11:00:00,0.4414657749535064,0.5245498501935342,0.0027254679383080325,1.2904325670811647,-0.000572807559056734,0.02019306064864399,-0.367736416966467,-1.0335004703188295
PAL,2018-08-11 11:00:00,0.4414657749535064,0.5245498501935342,0.0027254679383080325,1.2904325670811647,-0.000572807559056734,0.02019306064864399,-0.367736416966467,-1.0335004703188295
PAL,2018-08-12 11:00:00,0.4414657749535064,0.5245498501935342,0.0027254679383080325,1.2904325670811647,-0.000572807559056734,0.02019306064864399,-0.367736416966467,-1.0335004703188295
PAL,2018-08-13 11:00:00,0.4414657749535064,0.5245498501935342,0.0027254679383080325,1.2904325670811647,-0.000572807559056734,0.02019306064864399,-0.367736416966467,-1.0335004703188295
PAL,2018-08-13 11:00:00,0.5046496417719818,1.1908709465697471,0.002496470883374062,1.1551678037927406,-0.0027195516636010636,0.13608211175133103,-0.9935736935778094,-1.004057208241223
PAL,2018-08-14 11:00:00,0.5046496417719818,1.1908709465697471,0.002496470883374062,1.1551678037927406,-0.0027195516636010636,0.13608211175133103,-0.9935736935778094,-1.004057208241223
PAL,2018-08-15 11:00:00,0.5046496417719818,1.1908709465697471,0.002496470883374062,1.1551678037927406,-0.0027195516636010636,0.13608211175133103,-0.9935736935778094,-1.004057208241223
PAL,2018-08-16 11:00:00,0.5046496417719818,1.1908709465697471,0.002496470883374062,1.1551678037927406,-0.0027195516636010636,0.13608211175133103,-0.9935736935778094,-1.004057208241223
PAL,2018-08-17 11:00:00,0.5046496417719818,1.1908709465697471,0.002496470883374062,1.1551678037927406,-0.0027195516636010636,0.13608211175133103,-0.9935736935778094,-1.004057208241223
PAL,2018-08-18 11:00:00,0.5046496417719818,1.1908709465697471,0.002496470883374062,1.1551678037927406,-0.0027195516636010636,0.13608211175133103,-0.9935736935778094,-1.004057208241223
PAL,2018-08-19 11:00:00,0.5046496417719818,1.1908709465697471,0.002496470883374062,1.1551678037927406,-0.0027195516636010636,0.13608211175133103,-0.9935736935778094,-1.004057208241223
PAL,2018-08-20 11:00:00,0.5046496417719818,1.1908709465697471,0.002496470883374062,1.1551678037927406,-0.0027195516636010636,0.13608211175133103,-0.9935736935778094,-1.004057208241223
PAL,2018-08-21 11:00:00,0.5046496417719818,1.1908709465697471,0.002496470883374062,1.1551678037927406,-0.0027195516636010636,0.13608211175133103,-0.9935736935778094,-1.004057208241223
PAL,2018-08-22 11:00:00,0.5046496417719818,1.1908709465697471,0.002496470883374062,1.1551678037927406,-0.0027195516636010636,0.13608211175133103,-0.9935736935778094,-1.004057208241223
PAL,2018-08-23 11:00:00,0.5046496417719818,1.1908709465697471,0.002496470883374062,1.1551678037927406,-0.0027195516636010636,0.13608211175133103,-0.9935736935778094,-1.004057208241223
PAL,2018-08-24 11:00:00,0.5046496417719818,1.1908709465697471,0.002496470883374062,1.1551678037927406,-0.0027195516636010636,0.13608211175133103,-0.9935736935778094,-1.004057208241223
PAL,2018-08-25 11:00:00,0.5046496417719818,1.1908709465697471,0.002496470883374062,1.1551678037927406,-0.0027195516636010636,0.13608211175133103,-0.9935736935778094,-1.004057208241223
PAL,2018-08-26 11:00:00,0.5046496417719818,1.1908709465697471,0.002496470883374062,1.1551678037927406,-0.0027195516636010636,0.13608211175133103,-0.9935736935778094,-1.004057208241223
PAL,2018-08-27 11:00:00,0.5046496417719818,1.1908709465697471,0.002496470883374062,1.1551678037927406,-0.0027195516636010636,0.13608211175133103,-0.9935736935778094,-1.004057208241223
PAL,2018-08-27 11:00:00,0.4994597206008082,0.8931442474099722,0.002177551996315107,1.185167382101045,-0.0031640020197319712,0.13321249340945648,-0.8423749480240353,-0.8849909672338402
PAL,2018-08-28 11:00:00,0.4994597206008082,0.8931442474099722,0.002177551996315107,1.185167382101045,-0.0031640020197319712,0.13321249340945648,-0.8423749480240353,-0.8849909672338402
PAL,2018-08-29 11:00:00,0.4994597206008082,0.8931442474099722,0.002177551996315107,1.185167382101045,-0.0031640020197319712,0.13321249340945648,-0.8423749480240353,-0.8849909672338402
PAL,2018-08-30 11:00:00,0.4994597206008082,0.8931442474099722,0.002177551996315107,1.185167382101045,-0.0031640020197319712,0.13321249340945648,-0.8423749480240353,-0.8849909672338402
PAL,2018-08-31 11:00:00,0.4994597206008082,0.8931442474099722,0.002177551996315107,1.185167382101045,-0.0031640020197319712,0.13321249340945648,-0.8423749480240353,-0.8849909672338402
PAL,2018-09-01 11:00:00,0.4994597206008082,0.8931442474099722,0.002177551996315107,1.185167382101045,-0.0031640020197319712,0.13321249340945648,-0.8423749480240353,-0.8849909672338402
PAL,2018-09-02 11:00:00,0.4994597206008082,0.8931442474099722,0.002177551996315107,1.185167382101045,-0.0031640020197319712,0.13321249340945648,-0.8423749480240353,-0.8849909672338402
PAL,2018-09-03 11:00:00,0.4994597206008082,0.8931442474099722,0.002177551996315107,1.185167382101045,-0.0031640020197319712,0.13321249340945648,-0.8423749480240353,-0.8849909672338402
PAL,2018-09-04 11:00:00,0.4994597206008082,0.8931442474099722,0.002177551996315107,1.185167382101045,-0.0031640020197319712,0.13321249340945648,-0.8423749480240353,-0.8849909672338402
PAL,2018-09-05 11:00:00,0.4994597206008082,0.8931442474099722,0.002177551996315107,1.185167382101045,-0.0031640020197319712,0.13321249340945648,-0.8423749480240353,-0.8849909672338402
PAL,2018-09-06 11:00:00,0.4994597206008082,0.8931442474099722,0.002177551996315107,1.185167382101045,-0.0031640020197319712,0.13321249340945648,-0.8423749480240353,-0.8849909672338402
PAL,2018-09-07 11:00:00,0.4994597206008082,0.8931442474099722,0.002177551996315107,1.185167382101045,-0.0031640020197319712,0.13321249340945648,-0.8423749480240353,-0.8849909672338402
PAL,2018-09-08 11:00:00,0.4994597206008082,0.8931442474099722,0.002177551996315107,1.185167382101045,-0.0031640020197319712,0.13321249340945648,-0.8423749480240353,-0.8849909672338402
PAL,2018-09-09 11:00:00,0.4994597206008082,0.8931442474099722,0.002177551996315107,1.185167382101045,-0.0031640020197319712,0.13321249340945648,-0.8423749480240353,-0.8849909672338402
PAL,2018-09-10 11:00:00,0.4994597206008082,0.8931442474099722,0.002177551996315107,1.185167382101045,-0.0031640020197319712,0.13321249340945648,-0.8423749480240353,-0.8849909672338402
PAL,2018-09-10 11:00:00,0.12026394232068412,0.4518220778509779,0.001990374179374467,1.7763505210538917,-0.0022809689279248775,0.08211080658316208,-0.7988291994669164,-1.4144180924947451
PAL,2018-09-11 11:00:00,0.12026394232068412,0.4518220778509779,0.001990374179374467,1.7763505210538917,-0.0022809689279248775,0.08211080658316208,-0.7988291994669164,-1.4144180924947451
PAL,2018-09-12 11:00:00,0.12026394232068412,0.4518220778509779,0.001990374179374467,1.7763505210538917,-0.0022809689279248775,0.08211080658316208,-0.7988291994669164,-1.4144180924947451
PAL,2018-09-13 11:00:00,0.12026394232068412,0.4518220778509779,0.001990374179374467,1.7763505210538917,-0.0022809689279248775,0.08211080658316208,-0.7988291994669164,-1.4144180924947451
PAL,2018-09-14 11:00:00,0.12026394232068412,0.4518220778509779,0.001990374179374467,1.7763505210538917,-0.0022809689279248775,0.08211080658316208,-0.7988291994669164,-1.4144180924947451
PAL,2018-09-15 11:00:00,0.12026394232068412,0.4518220778509779,0.001990374179374467,1.7763505210538917,-0.0022809689279248775,0.08211080658316208,-0.7988291994669164,-1.4144180924947451
PAL,2018-09-16 11:00:00,0.12026394232068412,0.4518220778509779,0.001990374179374467,1.7763505210538917,-0.0022809689279248775,0.08211080658316208,-0.7988291994669164,-1.4144180924947451
PAL,2018-09-17 11:00:00,0.12026394232068412,0.4518220778509779,0.001990374179374467,1.7763505210538917,-0.0022809689279248775,0.08211080658316208,-0.7988291994669164,-1.4144180924947451
PAL,2018-09-18 11:00:00,0.12026394232068412,0.4518220778509779,0.001990374179374467,1.7763505210538917,-0.0022809689279248775,0.08211080658316208,-0.7988291994669164,-1.4144180924947451
PAL,2018-09-19 11:00:00,0.12026394232068412,0.4518220778509779,0.001990374179374467,1.7763505210538917,-0.0022809689279248775,0.08211080658316208,-0.7988291994669164,-1.4144180924947451
PAL,2018-09-20 11:00:00,0.12026394232068412,0.4518220778509779,0.001990374179374467,1.7763505210538917,-0.0022809689279248775,0.08211080658316208,-0.7988291994669164,-1.4144180924947451
PAL,2018-09-21 11:00:00,0.12026394232068412,0.4518220778509779,0.001990374179374467,1.7763505210538917,-0.0022809689279248775,0.08211080658316208,-0.7988291994669164,-1.4144180924947451
PAL,2018-09-22 11:00:00,0.12026394232068412,0.4518220778509779,0.001990374179374467,1.7763505210538917,-0.0022809689279248775,0.08211080658316208,-0.7988291994669164,-1.4144180924947451
PAL,2018-09-23 11:00:00,0.12026394232068412,0.4518220778509779,0.001990374179374467,1.7763505210538917,-0.0022809689279248775,0.08211080658316208,-0.7988291994669164,-1.4144180924947451
PAL,2018-09-24 11:00:00,0.12026394232068412,0.4518220778509779,0.001990374179374467,1.7763505210538917,-0.0022809689279248775,0.08211080658316208,-0.7988291994669164,-1.4144180924947451
PAL,2018-09-24 11:00:00,-0.6241031127803667,1.03439827270883,0.003882691201704551,1.4015562433838225,-0.0015023410228607577,0.04833010433176346,-1.2843320231979412,-1.851041103329586
PAL,2018-09-25 11:00:00,-0.6241031127803667,1.03439827270883,0.003882691201704551,1.4015562433838225,-0.0015023410228607577,0.04833010433176346,-1.2843320231979412,-1.851041103329586
PAL,2018-09-26 11:00:00,-0.6241031127803667,1.03439827270883,0.003882691201704551,1.4015562433838225,-0.0015023410228607577,0.04833010433176346,-1.2843320231979412,-1.851041103329586
PAL,2018-09-27 11:00:00,-0.6241031127803667,1.03439827270883,0.003882691201704551,1.4015562433838225,-0.0015023410228607577,0.04833010433176346,-1.2843320231979412,-1.851041103329586
PAL,2018-09-28 11:00:00,-0.6241031127803667,1.03439827270883,0.003882691201704551,1.4015562433838225,-0.0015023410228607577,0.04833010433176346,-1.2843320231979412,-1.851041103329586
PAL,2018-09-29 11:00:00,-0.6241031127803667,1.03439827270883,0.003882691201704551,1.4015562433838225,-0.0015023410228607577,0.04833010433176346,-1.2843320231979412,-1.851041103329586
PAL,2018-09-30 11:00:00,-0.6241031127803667,1.03439827270883,0.003882691201704551,1.4015562433838225,-0.0015023410228607577,0.04833010433176346,-1.2843320231979412,-1.851041103329586
PAL,2018-10-01 11:00:00,-0.6241031127803667,1.03439827270883,0.003882691201704551,1.4015562433838225,-0.0015023410228607577,0.04833010433176346,-1.2843320231979412,-1.851041103329586
PAL,2018-10-02 11:00:00,-0.6241031127803667,1.03439827270883,0.003882691201704551,1.4015562433838225,-0.0015023410228607577,0.04833010433176346,-1.2843320231979412,-1.851041103329586
PAL,2018-10-03 11:00:00,-0.6241031127803667,1.03439827270883,0.003882691201704551,1.4015562433838225,-0.0015023410228607577,0.04833010433176346,-1.2843320231979412,-1.851041103329586
PAL,2018-10-04 11:00:00,-0.6241031127803667,1.03439827270883,0.003882691201704551,1.4015562433838225,-0.0015023410228607577,0.04833010433176346,-1.2843320231979412,-1.851041103329586
PAL,2018-10-05 11:00:00,-0.6241031127803667,1.03439827270883,0.003882691201704551,1.4015562433838225,-0.0015023410228607577,0.04833010433176346,-1.2843320231979412,-1.851041103329586
PAL,2018-10-06 11:00:00,-0.6241031127803667,1.03439827270883,0.003882691201704551,1.4015562433838225,-0.0015023410228607577,0.04833010433176346,-1.2843320231979412,-1.851041103329586
PAL,2018-10-07 11:00:00,-0.6241031127803667,1.03439827270883,0.003882691201704551,1.4015562433838225,-0.0015023410228607577,0.04833010433176346,-1.2843320231979412,-1.851041103329586
PAL,2018-10-08 11:00:00,-0.6241031127803667,1.03439827270883,0.003882691201704551,1.4015562433838225,-0.0015023410228607577,0.04833010433176346,-1.2843320231979412,-1.851041103329586
PAL,2018-10-08 11:00:00,-1.7280633242332575,0.01771108019176577,0.0006366148135476151,0.9278921987887699,-0.0011000162860466901,0.058427469389528953,-0.17834208701083293,-2.589608692175016
PAL,2018-10-09 11:00:00,-1.7280633242332575,0.01771108019176577,0.0006366148135476151,0.9278921987887699,-0.0011000162860466901,0.058427469389528953,-0.17834208701083293,-2.589608692175016
PAL,2018-10-10 11:00:00,-1.7280633242332575,0.01771108019176577,0.0006366148135476151,0.9278921987887699,-0.0011000162860466901,0.058427469389528953,-0.17834208701083293,-2.589608692175016
PAL,2018-10-11 11:00:00,-1.7280633242332575,0.01771108019176577,0.0006366148135476151,0.9278921987887699,-0.0011000162860466901,0.058427469389528953,-0.17834208701083293,-2.589608692175016
PAL,2018-10-12 11:00:00,-1.7280633242332575,0.01771108019176577,0.0006366148135476151,0.9278921987887699,-0.0011000162860466901,0.058427469389528953,-0.17834208701083293,-2.589608692175016
PAL,2018-10-13 11:00:00,-1.7280633242332575,0.01771108019176577,0.0006366148135476151,0.9278921987887699,-0.0011000162860466901,0.058427469389528953,-0.17834208701083293,-2.589608692175016
PAL,2018-10-14 11:00:00,-1.7280633242332575,0.01771108019176577,0.0006366148135476151,0.9278921987887699,-0.0011000162860466901,0.058427469389528953,-0.17834208701083293,-2.589608692175016
PAL,2018-10-15 11:00:00,-1.7280633242332575,0.01771108019176577,0.0006366148135476151,0.9278921987887699,-0.0011000162860466901,0.058427469389528953,-0.17834208701083293,-2.589608692175016
PAL,2018-10-16 11:00:00,-1.7280633242332575,0.01771108019176577,0.0006366148135476151,0.9278921987887699,-0.0011000162860466901,0.058427469389528953,-0.17834208701083293,-2.589608692175016
PAL,2018-10-17 11:00:00,-1.7280633242332575,0.01771108019176577,0.0006366148135476151,0.9278921987887699,-0.0011000162860466901,0.058427469389528953,-0.17834208701083293,-2.589608692175016
PAL,2018-10-18 11:00:00,-1.7280633242332575,0.01771108019176577,0.0006366148135476151,0.9278921987887699,-0.0011000162860466901,0.058427469389528953,-0.17834208701083293,-2.589608692175016
PAL,2018-10-19 11:00:00,-1.7280633242332575,0.01771108019176577,0.0006366148135476151,0.9278921987887699,-0.0011000162860466901,0.058427469389528953,-0.17834208701083293,-2.589608692175016
PAL,2018-10-20 11:00:00,-1.7280633242332575,0.01771108019176577,0.0006366148135476151,0.9278921987887699,-0.0011000162860466901,0.058427469389528953,-0.17834208701083293,-2.589608692175016
PAL,2018-10-21 11:00:00,-1.7280633242332575,0.01771108019176577,0.0006366148135476151,0.9278921987887699,-0.0011000162860466901,0.058427469389528953,-0.17834208701083293,-2.589608692175016
PAL,2018-10-22 11:00:00,-1.7280633242332575,0.01771108019176577,0.0006366148135476151,0.9278921987887699,-0.0011000162860466901,0.058427469389528953,-0.17834208701083293,-2.589608692175016
PAL,2018-10-22 11:00:00,-4.122726177278858,0.5751708381991102,0.004268988346422833,1.0888867140905845,-0.0016495058867880255,0.027935726618034635,-2.4193681687521664,-3.4272626622692526
PAL,2018-10-23 11:00:00,-4.122726177278858,0.5751708381991102,0.004268988346422833,1.0888867140905845,-0.0016495058867880255,0.027935726618034635,-2.4193681687521664,-3.4272626622692526
PAL,2018-10-24 11:00:00,-4.122726177278858,0.5751708381991102,0.004268988346422833,1.0888867140905845,-0.0016495058867880255,0.027935726618034635,-2.4193681687521664,-3.4272626622692526
PAL,2018-10-25 11:00:00,-4.122726177278858,0.5751708381991102,0.004268988346422833,1.0888867140905845,-0.0016495058867880255,0.027935726618034635,-2.4193681687521664,-3.4272626622692526
PAL,2018-10-26 11:00:00,-4.122726177278858,0.5751708381991102,0.004268988346422833,1.0888867140905845,-0.0016495058867880255,0.027935726618034635,-2.4193681687521664,-3.4272626622692526
PAL,2018-10-27 11:00:00,-4.122726177278858,0.5751708381991102,0.004268988346422833,1.0888867140905845,-0.0016495058867880255,0.027935726618034635,-2.4193681687521664,-3.4272626622692526
PAL,2018-10-28 11:00:00,-4.122726177278858,0.5751708381991102,0.004268988346422833,1.0888867140905845,-0.0016495058867880255,0.027935726618034635,-2.4193681687521664,-3.4272626622692526
PAL,2018-10-29 11:00:00,-4.122726177278858,0.5751708381991102,0.004268988346422833,1.0888867140905845,-0.0016495058867880255,0.027935726618034635,-2.4193681687521664,-3.4272626622692526
PAL,2018-10-30 11:00:00,-4.122726177278858,0.5751708381991102,0.004268988346422833,1.0888867140905845,-0.0016495058867880255,0.027935726618034635,-2.4193681687521664,-3.4272626622692526
PAL,2018-10-31 11:00:00,-4.122726177278858,0.5751708381991102,0.004268988346422833,1.0888867140905845,-0.0016495058867880255,0.027935726618034635,-2.4193681687521664,-3.4272626622692526
PAL,2018-11-01 11:00:00,-4.122726177278858,0.5751708381991102,0.004268988346422833,1.0888867140905845,-0.0016495058867880255,0.027935726618034635,-2.4193681687521664,-3.4272626622692526
PAL,2018-11-02 11:00:00,-4.122726177278858,0.5751708381991102,0.004268988346422833,1.0888867140905845,-0.0016495058867880255,0.027935726618034635,-2.4193681687521664,-3.4272626622692526
PAL,2018-11-03 11:00:00,-4.122726177278858,0.5751708381991102,0.004268988346422833,1.0888867140905845,-0.0016495058867880255,0.027935726618034635,-2.4193681687521664,-3.4272626622692526
PAL,2018-11-04 11:00:00,-4.122726177278858,0.5751708381991102,0.004268988346422833,1.0888867140905845,-0.0016495058867880255,0.027935726618034635,-2.4193681687521664,-3.4272626622692526
PAL,2018-11-05 11:00:00,-4.122726177278858,0.5751708381991102,0.004268988346422833,1.0888867140905845,-0.0016495058867880255,0.027935726618034635,-2.4193681687521664,-3.4272626622692526
PAL,2018-11-05 11:00:00,-4.667697588540799,0.37657747300183986,0.0009483255134260216,0.9575689402467481,-0.0015090799823733265,0.04977425611193832,-0.8162980008222455,-5.300356346501329
PAL,2018-11-06 11:00:00,-4.667697588540799,0.37657747300183986,0.0009483255134260216,0.9575689402467481,-0.0015090799823733265,0.04977425611193832,-0.8162980008222455,-5.300356346501329
PAL,2018-11-07 11:00:00,-4.667697588540799,0.37657747300183986,0.0009483255134260216,0.9575689402467481,-0.0015090799823733265,0.04977425611193832,-0.8162980008222455,-5.300356346501329
PAL,2018-11-08 11:00:00,-4.667697588540799,0.37657747300183986,0.0009483255134260216,0.9575689402467481,-0.0015090799823733265,0.04977425611193832,-0.8162980008222455,-5.300356346501329
PAL,2018-11-09 11:00:00,-4.667697588540799,0.37657747300183986,0.0009483255134260216,0.9575689402467481,-0.0015090799823733265,0.04977425611193832,-0.8162980008222455,-5.300356346501329
PAL,2018-11-10 11:00:00,-4.667697588540799,0.37657747300183986,0.0009483255134260216,0.9575689402467481,-0.0015090799823733265,0.04977425611193832,-0.8162980008222455,-5.300356346501329
PAL,2018-11-11 11:00:00,-4.667697588540799,0.37657747300183986,0.0009483255134260216,0.9575689402467481,-0.0015090799823733265,0.04977425611193832,-0.8162980008222455,-5.300356346501329
PAL,2018-11-12 11:00:00,-4.667697588540799,0.37657747300183986,0.0009483255134260216,0.9575689402467481,-0.0015090799823733265,0.04977425611193832,-0.8162980008222455,-5.300356346501329
PAL,2018-11-13 11:00:00,-4.667697588540799,0.37657747300183986,0.0009483255134260216,0.9575689402467481,-0.0015090799823733265,0.04977425611193832,-0.8162980008222455,-5.300356346501329
PAL,2018-11-14 11:00:00,-4.667697588540799,0.37657747300183986,0.0009483255134260216,0.9575689402467481,-0.0015090799823733265,0.04977425611193832,-0.8162980008222455,-5.300356346501329
PAL,2018-11-15 11:00:00,-4.667697588540799,0.37657747300183986,0.0009483255134260216,0.9575689402467481,-0.0015090799823733265,0.04977425611193832,-0.8162980008222455,-5.300356346501329
PAL,2018-11-16 11:00:00,-4.667697588540799,0.37657747300183986,0.0009483255134260216,0.9575689402467481,-0.0015090799823733265,0.04977425611193832,-0.8162980008222455,-5.300356346501329
PAL,2018-11-17 11:00:00,-4.667697588540799,0.37657747300183986,0.0009483255134260216,0.9575689402467481,-0.0015090799823733265,0.04977425611193832,-0.8162980008222455,-5.300356346501329
PAL,2018-11-18 11:00:00,-4.667697588540799,0.37657747300183986,0.0009483255134260216,0.9575689402467481,-0.0015090799823733265,0.04977425611193832,-0.8162980008222455,-5.300356346501329
PAL,2018-11-19 11:00:00,-4.667697588540799,0.37657747300183986,0.0009483255134260216,0.9575689402467481,-0.0015090799823733265,0.04977425611193832,-0.8162980008222455,-5.300356346501329
PAL,2018-11-19 11:00:00,-6.42752652306063,1.990537966156534,0.005957686724644379,0.675034815949486,-0.00023093169653797612,0.056437667479900554,-3.6011910834620577,-5.655666438138107
PAL,2018-11-20 11:00:00,-6.42752652306063,1.990537966156534,0.005957686724644379,0.675034815949486,-0.00023093169653797612,0.056437667479900554,-3.6011910834620577,-5.655666438138107
PAL,2018-11-21 11:00:00,-6.42752652306063,1.990537966156534,0.005957686724644379,0.675034815949486,-0.00023093169653797612,0.056437667479900554,-3.6011910834620577,-5.655666438138107
PAL,2018-11-22 11:00:00,-6.42752652306063,1.990537966156534,0.005957686724644379,0.675034815949486,-0.00023093169653797612,0.056437667479900554,-3.6011910834620577,-5.655666438138107
PAL,2018-11-23 11:00:00,-6.42752652306063,1.990537966156534,0.005957686724644379,0.675034815949486,-0.00023093169653797612,0.056437667479900554,-3.6011910834620577,-5.655666438138107
PAL,2018-11-24 11:00:00,-6.42752652306063,1.990537966156534,0.005957686724644379,0.675034815949486,-0.00023093169653797612,0.056437667479900554,-3.6011910834620577,-5.655666438138107
PAL,2018-11-25 11:00:00,-6.42752652306063,1.990537966156534,0.005957686724644379,0.675034815949486,-0.00023093169653797612,0.056437667479900554,-3.6011910834620577,-5.655666438138107
PAL,2018-11-26 11:00:00,-6.42752652306063,1.990537966156534,0.005957686724644379,0.675034815949486,-0.00023093169653797612,0.056437667479900554,-3.6011910834620577,-5.655666438138107
PAL,2018-11-27 11:00:00,-6.42752652306063,1.990537966156534,0.005957686724644379,0.675034815949486,-0.00023093169653797612,0.056437667479900554,-3.6011910834620577,-5.655666438138107
PAL,2018-11-28 11:00:00,-6.42752652306063,1.990537966156534,0.005957686724644379,0.675034815949486,-0.00023093169653797612,0.056437667479900554,-3.6011910834620577,-5.655666438138107
PAL,2018-11-29 11:00:00,-6.42752652306063,1.990537966156534,0.005957686724644379,0.675034815949486,-0.00023093169653797612,0.056437667479900554,-3.6011910834620577,-5.655666438138107
PAL,2018-11-30 11:00:00,-6.42752652306063,1.990537966156534,0.005957686724644379,0.675034815949486,-0.00023093169653797612,0.056437667479900554,-3.6011910834620577,-5.655666438138107
PAL,2018-12-01 11:00:00,-6.42752652306063,1.990537966156534,0.005957686724644379,0.675034815949486,-0.00023093169653797612,0.056437667479900554,-3.6011910834620577,-5.655666438138107
PAL,2018-12-02 11:00:00,-6.42752652306063,1.990537966156534,0.005957686724644379,0.675034815949486,-0.00023093169653797612,0.056437667479900554,-3.6011910834620577,-5.655666438138107
PAL,2018-12-03 11:00:00,-6.42752652306063,1.990537966156534,0.005957686724644379,0.675034815949486,-0.00023093169653797612,0.056437667479900554,-3.6011910834620577,-5.655666438138107
PAL,2018-12-03 11:00:00,-7.837761520108949,0.5097589661604371,0.001440563484348753,0.28651433630052126,-0.0003780796099362508,0.01801403869760954,-1.9704727413026333,-6.729208084263553
PAL,2018-12-04 11:00:00,-7.837761520108949,0.5097589661604371,0.001440563484348753,0.28651433630052126,-0.0003780796099362508,0.01801403869760954,-1.9704727413026333,-6.729208084263553
PAL,2018-12-05 11:00:00,-7.837761520108949,0.5097589661604371,0.001440563484348753,0.28651433630052126,-0.0003780796099362508,0.01801403869760954,-1.9704727413026333,-6.729208084263553
PAL,2018-12-06 11:00:00,-7.837761520108949,0.5097589661604371,0.001440563484348753,0.28651433630052126,-0.0003780796099362508,0.01801403869760954,-1.9704727413026333,-6.729208084263553
PAL,2018-12-07 11:00:00,-7.837761520108949,0.5097589661604371,0.001440563484348753,0.28651433630052126,-0.0003780796099362508,0.01801403869760954,-1.9704727413026333,-6.729208084263553
PAL,2018-12-08 11:00:00,-7.837761520108949,0.5097589661604371,0.001440563484348753,0.28651433630052126,-0.0003780796099362508,0.01801403869760954,-1.9704727413026333,-6.729208084263553
PAL,2018-12-09 11:00:00,-7.837761520108949,0.5097589661604371,0.001440563484348753,0.28651433630052126,-0.0003780796099362508,0.01801403869760954,-1.9704727413026333,-6.729208084263553
PAL,2018-12-10 11:00:00,-7.837761520108949,0.5097589661604371,0.001440563484348753,0.28651433630052126,-0.0003780796099362508,0.01801403869760954,-1.9704727413026333,-6.729208084263553
PAL,2018-12-11 11:00:00,-7.837761520108949,0.5097589661604371,0.001440563484348753,0.28651433630052126,-0.0003780796099362508,0.01801403869760954,-1.9704727413026333,-6.729208084263553
PAL,2018-12-12 11:00:00,-7.837761520108949,0.5097589661604371,0.001440563484348753,0.28651433630052126,-0.0003780796099362508,0.01801403869760954,-1.9704727413026333,-6.729208084263553
PAL,2018-12-13 11:00:00,-7.837761520108949,0.5097589661604371,0.001440563484348753,0.28651433630052126,-0.0003780796099362508,0.01801403869760954,-1.9704727413026333,-6.729208084263553
PAL,2018-12-14 11:00:00,-7.837761520108949,0.5097589661604371,0.001440563484348753,0.28651433630052126,-0.0003780796099362508,0.01801403869760954,-1.9704727413026333,-6.729208084263553
PAL,2018-12-15 11:00:00,-7.837761520108949,0.5097589661604371,0.001440563484348753,0.28651433630052126,-0.0003780796099362508,0.01801403869760954,-1.9704727413026333,-6.729208084263553
PAL,2018-12-16 11:00:00,-7.837761520108949,0.5097589661604371,0.001440563484348753,0.28651433630052126,-0.0003780796099362508,0.01801403869760954,-1.9704727413026333,-6.729208084263553
PAL,2018-12-17 11:00:00,-7.837761520108949,0.5097589661604371,0.001440563484348753,0.28651433630052126,-0.0003780796099362508,0.01801403869760954,-1.9704727413026333,-6.729208084263553
PAL,2018-12-17 11:00:00,-8.37022045940407,1.3752253400476548,0.0014487043669544424,0.44652020325341985,-0.00010718398424095737,0.008215743542446804,-2.1533250616987627,-8.11953028730655
PAL,2018-12-18 11:00:00,-8.37022045940407,1.3752253400476548,0.0014487043669544424,0.44652020325341985,-0.00010718398424095737,0.008215743542446804,-2.1533250616987627,-8.11953028730655
PAL,2018-12-19 11:00:00,-8.37022045940407,1.3752253400476548,0.0014487043669544424,0.44652020325341985,-0.00010718398424095737,0.008215743542446804,-2.1533250616987627,-8.11953028730655
PAL,2018-12-20 11:00:00,-8.37022045940407,1.3752253400476548,0.0014487043669544424,0.44652020325341985,-0.00010718398424095737,0.008215743542446804,-2.1533250616987627,-8.11953028730655
PAL,2018-12-21 11:00:00,-8.37022045940407,1.3752253400476548,0.0014487043669544424,0.44652020325341985,-0.00010718398424095737,0.008215743542446804,-2.1533250616987627,-8.11953028730655
PAL,2018-12-22 11:00:00,-8.37022045940407,1.3752253400476548,0.0014487043669544424,0.44652020325341985,-0.00010718398424095737,0.008215743542446804,-2.1533250616987627,-8.11953028730655
PAL,2018-12-23 11:00:00,-8.37022045940407,1.3752253400476548,0.0014487043669544424,0.44652020325341985,-0.00010718398424095737,0.008215743542446804,-2.1533250616987627,-8.11953028730655
PAL,2018-12-24 11:00:00,-8.37022045940407,1.3752253400476548,0.0014487043669544424,0.44652020325341985,-0.00010718398424095737,0.008215743542446804,-2.1533250616987627,-8.11953028730655
PAL,2018-12-25 11:00:00,-8.37022045940407,1.3752253400476548,0.0014487043669544424,0.44652020325341985,-0.00010718398424095737,0.008215743542446804,-2.1533250616987627,-8.11953028730655
PAL,2018-12-26 11:00:00,-8.37022045940407,1.3752253400476548,0.0014487043669544424,0.44652020325341985,-0.00010718398424095737,0.008215743542446804,-2.1533250616987627,-8.11953028730655
PAL,2018-12-27 11:00:00,-8.37022045940407,1.3752253400476548,0.0014487043669544424,0.44652020325341985,-0.00010718398424095737,0.008215743542446804,-2.1533250616987627,-8.11953028730655
PAL,2018-12-28 11:00:00,-8.37022045940407,1.3752253400476548,0.0014487043669544424,0.44652020325341985,-0.00010718398424095737,0.008215743542446804,-2.1533250616987627,-8.11953028730655
PAL,2018-12-29 11:00:00,-8.37022045940407,1.3752253400476548,0.0014487043669544424,0.44652020325341985,-0.00010718398424095737,0.008215743542446804,-2.1533250616987627,-8.11953028730655
PAL,2018-12-30 11:00:00,-8.37022045940407,1.3752253400476548,0.0014487043669544424,0.44652020325341985,-0.00010718398424095737,0.008215743542446804,-2.1533250616987627,-8.11953028730655
PAL,2018-12-31 11:00:00,-8.37022045940407,1.3752253400476548,0.0014487043669544424,0.44652020325341985,-0.00010718398424095737,0.008215743542446804,-2.1533250616987627,-8.11953028730655
PAL,2018-12-31 11:00:00,-7.354345692119989,2.393194158630134,0.0002752128465455921,0.4875836573482506,-6.427240911541589e-05,0.004352415128761857,-2.958675424776011,-7.332652530648454
PAL,2019-01-01 11:00:00,-7.354345692119989,2.393194158630134,0.0002752128465455921,0.4875836573482506,-6.427240911541589e-05,0.004352415128761857,-2.958675424776011,-7.332652530648454
PAL,2019-01-02 11:00:00,-7.354345692119989,2.393194158630134,0.0002752128465455921,0.4875836573482506,-6.427240911541589e-05,0.004352415128761857,-2.958675424776011,-7.332652530648454
PAL,2019-01-03 11:00:00,-7.354345692119989,2.393194158630134,0.0002752128465455921,0.4875836573482506,-6.427240911541589e-05,0.004352415128761857,-2.958675424776011,-7.332652530648454
PAL,2019-01-04 11:00:00,-7.354345692119989,2.393194158630134,0.0002752128465455921,0.4875836573482506,-6.427240911541589e-05,0.004352415128761857,-2.958675424776011,-7.332652530648454
PAL,2019-01-05 11:00:00,-7.354345692119989,2.393194158630134,0.0002752128465455921,0.4875836573482506,-6.427240911541589e-05,0.004352415128761857,-2.958675424776011,-7.332652530648454
PAL,2019-01-06 11:00:00,-7.354345692119989,2.393194158630134,0.0002752128465455921,0.4875836573482506,-6.427240911541589e-05,0.004352415128761857,-2.958675424776011,-7.332652530648454
PAL,2019-01-07 11:00:00,-7.354345692119989,2.393194158630134,0.0002752128465455921,0.4875836573482506,-6.427240911541589e-05,0.004352415128761857,-2.958675424776011,-7.332652530648454
PAL,2019-01-08 11:00:00,-7.354345692119989,2.393194158630134,0.0002752128465455921,0.4875836573482506,-6.427240911541589e-05,0.004352415128761857,-2.958675424776011,-7.332652530648454
PAL,2019-01-09 11:00:00,-7.354345692119989,2.393194158630134,0.0002752128465455921,0.4875836573482506,-6.427240911541589e-05,0.004352415128761857,-2.958675424776011,-7.332652530648454
PAL,2019-01-10 11:00:00,-7.354345692119989,2.393194158630134,0.0002752128465455921,0.4875836573482506,-6.427240911541589e-05,0.004352415128761857,-2.958675424776011,-7.332652530648454
PAL,2019-01-11 11:00:00,-7.354345692119989,2.393194158630134,0.0002752128465455921,0.4875836573482506,-6.427240911541589e-05,0.004352415128761857,-2.958675424776011,-7.332652530648454
PAL,2019-01-12 11:00:00,-7.354345692119989,2.393194158630134,0.0002752128465455921,0.4875836573482506,-6.427240911541589e-05,0.004352415128761857,-2.958675424776011,-7.332652530648454
PAL,2019-01-13 11:00:00,-7.354345692119989,2.393194158630134,0.0002752128465455921,0.4875836573482506,-6.427240911541589e-05,0.004352415128761857,-2.958675424776011,-7.332652530648454
PAL,2019-01-14 11:00:00,-7.354345692119989,2.393194158630134,0.0002752128465455921,0.4875836573482506,-6.427240911541589e-05,0.004352415128761857,-2.958675424776011,-7.332652530648454
SAC,2018-01-01 11:00:00,18.151689258116413,37.49979860923458,0.0534456490278113,0.1866977657125666,-0.0009274464463803214,0.06029589477169612,-21.09100093074131,1.485222087555954
SAC,2018-01-02 11:00:00,18.151689258116413,37.49979860923458,0.0534456490278113,0.1866977657125666,-0.0009274464463803214,0.06029589477169612,-21.09100093074131,1.485222087555954
SAC,2018-01-03 11:00:00,18.151689258116413,37.49979860923458,0.0534456490278113,0.1866977657125666,-0.0009274464463803214,0.06029589477169612,-21.09100093074131,1.485222087555954
SAC,2018-01-04 11:00:00,18.151689258116413,37.49979860923458,0.0534456490278113,0.1866977657125666,-0.0009274464463803214,0.06029589477169612,-21.09100093074131,1.485222087555954
SAC,2018-01-05 11:00:00,18.151689258116413,37.49979860923458,0.0534456490278113,0.1866977657125666,-0.0009274464463803214,0.06029589477169612,-21.09100093074131,1.485222087555954
SAC,2018-01-06 11:00:00,18.151689258116413,37.49979860923458,0.0534456490278113,0.1866977657125666,-0.0009274464463803214,0.06029589477169612,-21.09100093074131,1.485222087555954
SAC,2018-01-07 11:00:00,18.151689258116413,37.49979860923458,0.0534456490278113,0.1866977657125666,-0.0009274464463803214,0.06029589477169612,-21.09100093074131,1.485222087555954
SAC,2018-01-08 11:00:00,18.151689258116413,37.49979860923458,0.0534456490278113,0.1866977657125666,-0.0009274464463803214,0.06029589477169612,-21.09100093074131,1.485222087555954
SAC,2018-01-09 11:00:00,18.151689258116413,37.49979860923458,0.0534456490278113,0.1866977657125666,-0.0009274464463803214,0.06029589477169612,-21.09100093074131,1.485222087555954
SAC,2018-01-10 11:00:00,18.151689258116413,37.49979860923458,0.0534456490278113,0.1866977657125666,-0.0009274464463803214,0.06029589477169612,-21.09100093074131,1.485222087555954
SAC,2018-01-11 11:00:00,18.151689258116413,37.49979860923458,0.0534456490278113,0.1866977657125666,-0.0009274464463803214,0.06029589477169612,-21.09100093074131,1.485222087555954
SAC,2018-01-12 11:00:00,18.151689258116413,37.49979860923458,0.0534456490278113,0.1866977657125666,-0.0009274464463803214,0.06029589477169612,-21.09100093074131,1.485222087555954
SAC,2018-01-13 11:00:00,18.151689258116413,37.49979860923458,0.0534456490278113,0.1866977657125666,-0.0009274464463803214,0.06029589477169612,-21.09100093074131,1.485222087555954
SAC,2018-01-14 11:00:00,18.151689258116413,37.49979860923458,0.0534456490278113,0.1866977657125666,-0.0009274464463803214,0.06029589477169612,-21.09100093074131,1.485222087555954
SAC,2018-01-15 11:00:00,18.151689258116413,37.49979860923458,0.0534456490278113,0.1866977657125666,-0.0009274464463803214,0.06029589477169612,-21.09100093074131,1.485222087555954
SAC,2018-01-15 11:00:00,-45.456700250656716,3.9894354713498066,0.01837857691806824,0.37213182572243997,-0.0009680883079627923,0.1206573713064251,-50.51612851525014,0.6005470956952053
SAC,2018-01-16 11:00:00,-45.456700250656716,3.9894354713498066,0.01837857691806824,0.37213182572243997,-0.0009680883079627923,0.1206573713064251,-50.51612851525014,0.6005470956952053
SAC,2018-01-17 11:00:00,-45.456700250656716,3.9894354713498066,0.01837857691806824,0.37213182572243997,-0.0009680883079627923,0.1206573713064251,-50.51612851525014,0.6005470956952053
SAC,2018-01-18 11:00:00,-45.456700250656716,3.9894354713498066,0.01837857691806824,0.37213182572243997,-0.0009680883079627923,0.1206573713064251,-50.51612851525014,0.6005470956952053
SAC,2018-01-19 11:00:00,-45.456700250656716,3.9894354713498066,0.01837857691806824,0.37213182572243997,-0.0009680883079627923,0.1206573713064251,-50.51612851525014,0.6005470956952053
SAC,2018-01-20 11:00:00,-45.456700250656716,3.9894354713498066,0.01837857691806824,0.37213182572243997,-0.0009680883079627923,0.1206573713064251,-50.51612851525014,0.6005470956952053
SAC,2018-01-21 11:00:00,-45.456700250656716,3.9894354713498066,0.01837857691806824,0.37213182572243997,-0.0009680883079627923,0.1206573713064251,-50.51612851525014,0.6005470956952053
SAC,2018-01-22 11:00:00,-45.456700250656716,3.9894354713498066,0.01837857691806824,0.37213182572243997,-0.0009680883079627923,0.1206573713064251,-50.51612851525014,0.6005470956952053
SAC,2018-01-23 11:00:00,-45.456700250656716,3.9894354713498066,0.01837857691806824,0.37213182572243997,-0.0009680883079627923,0.1206573713064251,-50.51612851525014,0.6005470956952053
SAC,2018-01-24 11:00:00,-45.456700250656716,3.9894354713498066,0.01837857691806824,0.37213182572243997,-0.0009680883079627923,0.1206573713064251,-50.51612851525014,0.6005470956952053
SAC,2018-01-25 11:00:00,-45.456700250656716,3.9894354713498066,0.01837857691806824,0.37213182572243997,-0.0009680883079627923,0.1206573713064251,-50.51612851525014,0.6005470956952053
SAC,2018-01-26 11:00:00,-45.456700250656716,3.9894354713498066,0.01837857691806824,0.37213182572243997,-0.0009680883079627923,0.1206573713064251,-50.51612851525014,0.6005470956952053
SAC,2018-01-27 11:00:00,-45.456700250656716,3.9894354713498066,0.01837857691806824,0.37213182572243997,-0.0009680883079627923,0.1206573713064251,-50.51612851525014,0.6005470956952053
SAC,2018-01-28 11:00:00,-45.456700250656716,3.9894354713498066,0.01837857691806824,0.37213182572243997,-0.0009680883079627923,0.1206573713064251,-50.51612851525014,0.6005470956952053
SAC,2018-01-29 11:00:00,-45.456700250656716,3.9894354713498066,0.01837857691806824,0.37213182572243997,-0.0009680883079627923,0.1206573713064251,-50.51612851525014,0.6005470956952053
SAC,2018-01-29 11:00:00,-9.988167969923712,4.6393404093407264,0.022622658863211784,0.11943149624285944,-0.0009634823765413779,0.046336212983866545,-14.38695737701688,-0.4371415621332243
SAC,2018-01-30 11:00:00,-9.988167969923712,4.6393404093407264,0.022622658863211784,0.11943149624285944,-0.0009634823765413779,0.046336212983866545,-14.38695737701688,-0.4371415621332243
SAC,2018-01-31 11:00:00,-9.988167969923712,4.6393404093407264,0.022622658863211784,0.11943149624285944,-0.0009634823765413779,0.046336212983866545,-14.38695737701688,-0.4371415621332243
SAC,2018-02-01 11:00:00,-9.988167969923712,4.6393404093407264,0.022622658863211784,0.11943149624285944,-0.0009634823765413779,0.046336212983866545,-14.38695737701688,-0.4371415621332243
SAC,2018-02-02 11:00:00,-9.988167969923712,4.6393404093407264,0.022622658863211784,0.11943149624285944,-0.0009634823765413779,0.046336212983866545,-14.38695737701688,-0.4371415621332243
SAC,2018-02-03 11:00:00,-9.988167969923712,4.6393404093407264,0.022622658863211784,0.11943149624285944,-0.0009634823765413779,0.046336212983866545,-14.38695737701688,-0.4371415621332243
SAC,2018-02-04 11:00:00,-9.988167969923712,4.6393404093407264,0.022622658863211784,0.11943149624285944,-0.0009634823765413779,0.046336212983866545,-14.38695737701688,-0.4371415621332243
SAC,2018-02-05 11:00:00,-9.988167969923712,4.6393404093407264,0.022622658863211784,0.11943149624285944,-0.0009634823765413779,0.046336212983866545,-14.38695737701688,-0.4371415621332243
SAC,2018-02-06 11:00:00,-9.988167969923712,4.6393404093407264,0.022622658863211784,0.11943149624285944,-0.0009634823765413779,0.046336212983866545,-14.38695737701688,-0.4371415621332243
SAC,2018-02-07 11:00:00,-9.988167969923712,4.6393404093407264,0.022622658863211784,0.11943149624285944,-0.0009634823765413779,0.046336212983866545,-14.38695737701688,-0.4371415621332243
SAC,2018-02-08 11:00:00,-9.988167969923712,4.6393404093407264,0.022622658863211784,0.11943149624285944,-0.0009634823765413779,0.046336212983866545,-14.38695737701688,-0.4371415621332243
SAC,2018-02-09 11:00:00,-9.988167969923712,4.6393404093407264,0.022622658863211784,0.11943149624285944,-0.0009634823765413779,0.046336212983866545,-14.38695737701688,-0.4371415621332243
SAC,2018-02-10 11:00:00,-9.988167969923712,4.6393404093407264,0.022622658863211784,0.11943149624285944,-0.0009634823765413779,0.046336212983866545,-14.38695737701688,-0.4371415621332243
SAC,2018-02-11 11:00:00,-9.988167969923712,4.6393404093407264,0.022622658863211784,0.11943149624285944,-0.0009634823765413779,0.046336212983866545,-14.38695737701688,-0.4371415621332243
SAC,2018-02-12 11:00:00,-9.988167969923712,4.6393404093407264,0.022622658863211784,0.11943149624285944,-0.0009634823765413779,0.046336212983866545,-14.38695737701688,-0.4371415621332243
SAC,2018-02-12 11:00:00,-21.52472430651884,5.36233155770491,0.012949893197220142,0.262825823674872,-0.0006282140586737351,0.07011868206992447,-26.773451705509945,-0.4763794130949242
SAC,2018-02-13 11:00:00,-21.52472430651884,5.36233155770491,0.012949893197220142,0.262825823674872,-0.0006282140586737351,0.07011868206992447,-26.773451705509945,-0.4763794130949242
SAC,2018-02-14 11:00:00,-21.52472430651884,5.36233155770491,0.012949893197220142,0.262825823674872,-0.0006282140586737351,0.07011868206992447,-26.773451705509945,-0.4763794130949242
SAC,2018-02-15 11:00:00,-21.52472430651884,5.36233155770491,0.012949893197220142,0.262825823674872,-0.0006282140586737351,0.07011868206992447,-26.773451705509945,-0.4763794130949242
SAC,2018-02-16 11:00:00,-21.52472430651884,5.36233155770491,0.012949893197220142,0.262825823674872,-0.0006282140586737351,0.07011868206992447,-26.773451705509945,-0.4763794130949242
SAC,2018-02-17 11:00:00,-21.52472430651884,5.36233155770491,0.012949893197220142,0.262825823674872,-0.0006282140586737351,0.07011868206992447,-26.773451705509945,-0.4763794130949242
SAC,2018-02-18 11:00:00,-21.52472430651884,5.36233155770491,0.012949893197220142,0.262825823674872,-0.0006282140586737351,0.07011868206992447,-26.773451705509945,-0.4763794130949242
SAC,2018-02-19 11:00:00,-21.52472430651884,5.36233155770491,0.012949893197220142,0.262825823674872,-0.0006282140586737351,0.07011868206992447,-26.773451705509945,-0.4763794130949242
SAC,2018-02-20 11:00:00,-21.52472430651884,5.36233155770491,0.012949893197220142,0.262825823674872,-0.0006282140586737351,0.07011868206992447,-26.773451705509945,-0.4763794130949242
SAC,2018-02-21 11:00:00,-21.52472430651884,5.36233155770491,0.012949893197220142,0.262825823674872,-0.0006282140586737351,0.07011868206992447,-26.773451705509945,-0.4763794130949242
SAC,2018-02-22 11:00:00,-21.52472430651884,5.36233155770491,0.012949893197220142,0.262825823674872,-0.0006282140586737351,0.07011868206992447,-26.773451705509945,-0.4763794130949242
SAC,2018-02-23 11:00:00,-21.52472430651884,5.36233155770491,0.012949893197220142,0.262825823674872,-0.0006282140586737351,0.07011868206992447,-26.773451705509945,-0.4763794130949242
SAC,2018-02-24 11:00:00,-21.52472430651884,5.36233155770491,0.012949893197220142,0.262825823674872,-0.0006282140586737351,0.07011868206992447,-26.773451705509945,-0.4763794130949242
SAC,2018-02-25 11:00:00,-21.52472430651884,5.36233155770491,0.012949893197220142,0.262825823674872,-0.0006282140586737351,0.07011868206992447,-26.773451705509945,-0.4763794130949242
SAC,2018-02-26 11:00:00,-21.52472430651884,5.36233155770491,0.012949893197220142,0.262825823674872,-0.0006282140586737351,0.07011868206992447,-26.773451705509945,-0.4763794130949242
SAC,2018-02-26 11:00:00,-29.605147519541276,5.948300656836861,0.006690312945196229,0.3564588751049664,-0.00019318866143546863,0.05318885276239495,-34.802305127041684,-1.2189726563042274
SAC,2018-02-27 11:00:00,-29.605147519541276,5.948300656836861,0.006690312945196229,0.3564588751049664,-0.00019318866143546863,0.05318885276239495,-34.802305127041684,-1.2189726563042274
SAC,2018-02-28 11:00:00,-29.605147519541276,5.948300656836861,0.006690312945196229,0.3564588751049664,-0.00019318866143546863,0.05318885276239495,-34.802305127041684,-1.2189726563042274
SAC,2018-03-01 11:00:00,-29.605147519541276,5.948300656836861,0.006690312945196229,0.3564588751049664,-0.00019318866143546863,0.05318885276239495,-34.802305127041684,-1.2189726563042274
SAC,2018-03-02 11:00:00,-29.605147519541276,5.948300656836861,0.006690312945196229,0.3564588751049664,-0.00019318866143546863,0.05318885276239495,-34.802305127041684,-1.2189726563042274
SAC,2018-03-03 11:00:00,-29.605147519541276,5.948300656836861,0.006690312945196229,0.3564588751049664,-0.00019318866143546863,0.05318885276239495,-34.802305127041684,-1.2189726563042274
SAC,2018-03-04 11:00:00,-29.605147519541276,5.948300656836861,0.006690312945196229,0.3564588751049664,-0.00019318866143546863,0.05318885276239495,-34.802305127041684,-1.2189726563042274
SAC,2018-03-05 11:00:00,-29.605147519541276,5.948300656836861,0.006690312945196229,0.3564588751049664,-0.00019318866143546863,0.05318885276239495,-34.802305127041684,-1.2189726563042274
SAC,2018-03-06 11:00:00,-29.605147519541276,5.948300656836861,0.006690312945196229,0.3564588751049664,-0.00019318866143546863,0.05318885276239495,-34.802305127041684,-1.2189726563042274
SAC,2018-03-07 11:00:00,-29.605147519541276,5.948300656836861,0.006690312945196229,0.3564588751049664,-0.00019318866143546863,0.05318885276239495,-34.802305127041684,-1.2189726563042274
SAC,2018-03-08 11:00:00,-29.605147519541276,5.948300656836861,0.006690312945196229,0.3564588751049664,-0.00019318866143546863,0.05318885276239495,-34.802305127041684,-1.2189726563042274
SAC,2018-03-09 11:00:00,-29.605147519541276,5.948300656836861,0.006690312945196229,0.3564588751049664,-0.00019318866143546863,0.05318885276239495,-34.802305127041684,-1.2189726563042274
SAC,2018-03-10 11:00:00,-29.605147519541276,5.948300656836861,0.006690312945196229,0.3564588751049664,-0.00019318866143546863,0.05318885276239495,-34.802305127041684,-1.2189726563042274
SAC,2018-03-11 11:00:00,-29.605147519541276,5.948300656836861,0.006690312945196229,0.3564588751049664,-0.00019318866143546863,0.05318885276239495,-34.802305127041684,-1.2189726563042274
SAC,2018-03-12 11:00:00,-29.605147519541276,5.948300656836861,0.006690312945196229,0.3564588751049664,-0.00019318866143546863,0.05318885276239495,-34.802305127041684,-1.2189726563042274
SAC,2018-03-12 11:00:00,-22.969601273934007,2.812286281595174,0.0202777549252637,0.3570729965287481,-0.0006564309477308626,0.019185895088248202,-24.66887910697301,-1.5530935128702688
SAC,2018-03-13 11:00:00,-22.969601273934007,2.812286281595174,0.0202777549252637,0.3570729965287481,-0.0006564309477308626,0.019185895088248202,-24.66887910697301,-1.5530935128702688
SAC,2018-03-14 11:00:00,-22.969601273934007,2.812286281595174,0.0202777549252637,0.3570729965287481,-0.0006564309477308626,0.019185895088248202,-24.66887910697301,-1.5530935128702688
SAC,2018-03-15 11:00:00,-22.969601273934007,2.812286281595174,0.0202777549252637,0.3570729965287481,-0.0006564309477308626,0.019185895088248202,-24.66887910697301,-1.5530935128702688
SAC,2018-03-16 11:00:00,-22.969601273934007,2.812286281595174,0.0202777549252637,0.3570729965287481,-0.0006564309477308626,0.019185895088248202,-24.66887910697301,-1.5530935128702688
SAC,2018-03-17 11:00:00,-22.969601273934007,2.812286281595174,0.0202777549252637,0.3570729965287481,-0.0006564309477308626,0.019185895088248202,-24.66887910697301,-1.5530935128702688
SAC,2018-03-18 11:00:00,-22.969601273934007,2.812286281595174,0.0202777549252637,0.3570729965287481,-0.0006564309477308626,0.019185895088248202,-24.66887910697301,-1.5530935128702688
SAC,2018-03-19 11:00:00,-22.969601273934007,2.812286281595174,0.0202777549252637,0.3570729965287481,-0.0006564309477308626,0.019185895088248202,-24.66887910697301,-1.5530935128702688
SAC,2018-03-20 11:00:00,-22.969601273934007,2.812286281595174,0.0202777549252637,0.3570729965287481,-0.0006564309477308626,0.019185895088248202,-24.66887910697301,-1.5530935128702688
SAC,2018-03-21 11:00:00,-22.969601273934007,2.812286281595174,0.0202777549252637,0.3570729965287481,-0.0006564309477308626,0.019185895088248202,-24.66887910697301,-1.5530935128702688
SAC,2018-03-22 11:00:00,-22.969601273934007,2.812286281595174,0.0202777549252637,0.3570729965287481,-0.0006564309477308626,0.019185895088248202,-24.66887910697301,-1.5530935128702688
SAC,2018-03-23 11:00:00,-22.969601273934007,2.812286281595174,0.0202777549252637,0.3570729965287481,-0.0006564309477308626,0.019185895088248202,-24.66887910697301,-1.5530935128702688
SAC,2018-03-24 11:00:00,-22.969601273934007,2.812286281595174,0.0202777549252637,0.3570729965287481,-0.0006564309477308626,0.019185895088248202,-24.66887910697301,-1.5530935128702688
SAC,2018-03-25 11:00:00,-22.969601273934007,2.812286281595174,0.0202777549252637,0.3570729965287481,-0.0006564309477308626,0.019185895088248202,-24.66887910697301,-1.5530935128702688
SAC,2018-03-26 11:00:00,-22.969601273934007,2.812286281595174,0.0202777549252637,0.3570729965287481,-0.0006564309477308626,0.019185895088248202,-24.66887910697301,-1.5530935128702688
SAC,2018-03-26 11:00:00,-20.08423503416592,5.645311085001065,0.014293183819034576,0.2963856620231981,-0.0006913516844662939,0.012952939223192543,-25.04044047134188,-1.0413873797068876
SAC,2018-03-27 11:00:00,-20.08423503416592,5.645311085001065,0.014293183819034576,0.2963856620231981,-0.0006913516844662939,0.012952939223192543,-25.04044047134188,-1.0413873797068876
SAC,2018-03-28 11:00:00,-20.08423503416592,5.645311085001065,0.014293183819034576,0.2963856620231981,-0.0006913516844662939,0.012952939223192543,-25.04044047134188,-1.0413873797068876
SAC,2018-03-29 11:00:00,-20.08423503416592,5.645311085001065,0.014293183819034576,0.2963856620231981,-0.0006913516844662939,0.012952939223192543,-25.04044047134188,-1.0413873797068876
SAC,2018-03-30 11:00:00,-20.08423503416592,5.645311085001065,0.014293183819034576,0.2963856620231981,-0.0006913516844662939,0.012952939223192543,-25.04044047134188,-1.0413873797068876
SAC,2018-03-31 11:00:00,-20.08423503416592,5.645311085001065,0.014293183819034576,0.2963856620231981,-0.0006913516844662939,0.012952939223192543,-25.04044047134188,-1.0413873797068876
SAC,2018-04-01 11:00:00,-20.08423503416592,5.645311085001065,0.014293183819034576,0.2963856620231981,-0.0006913516844662939,0.012952939223192543,-25.04044047134188,-1.0413873797068876
SAC,2018-04-02 11:00:00,-20.08423503416592,5.645311085001065,0.014293183819034576,0.2963856620231981,-0.0006913516844662939,0.012952939223192543,-25.04044047134188,-1.0413873797068876
SAC,2018-04-03 11:00:00,-20.08423503416592,5.645311085001065,0.014293183819034576,0.2963856620231981,-0.0006913516844662939,0.012952939223192543,-25.04044047134188,-1.0413873797068876
SAC,2018-04-04 11:00:00,-20.08423503416592,5.645311085001065,0.014293183819034576,0.2963856620231981,-0.0006913516844662939,0.012952939223192543,-25.04044047134188,-1.0413873797068876
SAC,2018-04-05 11:00:00,-20.08423503416592,5.645311085001065,0.014293183819034576,0.2963856620231981,-0.0006913516844662939,0.012952939223192543,-25.04044047134188,-1.0413873797068876
SAC,2018-04-06 11:00:00,-20.08423503416592,5.645311085001065,0.014293183819034576,0.2963856620231981,-0.0006913516844662939,0.012952939223192543,-25.04044047134188,-1.0413873797068876
SAC,2018-04-07 11:00:00,-20.08423503416592,5.645311085001065,0.014293183819034576,0.2963856620231981,-0.0006913516844662939,0.012952939223192543,-25.04044047134188,-1.0413873797068876
SAC,2018-04-08 11:00:00,-20.08423503416592,5.645311085001065,0.014293183819034576,0.2963856620231981,-0.0006913516844662939,0.012952939223192543,-25.04044047134188,-1.0413873797068876
SAC,2018-04-09 11:00:00,-20.08423503416592,5.645311085001065,0.014293183819034576,0.2963856620231981,-0.0006913516844662939,0.012952939223192543,-25.04044047134188,-1.0413873797068876
SAC,2018-04-09 11:00:00,-15.23807031630032,5.623186572698475,0.014724388034189143,0.5352282954129025,-0.001180437452071652,0.014175605662681641,-20.456773056337248,-0.9906154417854214
SAC,2018-04-10 11:00:00,-15.23807031630032,5.623186572698475,0.014724388034189143,0.5352282954129025,-0.001180437452071652,0.014175605662681641,-20.456773056337248,-0.9906154417854214
SAC,2018-04-11 11:00:00,-15.23807031630032,5.623186572698475,0.014724388034189143,0.5352282954129025,-0.001180437452071652,0.014175605662681641,-20.456773056337248,-0.9906154417854214
SAC,2018-04-12 11:00:00,-15.23807031630032,5.623186572698475,0.014724388034189143,0.5352282954129025,-0.001180437452071652,0.014175605662681641,-20.456773056337248,-0.9906154417854214
SAC,2018-04-13 11:00:00,-15.23807031630032,5.623186572698475,0.014724388034189143,0.5352282954129025,-0.001180437452071652,0.014175605662681641,-20.456773056337248,-0.9906154417854214
SAC,2018-04-14 11:00:00,-15.23807031630032,5.623186572698475,0.014724388034189143,0.5352282954129025,-0.001180437452071652,0.014175605662681641,-20.456773056337248,-0.9906154417854214
SAC,2018-04-15 11:00:00,-15.23807031630032,5.623186572698475,0.014724388034189143,0.5352282954129025,-0.001180437452071652,0.014175605662681641,-20.456773056337248,-0.9906154417854214
SAC,2018-04-16 11:00:00,-15.23807031630032,5.623186572698475,0.014724388034189143,0.5352282954129025,-0.001180437452071652,0.014175605662681641,-20.456773056337248,-0.9906154417854214
SAC,2018-04-17 11:00:00,-15.23807031630032,5.623186572698475,0.014724388034189143,0.5352282954129025,-0.001180437452071652,0.014175605662681641,-20.456773056337248,-0.9906154417854214
SAC,2018-04-18 11:00:00,-15.23807031630032,5.623186572698475,0.014724388034189143,0.5352282954129025,-0.001180437452071652,0.014175605662681641,-20.456773056337248,-0.9906154417854214
SAC,2018-04-19 11:00:00,-15.23807031630032,5.623186572698475,0.014724388034189143,0.5352282954129025,-0.001180437452071652,0.014175605662681641,-20.456773056337248,-0.9906154417854214
SAC,2018-04-20 11:00:00,-15.23807031630032,5.623186572698475,0.014724388034189143,0.5352282954129025,-0.001180437452071652,0.014175605662681641,-20.456773056337248,-0.9906154417854214
SAC,2018-04-21 11:00:00,-15.23807031630032,5.623186572698475,0.014724388034189143,0.5352282954129025,-0.001180437452071652,0.014175605662681641,-20.456773056337248,-0.9906154417854214
SAC,2018-04-22 11:00:00,-15.23807031630032,5.623186572698475,0.014724388034189143,0.5352282954129025,-0.001180437452071652,0.014175605662681641,-20.456773056337248,-0.9906154417854214
SAC,2018-04-23 11:00:00,-15.23807031630032,5.623186572698475,0.014724388034189143,0.5352282954129025,-0.001180437452071652,0.014175605662681641,-20.456773056337248,-0.9906154417854214
SAC,2018-04-23 11:00:00,-34.40531379233214,4.542529778729369,0.010283815116886395,1.1555311630257084,-0.0012282256147799924,-0.005555986078182662,-38.22870143241129,-1.949969819736432
SAC,2018-04-24 11:00:00,-34.40531379233214,4.542529778729369,0.010283815116886395,1.1555311630257084,-0.0012282256147799924,-0.005555986078182662,-38.22870143241129,-1.949969819736432
SAC,2018-04-25 11:00:00,-34.40531379233214,4.542529778729369,0.010283815116886395,1.1555311630257084,-0.0012282256147799924,-0.005555986078182662,-38.22870143241129,-1.949969819736432
SAC,2018-04-26 11:00:00,-34.40531379233214,4.542529778729369,0.010283815116886395,1.1555311630257084,-0.0012282256147799924,-0.005555986078182662,-38.22870143241129,-1.949969819736432
SAC,2018-04-27 11:00:00,-34.40531379233214,4.542529778729369,0.010283815116886395,1.1555311630257084,-0.0012282256147799924,-0.005555986078182662,-38.22870143241129,-1.949969819736432
SAC,2018-04-28 11:00:00,-34.40531379233214,4.542529778729369,0.010283815116886395,1.1555311630257084,-0.0012282256147799924,-0.005555986078182662,-38.22870143241129,-1.949969819736432
SAC,2018-04-29 11:00:00,-34.40531379233214,4.542529778729369,0.010283815116886395,1.1555311630257084,-0.0012282256147799924,-0.005555986078182662,-38.22870143241129,-1.949969819736432
SAC,2018-04-30 11:00:00,-34.40531379233214,4.542529778729369,0.010283815116886395,1.1555311630257084,-0.0012282256147799924,-0.005555986078182662,-38.22870143241129,-1.949969819736432
SAC,2018-05-01 11:00:00,-34.40531379233214,4.542529778729369,0.010283815116886395,1.1555311630257084,-0.0012282256147799924,-0.005555986078182662,-38.22870143241129,-1.949969819736432
SAC,2018-05-02 11:00:00,-34.40531379233214,4.542529778729369,0.010283815116886395,1.1555311630257084,-0.0012282256147799924,-0.005555986078182662,-38.22870143241129,-1.949969819736432
SAC,2018-05-03 11:00:00,-34.40531379233214,4.542529778729369,0.010283815116886395,1.1555311630257084,-0.0012282256147799924,-0.005555986078182662,-38.22870143241129,-1.949969819736432
SAC,2018-05-04 11:00:00,-34.40531379233214,4.542529778729369,0.010283815116886395,1.1555311630257084,-0.0012282256147799924,-0.005555986078182662,-38.22870143241129,-1.949969819736432
SAC,2018-05-05 11:00:00,-34.40531379233214,4.542529778729369,0.010283815116886395,1.1555311630257084,-0.0012282256147799924,-0.005555986078182662,-38.22870143241129,-1.949969819736432
SAC,2018-05-06 11:00:00,-34.40531379233214,4.542529778729369,0.010283815116886395,1.1555311630257084,-0.0012282256147799924,-0.005555986078182662,-38.22870143241129,-1.949969819736432
SAC,2018-05-07 11:00:00,-34.40531379233214,4.542529778729369,0.010283815116886395,1.1555311630257084,-0.0012282256147799924,-0.005555986078182662,-38.22870143241129,-1.949969819736432
SAC,2018-05-07 11:00:00,-21.681258547892313,3.665595397848387,0.017020170625957978,0.7303787864408234,-0.0022943641493568586,0.024212640311712413,-24.272212316348035,-1.8967960826248784
SAC,2018-05-08 11:00:00,-21.681258547892313,3.665595397848387,0.017020170625957978,0.7303787864408234,-0.0022943641493568586,0.024212640311712413,-24.272212316348035,-1.8967960826248784
SAC,2018-05-09 11:00:00,-21.681258547892313,3.665595397848387,0.017020170625957978,0.7303787864408234,-0.0022943641493568586,0.024212640311712413,-24.272212316348035,-1.8967960826248784
SAC,2018-05-10 11:00:00,-21.681258547892313,3.665595397848387,0.017020170625957978,0.7303787864408234,-0.0022943641493568586,0.024212640311712413,-24.272212316348035,-1.8967960826248784
SAC,2018-05-11 11:00:00,-21.681258547892313,3.665595397848387,0.017020170625957978,0.7303787864408234,-0.0022943641493568586,0.024212640311712413,-24.272212316348035,-1.8967960826248784
SAC,2018-05-12 11:00:00,-21.681258547892313,3.665595397848387,0.017020170625957978,0.7303787864408234,-0.0022943641493568586,0.024212640311712413,-24.272212316348035,-1.8967960826248784
SAC,2018-05-13 11:00:00,-21.681258547892313,3.665595397848387,0.017020170625957978,0.7303787864408234,-0.0022943641493568586,0.024212640311712413,-24.272212316348035,-1.8967960826248784
SAC,2018-05-14 11:00:00,-21.681258547892313,3.665595397848387,0.017020170625957978,0.7303787864408234,-0.0022943641493568586,0.024212640311712413,-24.272212316348035,-1.8967960826248784
SAC,2018-05-15 11:00:00,-21.681258547892313,3.665595397848387,0.017020170625957978,0.7303787864408234,-0.0022943641493568586,0.024212640311712413,-24.272212316348035,-1.8967960826248784
SAC,2018-05-16 11:00:00,-21.681258547892313,3.665595397848387,0.017020170625957978,0.7303787864408234,-0.0022943641493568586,0.024212640311712413,-24.272212316348035,-1.8967960826248784
SAC,2018-05-17 11:00:00,-21.681258547892313,3.665595397848387,0.017020170625957978,0.7303787864408234,-0.0022943641493568586,0.024212640311712413,-24.272212316348035,-1.8967960826248784
SAC,2018-05-18 11:00:00,-21.681258547892313,3.665595397848387,0.017020170625957978,0.7303787864408234,-0.0022943641493568586,0.024212640311712413,-24.272212316348035,-1.8967960826248784
SAC,2018-05-19 11:00:00,-21.681258547892313,3.665595397848387,0.017020170625957978,0.7303787864408234,-0.0022943641493568586,0.024212640311712413,-24.272212316348035,-1.8967960826248784
SAC,2018-05-20 11:00:00,-21.681258547892313,3.665595397848387,0.017020170625957978,0.7303787864408234,-0.0022943641493568586,0.024212640311712413,-24.272212316348035,-1.8967960826248784
SAC,2018-05-21 11:00:00,-21.681258547892313,3.665595397848387,0.017020170625957978,0.7303787864408234,-0.0022943641493568586,0.024212640311712413,-24.272212316348035,-1.8967960826248784
SAC,2018-05-21 11:00:00,-10.503636213990976,9.57353491364541,0.006774641158504886,0.8300423789514263,-0.004286479590514007,-0.009914840115138115,-19.467416917434786,-1.4574867829388871
SAC,2018-05-22 11:00:00,-10.503636213990976,9.57353491364541,0.006774641158504886,0.8300423789514263,-0.004286479590514007,-0.009914840115138115,-19.467416917434786,-1.4574867829388871
SAC,2018-05-23 11:00:00,-10.503636213990976,9.57353491364541,0.006774641158504886,0.8300423789514263,-0.004286479590514007,-0.009914840115138115,-19.467416917434786,-1.4574867829388871
SAC,2018-05-24 11:00:00,-10.503636213990976,9.57353491364541,0.006774641158504886,0.8300423789514263,-0.004286479590514007,-0.009914840115138115,-19.467416917434786,-1.4574867829388871
SAC,2018-05-25 11:00:00,-10.503636213990976,9.57353491364541,0.006774641158504886,0.8300423789514263,-0.004286479590514007,-0.009914840115138115,-19.467416917434786,-1.4574867829388871
SAC,2018-05-26 11:00:00,-10.503636213990976,9.57353491364541,0.006774641158504886,0.8300423789514263,-0.004286479590514007,-0.009914840115138115,-19.467416917434786,-1.4574867829388871
SAC,2018-05-27 11:00:00,-10.503636213990976,9.57353491364541,0.006774641158504886,0.8300423789514263,-0.004286479590514007,-0.009914840115138115,-19.467416917434786,-1.4574867829388871
SAC,2018-05-28 11:00:00,-10.503636213990976,9.57353491364541,0.006774641158504886,0.8300423789514263,-0.004286479590514007,-0.009914840115138115,-19.467416917434786,-1.4574867829388871
SAC,2018-05-29 11:00:00,-10.503636213990976,9.57353491364541,0.006774641158504886,0.8300423789514263,-0.004286479590514007,-0.009914840115138115,-19.467416917434786,-1.4574867829388871
SAC,2018-05-30 11:00:00,-10.503636213990976,9.57353491364541,0.006774641158504886,0.8300423789514263,-0.004286479590514007,-0.009914840115138115,-19.467416917434786,-1.4574867829388871
SAC,2018-05-31 11:00:00,-10.503636213990976,9.57353491364541,0.006774641158504886,0.8300423789514263,-0.004286479590514007,-0.009914840115138115,-19.467416917434786,-1.4574867829388871
SAC,2018-06-01 11:00:00,-10.503636213990976,9.57353491364541,0.006774641158504886,0.8300423789514263,-0.004286479590514007,-0.009914840115138115,-19.467416917434786,-1.4574867829388871
SAC,2018-06-02 11:00:00,-10.503636213990976,9.57353491364541,0.006774641158504886,0.8300423789514263,-0.004286479590514007,-0.009914840115138115,-19.467416917434786,-1.4574867829388871
SAC,2018-06-03 11:00:00,-10.503636213990976,9.57353491364541,0.006774641158504886,0.8300423789514263,-0.004286479590514007,-0.009914840115138115,-19.467416917434786,-1.4574867829388871
SAC,2018-06-04 11:00:00,-10.503636213990976,9.57353491364541,0.006774641158504886,0.8300423789514263,-0.004286479590514007,-0.009914840115138115,-19.467416917434786,-1.4574867829388871
SAC,2018-06-04 11:00:00,-43.03589764646522,4.828113117561801,0.01899072111038375,2.4184916806385526,-0.0028727845824840074,-0.08596602010407133,-48.59438869862705,-1.6761701506230031
SAC,2018-06-05 11:00:00,-43.03589764646522,4.828113117561801,0.01899072111038375,2.4184916806385526,-0.0028727845824840074,-0.08596602010407133,-48.59438869862705,-1.6761701506230031
SAC,2018-06-06 11:00:00,-43.03589764646522,4.828113117561801,0.01899072111038375,2.4184916806385526,-0.0028727845824840074,-0.08596602010407133,-48.59438869862705,-1.6761701506230031
SAC,2018-06-07 11:00:00,-43.03589764646522,4.828113117561801,0.01899072111038375,2.4184916806385526,-0.0028727845824840074,-0.08596602010407133,-48.59438869862705,-1.6761701506230031
SAC,2018-06-08 11:00:00,-43.03589764646522,4.828113117561801,0.01899072111038375,2.4184916806385526,-0.0028727845824840074,-0.08596602010407133,-48.59438869862705,-1.6761701506230031
SAC,2018-06-09 11:00:00,-43.03589764646522,4.828113117561801,0.01899072111038375,2.4184916806385526,-0.0028727845824840074,-0.08596602010407133,-48.59438869862705,-1.6761701506230031
SAC,2018-06-10 11:00:00,-43.03589764646522,4.828113117561801,0.01899072111038375,2.4184916806385526,-0.0028727845824840074,-0.08596602010407133,-48.59438869862705,-1.6761701506230031
SAC,2018-06-11 11:00:00,-43.03589764646522,4.828113117561801,0.01899072111038375,2.4184916806385526,-0.0028727845824840074,-0.08596602010407133,-48.59438869862705,-1.6761701506230031
SAC,2018-06-12 11:00:00,-43.03589764646522,4.828113117561801,0.01899072111038375,2.4184916806385526,-0.0028727845824840074,-0.08596602010407133,-48.59438869862705,-1.6761701506230031
SAC,2018-06-13 11:00:00,-43.03589764646522,4.828113117561801,0.01899072111038375,2.4184916806385526,-0.0028727845824840074,-0.08596602010407133,-48.59438869862705,-1.6761701506230031
SAC,2018-06-14 11:00:00,-43.03589764646522,4.828113117561801,0.01899072111038375,2.4184916806385526,-0.0028727845824840074,-0.08596602010407133,-48.59438869862705,-1.6761701506230031
SAC,2018-06-15 11:00:00,-43.03589764646522,4.828113117561801,0.01899072111038375,2.4184916806385526,-0.0028727845824840074,-0.08596602010407133,-48.59438869862705,-1.6761701506230031
SAC,2018-06-16 11:00:00,-43.03589764646522,4.828113117561801,0.01899072111038375,2.4184916806385526,-0.0028727845824840074,-0.08596602010407133,-48.59438869862705,-1.6761701506230031
SAC,2018-06-17 11:00:00,-43.03589764646522,4.828113117561801,0.01899072111038375,2.4184916806385526,-0.0028727845824840074,-0.08596602010407133,-48.59438869862705,-1.6761701506230031
SAC,2018-06-18 11:00:00,-43.03589764646522,4.828113117561801,0.01899072111038375,2.4184916806385526,-0.0028727845824840074,-0.08596602010407133,-48.59438869862705,-1.6761701506230031
SAC,2018-06-18 11:00:00,-24.8832281794181,4.703635177226971,0.009247248094903746,2.08114090037877,-0.0023973119013025765,-0.031096349014572994,-30.01757975451078,-1.6670475751067173
SAC,2018-06-19 11:00:00,-24.8832281794181,4.703635177226971,0.009247248094903746,2.08114090037877,-0.0023973119013025765,-0.031096349014572994,-30.01757975451078,-1.6670475751067173
SAC,2018-06-20 11:00:00,-24.8832281794181,4.703635177226971,0.009247248094903746,2.08114090037877,-0.0023973119013025765,-0.031096349014572994,-30.01757975451078,-1.6670475751067173
SAC,2018-06-21 11:00:00,-24.8832281794181,4.703635177226971,0.009247248094903746,2.08114090037877,-0.0023973119013025765,-0.031096349014572994,-30.01757975451078,-1.6670475751067173
SAC,2018-06-22 11:00:00,-24.8832281794181,4.703635177226971,0.009247248094903746,2.08114090037877,-0.0023973119013025765,-0.031096349014572994,-30.01757975451078,-1.6670475751067173
SAC,2018-06-23 11:00:00,-24.8832281794181,4.703635177226971,0.009247248094903746,2.08114090037877,-0.0023973119013025765,-0.031096349014572994,-30.01757975451078,-1.6670475751067173
SAC,2018-06-24 11:00:00,-24.8832281794181,4.703635177226971,0.009247248094903746,2.08114090037877,-0.0023973119013025765,-0.031096349014572994,-30.01757975451078,-1.6670475751067173
SAC,2018-06-25 11:00:00,-24.8832281794181,4.703635177226971,0.009247248094903746,2.08114090037877,-0.0023973119013025765,-0.031096349014572994,-30.01757975451078,-1.6670475751067173
SAC,2018-06-26 11:00:00,-24.8832281794181,4.703635177226971,0.009247248094903746,2.08114090037877,-0.0023973119013025765,-0.031096349014572994,-30.01757975451078,-1.6670475751067173
SAC,2018-06-27 11:00:00,-24.8832281794181,4.703635177226971,0.009247248094903746,2.08114090037877,-0.0023973119013025765,-0.031096349014572994,-30.01757975451078,-1.6670475751067173
SAC,2018-06-28 11:00:00,-24.8832281794181,4.703635177226971,0.009247248094903746,2.08114090037877,-0.0023973119013025765,-0.031096349014572994,-30.01757975451078,-1.6670475751067173
SAC,2018-06-29 11:00:00,-24.8832281794181,4.703635177226971,0.009247248094903746,2.08114090037877,-0.0023973119013025765,-0.031096349014572994,-30.01757975451078,-1.6670475751067173
SAC,2018-06-30 11:00:00,-24.8832281794181,4.703635177226971,0.009247248094903746,2.08114090037877,-0.0023973119013025765,-0.031096349014572994,-30.01757975451078,-1.6670475751067173
SAC,2018-07-01 11:00:00,-24.8832281794181,4.703635177226971,0.009247248094903746,2.08114090037877,-0.0023973119013025765,-0.031096349014572994,-30.01757975451078,-1.6670475751067173
SAC,2018-07-02 11:00:00,-24.8832281794181,4.703635177226971,0.009247248094903746,2.08114090037877,-0.0023973119013025765,-0.031096349014572994,-30.01757975451078,-1.6670475751067173
SAC,2018-07-02 11:00:00,-15.689452187440352,3.6379659119376386,0.003476713274056002,1.3485682545654805,-0.0008555764839599548,0.013901557145890626,-19.23209324403862,-1.4947104755621097
SAC,2018-07-03 11:00:00,-15.689452187440352,3.6379659119376386,0.003476713274056002,1.3485682545654805,-0.0008555764839599548,0.013901557145890626,-19.23209324403862,-1.4947104755621097
SAC,2018-07-04 11:00:00,-15.689452187440352,3.6379659119376386,0.003476713274056002,1.3485682545654805,-0.0008555764839599548,0.013901557145890626,-19.23209324403862,-1.4947104755621097
SAC,2018-07-05 11:00:00,-15.689452187440352,3.6379659119376386,0.003476713274056002,1.3485682545654805,-0.0008555764839599548,0.013901557145890626,-19.23209324403862,-1.4947104755621097
SAC,2018-07-06 11:00:00,-15.689452187440352,3.6379659119376386,0.003476713274056002,1.3485682545654805,-0.0008555764839599548,0.013901557145890626,-19.23209324403862,-1.4947104755621097
SAC,2018-07-07 11:00:00,-15.689452187440352,3.6379659119376386,0.003476713274056002,1.3485682545654805,-0.0008555764839599548,0.013901557145890626,-19.23209324403862,-1.4947104755621097
SAC,2018-07-08 11:00:00,-15.689452187440352,3.6379659119376386,0.003476713274056002,1.3485682545654805,-0.0008555764839599548,0.013901557145890626,-19.23209324403862,-1.4947104755621097
SAC,2018-07-09 11:00:00,-15.689452187440352,3.6379659119376386,0.003476713274056002,1.3485682545654805,-0.0008555764839599548,0.013901557145890626,-19.23209324403862,-1.4947104755621097
SAC,2018-07-10 11:00:00,-15.689452187440352,3.6379659119376386,0.003476713274056002,1.3485682545654805,-0.0008555764839599548,0.013901557145890626,-19.23209324403862,-1.4947104755621097
SAC,2018-07-11 11:00:00,-15.689452187440352,3.6379659119376386,0.003476713274056002,1.3485682545654805,-0.0008555764839599548,0.013901557145890626,-19.23209324403862,-1.4947104755621097
SAC,2018-07-12 11:00:00,-15.689452187440352,3.6379659119376386,0.003476713274056002,1.3485682545654805,-0.0008555764839599548,0.013901557145890626,-19.23209324403862,-1.4947104755621097
SAC,2018-07-13 11:00:00,-15.689452187440352,3.6379659119376386,0.003476713274056002,1.3485682545654805,-0.0008555764839599548,0.013901557145890626,-19.23209324403862,-1.4947104755621097
SAC,2018-07-14 11:00:00,-15.689452187440352,3.6379659119376386,0.003476713274056002,1.3485682545654805,-0.0008555764839599548,0.013901557145890626,-19.23209324403862,-1.4947104755621097
SAC,2018-07-15 11:00:00,-15.689452187440352,3.6379659119376386,0.003476713274056002,1.3485682545654805,-0.0008555764839599548,0.013901557145890626,-19.23209324403862,-1.4947104755621097
SAC,2018-07-16 11:00:00,-15.689452187440352,3.6379659119376386,0.003476713274056002,1.3485682545654805,-0.0008555764839599548,0.013901557145890626,-19.23209324403862,-1.4947104755621097
SAC,2018-07-16 11:00:00,-16.490929021855603,5.845142547573787,0.011329437759325761,2.1520725673452805,-0.0014367613667651078,-0.009945095003996688,-23.33537327280735,-1.1764791809601571
SAC,2018-07-17 11:00:00,-16.490929021855603,5.845142547573787,0.011329437759325761,2.1520725673452805,-0.0014367613667651078,-0.009945095003996688,-23.33537327280735,-1.1764791809601571
SAC,2018-07-18 11:00:00,-16.490929021855603,5.845142547573787,0.011329437759325761,2.1520725673452805,-0.0014367613667651078,-0.009945095003996688,-23.33537327280735,-1.1764791809601571
SAC,2018-07-19 11:00:00,-16.490929021855603,5.845142547573787,0.011329437759325761,2.1520725673452805,-0.0014367613667651078,-0.009945095003996688,-23.33537327280735,-1.1764791809601571
SAC,2018-07-20 11:00:00,-16.490929021855603,5.845142547573787,0.011329437759325761,2.1520725673452805,-0.0014367613667651078,-0.009945095003996688,-23.33537327280735,-1.1764791809601571
SAC,2018-07-21 11:00:00,-16.490929021855603,5.845142547573787,0.011329437759325761,2.1520725673452805,-0.0014367613667651078,-0.009945095003996688,-23.33537327280735,-1.1764791809601571
SAC,2018-07-22 11:00:00,-16.490929021855603,5.845142547573787,0.011329437759325761,2.1520725673452805,-0.0014367613667651078,-0.009945095003996688,-23.33537327280735,-1.1764791809601571
SAC,2018-07-23 11:00:00,-16.490929021855603,5.845142547573787,0.011329437759325761,2.1520725673452805,-0.0014367613667651078,-0.009945095003996688,-23.33537327280735,-1.1764791809601571
SAC,2018-07-24 11:00:00,-16.490929021855603,5.845142547573787,0.011329437759325761,2.1520725673452805,-0.0014367613667651078,-0.009945095003996688,-23.33537327280735,-1.1764791809601571
SAC,2018-07-25 11:00:00,-16.490929021855603,5.845142547573787,0.011329437759325761,2.1520725673452805,-0.0014367613667651078,-0.009945095003996688,-23.33537327280735,-1.1764791809601571
SAC,2018-07-26 11:00:00,-16.490929021855603,5.845142547573787,0.011329437759325761,2.1520725673452805,-0.0014367613667651078,-0.009945095003996688,-23.33537327280735,-1.1764791809601571
SAC,2018-07-27 11:00:00,-16.490929021855603,5.845142547573787,0.011329437759325761,2.1520725673452805,-0.0014367613667651078,-0.009945095003996688,-23.33537327280735,-1.1764791809601571
SAC,2018-07-28 11:00:00,-16.490929021855603,5.845142547573787,0.011329437759325761,2.1520725673452805,-0.0014367613667651078,-0.009945095003996688,-23.33537327280735,-1.1764791809601571
SAC,2018-07-29 11:00:00,-16.490929021855603,5.845142547573787,0.011329437759325761,2.1520725673452805,-0.0014367613667651078,-0.009945095003996688,-23.33537327280735,-1.1764791809601571
SAC,2018-07-30 11:00:00,-16.490929021855603,5.845142547573787,0.011329437759325761,2.1520725673452805,-0.0014367613667651078,-0.009945095003996688,-23.33537327280735,-1.1764791809601571
SAC,2018-07-30 11:00:00,4.111905301514461,27.138571765254834,0.011448821473996085,2.3068056499238483,-0.0003545099026371699,0.040693995831828096,-24.242407179727163,-1.1832962250756465
SAC,2018-07-31 11:00:00,4.111905301514461,27.138571765254834,0.011448821473996085,2.3068056499238483,-0.0003545099026371699,0.040693995831828096,-24.242407179727163,-1.1832962250756465
SAC,2018-08-01 11:00:00,4.111905301514461,27.138571765254834,0.011448821473996085,2.3068056499238483,-0.0003545099026371699,0.040693995831828096,-24.242407179727163,-1.1832962250756465
SAC,2018-08-02 11:00:00,4.111905301514461,27.138571765254834,0.011448821473996085,2.3068056499238483,-0.0003545099026371699,0.040693995831828096,-24.242407179727163,-1.1832962250756465
SAC,2018-08-03 11:00:00,4.111905301514461,27.138571765254834,0.011448821473996085,2.3068056499238483,-0.0003545099026371699,0.040693995831828096,-24.242407179727163,-1.1832962250756465
SAC,2018-08-04 11:00:00,4.111905301514461,27.138571765254834,0.011448821473996085,2.3068056499238483,-0.0003545099026371699,0.040693995831828096,-24.242407179727163,-1.1832962250756465
SAC,2018-08-05 11:00:00,4.111905301514461,27.138571765254834,0.011448821473996085,2.3068056499238483,-0.0003545099026371699,0.040693995831828096,-24.242407179727163,-1.1832962250756465
SAC,2018-08-06 11:00:00,4.111905301514461,27.138571765254834,0.011448821473996085,2.3068056499238483,-0.0003545099026371699,0.040693995831828096,-24.242407179727163,-1.1832962250756465
SAC,2018-08-07 11:00:00,4.111905301514461,27.138571765254834,0.011448821473996085,2.3068056499238483,-0.0003545099026371699,0.040693995831828096,-24.242407179727163,-1.1832962250756465
SAC,2018-08-08 11:00:00,4.111905301514461,27.138571765254834,0.011448821473996085,2.3068056499238483,-0.0003545099026371699,0.040693995831828096,-24.242407179727163,-1.1832962250756465
SAC,2018-08-09 11:00:00,4.111905301514461,27.138571765254834,0.011448821473996085,2.3068056499238483,-0.0003545099026371699,0.040693995831828096,-24.242407179727163,-1.1832962250756465
SAC,2018-08-10 11:00:00,4.111905301514461,27.138571765254834,0.011448821473996085,2.3068056499238483,-0.0003545099026371699,0.040693995831828096,-24.242407179727163,-1.1832962250756465
SAC,2018-08-11 11:00:00,4.111905301514461,27.138571765254834,0.011448821473996085,2.3068056499238483,-0.0003545099026371699,0.040693995831828096,-24.242407179727163,-1.1832962250756465
SAC,2018-08-12 11:00:00,4.111905301514461,27.138571765254834,0.011448821473996085,2.3068056499238483,-0.0003545099026371699,0.040693995831828096,-24.242407179727163,-1.1832962250756465
SAC,2018-08-13 11:00:00,4.111905301514461,27.138571765254834,0.011448821473996085,2.3068056499238483,-0.0003545099026371699,0.040693995831828096,-24.242407179727163,-1.1832962250756465
SAC,2018-08-13 11:00:00,-10.945435254550558,8.525222610739643,0.010593700712965282,1.7199657546331066,-0.0005307070568749961,0.1476281765279767,-19.934679814712013,-1.4732266973198265
SAC,2018-08-14 11:00:00,-10.945435254550558,8.525222610739643,0.010593700712965282,1.7199657546331066,-0.0005307070568749961,0.1476281765279767,-19.934679814712013,-1.4732266973198265
SAC,2018-08-15 11:00:00,-10.945435254550558,8.525222610739643,0.010593700712965282,1.7199657546331066,-0.0005307070568749961,0.1476281765279767,-19.934679814712013,-1.4732266973198265
SAC,2018-08-16 11:00:00,-10.945435254550558,8.525222610739643,0.010593700712965282,1.7199657546331066,-0.0005307070568749961,0.1476281765279767,-19.934679814712013,-1.4732266973198265
SAC,2018-08-17 11:00:00,-10.945435254550558,8.525222610739643,0.010593700712965282,1.7199657546331066,-0.0005307070568749961,0.1476281765279767,-19.934679814712013,-1.4732266973198265
SAC,2018-08-18 11:00:00,-10.945435254550558,8.525222610739643,0.010593700712965282,1.7199657546331066,-0.0005307070568749961,0.1476281765279767,-19.934679814712013,-1.4732266973198265
SAC,2018-08-19 11:00:00,-10.945435254550558,8.525222610739643,0.010593700712965282,1.7199657546331066,-0.0005307070568749961,0.1476281765279767,-19.934679814712013,-1.4732266973198265
SAC,2018-08-20 11:00:00,-10.945435254550558,8.525222610739643,0.010593700712965282,1.7199657546331066,-0.0005307070568749961,0.1476281765279767,-19.934679814712013,-1.4732266973198265
SAC,2018-08-21 11:00:00,-10.945435254550558,8.525222610739643,0.010593700712965282,1.7199657546331066,-0.0005307070568749961,0.1476281765279767,-19.934679814712013,-1.4732266973198265
SAC,2018-08-22 11:00:00,-10.945435254550558,8.525222610739643,0.010593700712965282,1.7199657546331066,-0.0005307070568749961,0.1476281765279767,-19.934679814712013,-1.4732266973198265
SAC,2018-08-23 11:00:00,-10.945435254550558,8.525222610739643,0.010593700712965282,1.7199657546331066,-0.0005307070568749961,0.1476281765279767,-19.934679814712013,-1.4732266973198265
SAC,2018-08-24 11:00:00,-10.945435254550558,8.525222610739643,0.010593700712965282,1.7199657546331066,-0.0005307070568749961,0.1476281765279767,-19.934679814712013,-1.4732266973198265
SAC,2018-08-25 11:00:00,-10.945435254550558,8.525222610739643,0.010593700712965282,1.7199657546331066,-0.0005307070568749961,0.1476281765279767,-19.934679814712013,-1.4732266973198265
SAC,2018-08-26 11:00:00,-10.945435254550558,8.525222610739643,0.010593700712965282,1.7199657546331066,-0.0005307070568749961,0.1476281765279767,-19.934679814712013,-1.4732266973198265
SAC,2018-08-27 11:00:00,-10.945435254550558,8.525222610739643,0.010593700712965282,1.7199657546331066,-0.0005307070568749961,0.1476281765279767,-19.934679814712013,-1.4732266973198265
SAC,2018-08-27 11:00:00,-6.267394456527075,11.965125171896682,0.014362774377573117,1.2479525005827528,-0.0009251437193073994,0.10545815738536937,-18.514192505326804,-1.121779917436036
SAC,2018-08-28 11:00:00,-6.267394456527075,11.965125171896682,0.014362774377573117,1.2479525005827528,-0.0009251437193073994,0.10545815738536937,-18.514192505326804,-1.121779917436036
SAC,2018-08-29 11:00:00,-6.267394456527075,11.965125171896682,0.014362774377573117,1.2479525005827528,-0.0009251437193073994,0.10545815738536937,-18.514192505326804,-1.121779917436036
SAC,2018-08-30 11:00:00,-6.267394456527075,11.965125171896682,0.014362774377573117,1.2479525005827528,-0.0009251437193073994,0.10545815738536937,-18.514192505326804,-1.121779917436036
SAC,2018-08-31 11:00:00,-6.267394456527075,11.965125171896682,0.014362774377573117,1.2479525005827528,-0.0009251437193073994,0.10545815738536937,-18.514192505326804,-1.121779917436036
SAC,2018-09-01 11:00:00,-6.267394456527075,11.965125171896682,0.014362774377573117,1.2479525005827528,-0.0009251437193073994,0.10545815738536937,-18.514192505326804,-1.121779917436036
SAC,2018-09-02 11:00:00,-6.267394456527075,11.965125171896682,0.014362774377573117,1.2479525005827528,-0.0009251437193073994,0.10545815738536937,-18.514192505326804,-1.121779917436036
SAC,2018-09-03 11:00:00,-6.267394456527075,11.965125171896682,0.014362774377573117,1.2479525005827528,-0.0009251437193073994,0.10545815738536937,-18.514192505326804,-1.121779917436036
SAC,2018-09-04 11:00:00,-6.267394456527075,11.965125171896682,0.014362774377573117,1.2479525005827528,-0.0009251437193073994,0.10545815738536937,-18.514192505326804,-1.121779917436036
SAC,2018-09-05 11:00:00,-6.267394456527075,11.965125171896682,0.014362774377573117,1.2479525005827528,-0.0009251437193073994,0.10545815738536937,-18.514192505326804,-1.121779917436036
SAC,2018-09-06 11:00:00,-6.267394456527075,11.965125171896682,0.014362774377573117,1.2479525005827528,-0.0009251437193073994,0.10545815738536937,-18.514192505326804,-1.121779917436036
SAC,2018-09-07 11:00:00,-6.267394456527075,11.965125171896682,0.014362774377573117,1.2479525005827528,-0.0009251437193073994,0.10545815738536937,-18.514192505326804,-1.121779917436036
SAC,2018-09-08 11:00:00,-6.267394456527075,11.965125171896682,0.014362774377573117,1.2479525005827528,-0.0009251437193073994,0.10545815738536937,-18.514192505326804,-1.121779917436036
SAC,2018-09-09 11:00:00,-6.267394456527075,11.965125171896682,0.014362774377573117,1.2479525005827528,-0.0009251437193073994,0.10545815738536937,-18.514192505326804,-1.121779917436036
SAC,2018-09-10 11:00:00,-6.267394456527075,11.965125171896682,0.014362774377573117,1.2479525005827528,-0.0009251437193073994,0.10545815738536937,-18.514192505326804,-1.121779917436036
SAC,2018-09-10 11:00:00,-16.884402131725572,7.790515320445905,0.00958786890381432,2.2683470356932403,-0.0010838934013116055,0.07848121033541466,-25.567566818039644,-1.5228786880456675
SAC,2018-09-11 11:00:00,-16.884402131725572,7.790515320445905,0.00958786890381432,2.2683470356932403,-0.0010838934013116055,0.07848121033541466,-25.567566818039644,-1.5228786880456675
SAC,2018-09-12 11:00:00,-16.884402131725572,7.790515320445905,0.00958786890381432,2.2683470356932403,-0.0010838934013116055,0.07848121033541466,-25.567566818039644,-1.5228786880456675
SAC,2018-09-13 11:00:00,-16.884402131725572,7.790515320445905,0.00958786890381432,2.2683470356932403,-0.0010838934013116055,0.07848121033541466,-25.567566818039644,-1.5228786880456675
SAC,2018-09-14 11:00:00,-16.884402131725572,7.790515320445905,0.00958786890381432,2.2683470356932403,-0.0010838934013116055,0.07848121033541466,-25.567566818039644,-1.5228786880456675
SAC,2018-09-15 11:00:00,-16.884402131725572,7.790515320445905,0.00958786890381432,2.2683470356932403,-0.0010838934013116055,0.07848121033541466,-25.567566818039644,-1.5228786880456675
SAC,2018-09-16 11:00:00,-16.884402131725572,7.790515320445905,0.00958786890381432,2.2683470356932403,-0.0010838934013116055,0.07848121033541466,-25.567566818039644,-1.5228786880456675
SAC,2018-09-17 11:00:00,-16.884402131725572,7.790515320445905,0.00958786890381432,2.2683470356932403,-0.0010838934013116055,0.07848121033541466,-25.567566818039644,-1.5228786880456675
SAC,2018-09-18 11:00:00,-16.884402131725572,7.790515320445905,0.00958786890381432,2.2683470356932403,-0.0010838934013116055,0.07848121033541466,-25.567566818039644,-1.5228786880456675
SAC,2018-09-19 11:00:00,-16.884402131725572,7.790515320445905,0.00958786890381432,2.2683470356932403,-0.0010838934013116055,0.07848121033541466,-25.567566818039644,-1.5228786880456675
SAC,2018-09-20 11:00:00,-16.884402131725572,7.790515320445905,0.00958786890381432,2.2683470356932403,-0.0010838934013116055,0.07848121033541466,-25.567566818039644,-1.5228786880456675
SAC,2018-09-21 11:00:00,-16.884402131725572,7.790515320445905,0.00958786890381432,2.2683470356932403,-0.0010838934013116055,0.07848121033541466,-25.567566818039644,-1.5228786880456675
SAC,2018-09-22 11:00:00,-16.884402131725572,7.790515320445905,0.00958786890381432,2.2683470356932403,-0.0010838934013116055,0.07848121033541466,-25.567566818039644,-1.5228786880456675
SAC,2018-09-23 11:00:00,-16.884402131725572,7.790515320445905,0.00958786890381432,2.2683470356932403,-0.0010838934013116055,0.07848121033541466,-25.567566818039644,-1.5228786880456675
SAC,2018-09-24 11:00:00,-16.884402131725572,7.790515320445905,0.00958786890381432,2.2683470356932403,-0.0010838934013116055,0.07848121033541466,-25.567566818039644,-1.5228786880456675
SAC,2018-09-24 11:00:00,-21.26766774203926,7.153471494712088,0.009568959384242865,1.9956009010887004,-0.00026549110044606376,0.0657320775182489,-28.819733450939694,-1.751931239367689
SAC,2018-09-25 11:00:00,-21.26766774203926,7.153471494712088,0.009568959384242865,1.9956009010887004,-0.00026549110044606376,0.0657320775182489,-28.819733450939694,-1.751931239367689
SAC,2018-09-26 11:00:00,-21.26766774203926,7.153471494712088,0.009568959384242865,1.9956009010887004,-0.00026549110044606376,0.0657320775182489,-28.819733450939694,-1.751931239367689
SAC,2018-09-27 11:00:00,-21.26766774203926,7.153471494712088,0.009568959384242865,1.9956009010887004,-0.00026549110044606376,0.0657320775182489,-28.819733450939694,-1.751931239367689
SAC,2018-09-28 11:00:00,-21.26766774203926,7.153471494712088,0.009568959384242865,1.9956009010887004,-0.00026549110044606376,0.0657320775182489,-28.819733450939694,-1.751931239367689
SAC,2018-09-29 11:00:00,-21.26766774203926,7.153471494712088,0.009568959384242865,1.9956009010887004,-0.00026549110044606376,0.0657320775182489,-28.819733450939694,-1.751931239367689
SAC,2018-09-30 11:00:00,-21.26766774203926,7.153471494712088,0.009568959384242865,1.9956009010887004,-0.00026549110044606376,0.0657320775182489,-28.819733450939694,-1.751931239367689
SAC,2018-10-01 11:00:00,-21.26766774203926,7.153471494712088,0.009568959384242865,1.9956009010887004,-0.00026549110044606376,0.0657320775182489,-28.819733450939694,-1.751931239367689
SAC,2018-10-02 11:00:00,-21.26766774203926,7.153471494712088,0.009568959384242865,1.9956009010887004,-0.00026549110044606376,0.0657320775182489,-28.819733450939694,-1.751931239367689
SAC,2018-10-03 11:00:00,-21.26766774203926,7.153471494712088,0.009568959384242865,1.9956009010887004,-0.00026549110044606376,0.0657320775182489,-28.819733450939694,-1.751931239367689
SAC,2018-10-04 11:00:00,-21.26766774203926,7.153471494712088,0.009568959384242865,1.9956009010887004,-0.00026549110044606376,0.0657320775182489,-28.819733450939694,-1.751931239367689
SAC,2018-10-05 11:00:00,-21.26766774203926,7.153471494712088,0.009568959384242865,1.9956009010887004,-0.00026549110044606376,0.0657320775182489,-28.819733450939694,-1.751931239367689
SAC,2018-10-06 11:00:00,-21.26766774203926,7.153471494712088,0.009568959384242865,1.9956009010887004,-0.00026549110044606376,0.0657320775182489,-28.819733450939694,-1.751931239367689
SAC,2018-10-07 11:00:00,-21.26766774203926,7.153471494712088,0.009568959384242865,1.9956009010887004,-0.00026549110044606376,0.0657320775182489,-28.819733450939694,-1.751931239367689
SAC,2018-10-08 11:00:00,-21.26766774203926,7.153471494712088,0.009568959384242865,1.9956009010887004,-0.00026549110044606376,0.0657320775182489,-28.819733450939694,-1.751931239367689
SAC,2018-10-08 11:00:00,-30.45474212389595,5.551082953559271,0.005055482272468583,2.222601155803144,-0.0005364055953555118,0.07402629140207022,-35.631384438029905,-2.827173447036832
SAC,2018-10-09 11:00:00,-30.45474212389595,5.551082953559271,0.005055482272468583,2.222601155803144,-0.0005364055953555118,0.07402629140207022,-35.631384438029905,-2.827173447036832
SAC,2018-10-10 11:00:00,-30.45474212389595,5.551082953559271,0.005055482272468583,2.222601155803144,-0.0005364055953555118,0.07402629140207022,-35.631384438029905,-2.827173447036832
SAC,2018-10-11 11:00:00,-30.45474212389595,5.551082953559271,0.005055482272468583,2.222601155803144,-0.0005364055953555118,0.07402629140207022,-35.631384438029905,-2.827173447036832
SAC,2018-10-12 11:00:00,-30.45474212389595,5.551082953559271,0.005055482272468583,2.222601155803144,-0.0005364055953555118,0.07402629140207022,-35.631384438029905,-2.827173447036832
SAC,2018-10-13 11:00:00,-30.45474212389595,5.551082953559271,0.005055482272468583,2.222601155803144,-0.0005364055953555118,0.07402629140207022,-35.631384438029905,-2.827173447036832
SAC,2018-10-14 11:00:00,-30.45474212389595,5.551082953559271,0.005055482272468583,2.222601155803144,-0.0005364055953555118,0.07402629140207022,-35.631384438029905,-2.827173447036832
SAC,2018-10-15 11:00:00,-30.45474212389595,5.551082953559271,0.005055482272468583,2.222601155803144,-0.0005364055953555118,0.07402629140207022,-35.631384438029905,-2.827173447036832
SAC,2018-10-16 11:00:00,-30.45474212389595,5.551082953559271,0.005055482272468583,2.222601155803144,-0.0005364055953555118,0.07402629140207022,-35.631384438029905,-2.827173447036832
SAC,2018-10-17 11:00:00,-30.45474212389595,5.551082953559271,0.005055482272468583,2.222601155803144,-0.0005364055953555118,0.07402629140207022,-35.631384438029905,-2.827173447036832
SAC,2018-10-18 11:00:00,-30.45474212389595,5.551082953559271,0.005055482272468583,2.222601155803144,-0.0005364055953555118,0.07402629140207022,-35.631384438029905,-2.827173447036832
SAC,2018-10-19 11:00:00,-30.45474212389595,5.551082953559271,0.005055482272468583,2.222601155803144,-0.0005364055953555118,0.07402629140207022,-35.631384438029905,-2.827173447036832
SAC,2018-10-20 11:00:00,-30.45474212389595,5.551082953559271,0.005055482272468583,2.222601155803144,-0.0005364055953555118,0.07402629140207022,-35.631384438029905,-2.827173447036832
SAC,2018-10-21 11:00:00,-30.45474212389595,5.551082953559271,0.005055482272468583,2.222601155803144,-0.0005364055953555118,0.07402629140207022,-35.631384438029905,-2.827173447036832
SAC,2018-10-22 11:00:00,-30.45474212389595,5.551082953559271,0.005055482272468583,2.222601155803144,-0.0005364055953555118,0.07402629140207022,-35.631384438029905,-2.827173447036832
SAC,2018-10-22 11:00:00,-29.467370577104504,9.053235699966956,0.007197691032342229,2.2500104262292684,-0.0001376695325826745,0.056094504832657786,-37.75861115672908,-3.239753277255573
SAC,2018-10-23 11:00:00,-29.467370577104504,9.053235699966956,0.007197691032342229,2.2500104262292684,-0.0001376695325826745,0.056094504832657786,-37.75861115672908,-3.239753277255573
SAC,2018-10-24 11:00:00,-29.467370577104504,9.053235699966956,0.007197691032342229,2.2500104262292684,-0.0001376695325826745,0.056094504832657786,-37.75861115672908,-3.239753277255573
SAC,2018-10-25 11:00:00,-29.467370577104504,9.053235699966956,0.007197691032342229,2.2500104262292684,-0.0001376695325826745,0.056094504832657786,-37.75861115672908,-3.239753277255573
SAC,2018-10-26 11:00:00,-29.467370577104504,9.053235699966956,0.007197691032342229,2.2500104262292684,-0.0001376695325826745,0.056094504832657786,-37.75861115672908,-3.239753277255573
SAC,2018-10-27 11:00:00,-29.467370577104504,9.053235699966956,0.007197691032342229,2.2500104262292684,-0.0001376695325826745,0.056094504832657786,-37.75861115672908,-3.239753277255573
SAC,2018-10-28 11:00:00,-29.467370577104504,9.053235699966956,0.007197691032342229,2.2500104262292684,-0.0001376695325826745,0.056094504832657786,-37.75861115672908,-3.239753277255573
SAC,2018-10-29 11:00:00,-29.467370577104504,9.053235699966956,0.007197691032342229,2.2500104262292684,-0.0001376695325826745,0.056094504832657786,-37.75861115672908,-3.239753277255573
SAC,2018-10-30 11:00:00,-29.467370577104504,9.053235699966956,0.007197691032342229,2.2500104262292684,-0.0001376695325826745,0.056094504832657786,-37.75861115672908,-3.239753277255573
SAC,2018-10-31 11:00:00,-29.467370577104504,9.053235699966956,0.007197691032342229,2.2500104262292684,-0.0001376695325826745,0.056094504832657786,-37.75861115672908,-3.239753277255573
SAC,2018-11-01 11:00:00,-29.467370577104504,9.053235699966956,0.007197691032342229,2.2500104262292684,-0.0001376695325826745,0.056094504832657786,-37.75861115672908,-3.239753277255573
SAC,2018-11-02 11:00:00,-29.467370577104504,9.053235699966956,0.007197691032342229,2.2500104262292684,-0.0001376695325826745,0.056094504832657786,-37.75861115672908,-3.239753277255573
SAC,2018-11-03 11:00:00,-29.467370577104504,9.053235699966956,0.007197691032342229,2.2500104262292684,-0.0001376695325826745,0.056094504832657786,-37.75861115672908,-3.239753277255573
SAC,2018-11-04 11:00:00,-29.467370577104504,9.053235699966956,0.007197691032342229,2.2500104262292684,-0.0001376695325826745,0.056094504832657786,-37.75861115672908,-3.239753277255573
SAC,2018-11-05 11:00:00,-29.467370577104504,9.053235699966956,0.007197691032342229,2.2500104262292684,-0.0001376695325826745,0.056094504832657786,-37.75861115672908,-3.239753277255573
SAC,2018-11-05 11:00:00,-24.81397340674724,9.171248521859209,0.008439293879193574,1.1462636832667703,-0.0006673593425689273,0.06610730827915413,-30.847410677878607,-4.570759280629217
SAC,2018-11-06 11:00:00,-24.81397340674724,9.171248521859209,0.008439293879193574,1.1462636832667703,-0.0006673593425689273,0.06610730827915413,-30.847410677878607,-4.570759280629217
SAC,2018-11-07 11:00:00,-24.81397340674724,9.171248521859209,0.008439293879193574,1.1462636832667703,-0.0006673593425689273,0.06610730827915413,-30.847410677878607,-4.570759280629217
SAC,2018-11-08 11:00:00,-24.81397340674724,9.171248521859209,0.008439293879193574,1.1462636832667703,-0.0006673593425689273,0.06610730827915413,-30.847410677878607,-4.570759280629217
SAC,2018-11-09 11:00:00,-24.81397340674724,9.171248521859209,0.008439293879193574,1.1462636832667703,-0.0006673593425689273,0.06610730827915413,-30.847410677878607,-4.570759280629217
SAC,2018-11-10 11:00:00,-24.81397340674724,9.171248521859209,0.008439293879193574,1.1462636832667703,-0.0006673593425689273,0.06610730827915413,-30.847410677878607,-4.570759280629217
SAC,2018-11-11 11:00:00,-24.81397340674724,9.171248521859209,0.008439293879193574,1.1462636832667703,-0.0006673593425689273,0.06610730827915413,-30.847410677878607,-4.570759280629217
SAC,2018-11-12 11:00:00,-24.81397340674724,9.171248521859209,0.008439293879193574,1.1462636832667703,-0.0006673593425689273,0.06610730827915413,-30.847410677878607,-4.570759280629217
SAC,2018-11-13 11:00:00,-24.81397340674724,9.171248521859209,0.008439293879193574,1.1462636832667703,-0.0006673593425689273,0.06610730827915413,-30.847410677878607,-4.570759280629217
SAC,2018-11-14 11:00:00,-24.81397340674724,9.171248521859209,0.008439293879193574,1.1462636832667703,-0.0006673593425689273,0.06610730827915413,-30.847410677878607,-4.570759280629217
SAC,2018-11-15 11:00:00,-24.81397340674724,9.171248521859209,0.008439293879193574,1.1462636832667703,-0.0006673593425689273,0.06610730827915413,-30.847410677878607,-4.570759280629217
SAC,2018-11-16 11:00:00,-24.81397340674724,9.171248521859209,0.008439293879193574,1.1462636832667703,-0.0006673593425689273,0.06610730827915413,-30.847410677878607,-4.570759280629217
SAC,2018-11-17 11:00:00,-24.81397340674724,9.171248521859209,0.008439293879193574,1.1462636832667703,-0.0006673593425689273,0.06610730827915413,-30.847410677878607,-4.570759280629217
SAC,2018-11-18 11:00:00,-24.81397340674724,9.171248521859209,0.008439293879193574,1.1462636832667703,-0.0006673593425689273,0.06610730827915413,-30.847410677878607,-4.570759280629217
SAC,2018-11-19 11:00:00,-24.81397340674724,9.171248521859209,0.008439293879193574,1.1462636832667703,-0.0006673593425689273,0.06610730827915413,-30.847410677878607,-4.570759280629217
SAC,2018-11-19 11:00:00,-39.564501189946284,2.305469591931021,0.01613543862250834,0.6258326840625633,-0.0005382740739409245,0.051969204215856594,-37.41845918869996,-5.41896553035463
SAC,2018-11-20 11:00:00,-39.564501189946284,2.305469591931021,0.01613543862250834,0.6258326840625633,-0.0005382740739409245,0.051969204215856594,-37.41845918869996,-5.41896553035463
SAC,2018-11-21 11:00:00,-39.564501189946284,2.305469591931021,0.01613543862250834,0.6258326840625633,-0.0005382740739409245,0.051969204215856594,-37.41845918869996,-5.41896553035463
SAC,2018-11-22 11:00:00,-39.564501189946284,2.305469591931021,0.01613543862250834,0.6258326840625633,-0.0005382740739409245,0.051969204215856594,-37.41845918869996,-5.41896553035463
SAC,2018-11-23 11:00:00,-39.564501189946284,2.305469591931021,0.01613543862250834,0.6258326840625633,-0.0005382740739409245,0.051969204215856594,-37.41845918869996,-5.41896553035463
SAC,2018-11-24 11:00:00,-39.564501189946284,2.305469591931021,0.01613543862250834,0.6258326840625633,-0.0005382740739409245,0.051969204215856594,-37.41845918869996,-5.41896553035463
SAC,2018-11-25 11:00:00,-39.564501189946284,2.305469591931021,0.01613543862250834,0.6258326840625633,-0.0005382740739409245,0.051969204215856594,-37.41845918869996,-5.41896553035463
SAC,2018-11-26 11:00:00,-39.564501189946284,2.305469591931021,0.01613543862250834,0.6258326840625633,-0.0005382740739409245,0.051969204215856594,-37.41845918869996,-5.41896553035463
SAC,2018-11-27 11:00:00,-39.564501189946284,2.305469591931021,0.01613543862250834,0.6258326840625633,-0.0005382740739409245,0.051969204215856594,-37.41845918869996,-5.41896553035463
SAC,2018-11-28 11:00:00,-39.564501189946284,2.305469591931021,0.01613543862250834,0.6258326840625633,-0.0005382740739409245,0.051969204215856594,-37.41845918869996,-5.41896553035463
SAC,2018-11-29 11:00:00,-39.564501189946284,2.305469591931021,0.01613543862250834,0.6258326840625633,-0.0005382740739409245,0.051969204215856594,-37.41845918869996,-5.41896553035463
SAC,2018-11-30 11:00:00,-39.564501189946284,2.305469591931021,0.01613543862250834,0.6258326840625633,-0.0005382740739409245,0.051969204215856594,-37.41845918869996,-5.41896553035463
SAC,2018-12-01 11:00:00,-39.564501189946284,2.305469591931021,0.01613543862250834,0.6258326840625633,-0.0005382740739409245,0.051969204215856594,-37.41845918869996,-5.41896553035463
SAC,2018-12-02 11:00:00,-39.564501189946284,2.305469591931021,0.01613543862250834,0.6258326840625633,-0.0005382740739409245,0.051969204215856594,-37.41845918869996,-5.41896553035463
SAC,2018-12-03 11:00:00,-39.564501189946284,2.305469591931021,0.01613543862250834,0.6258326840625633,-0.0005382740739409245,0.051969204215856594,-37.41845918869996,-5.41896553035463
SAC,2018-12-03 11:00:00,-48.8949895725718,3.5809797150912788,0.021226091364698732,0.8986017611757765,-0.0006034343396028613,0.08877009895462336,-47.62029136639114,-6.307600230698828
SAC,2018-12-04 11:00:00,-48.8949895725718,3.5809797150912788,0.021226091364698732,0.8986017611757765,-0.0006034343396028613,0.08877009895462336,-47.62029136639114,-6.307600230698828
SAC,2018-12-05 11:00:00,-48.8949895725718,3.5809797150912788,0.021226091364698732,0.8986017611757765,-0.0006034343396028613,0.08877009895462336,-47.62029136639114,-6.307600230698828
SAC,2018-12-06 11:00:00,-48.8949895725718,3.5809797150912788,0.021226091364698732,0.8986017611757765,-0.0006034343396028613,0.08877009895462336,-47.62029136639114,-6.307600230698828
SAC,2018-12-07 11:00:00,-48.8949895725718,3.5809797150912788,0.021226091364698732,0.8986017611757765,-0.0006034343396028613,0.08877009895462336,-47.62029136639114,-6.307600230698828
SAC,2018-12-08 11:00:00,-48.8949895725718,3.5809797150912788,0.021226091364698732,0.8986017611757765,-0.0006034343396028613,0.08877009895462336,-47.62029136639114,-6.307600230698828
SAC,2018-12-09 11:00:00,-48.8949895725718,3.5809797150912788,0.021226091364698732,0.8986017611757765,-0.0006034343396028613,0.08877009895462336,-47.62029136639114,-6.307600230698828
SAC,2018-12-10 11:00:00,-48.8949895725718,3.5809797150912788,0.021226091364698732,0.8986017611757765,-0.0006034343396028613,0.08877009895462336,-47.62029136639114,-6.307600230698828
SAC,2018-12-11 11:00:00,-48.8949895725718,3.5809797150912788,0.021226091364698732,0.8986017611757765,-0.0006034343396028613,0.08877009895462336,-47.62029136639114,-6.307600230698828
SAC,2018-12-12 11:00:00,-48.8949895725718,3.5809797150912788,0.021226091364698732,0.8986017611757765,-0.0006034343396028613,0.08877009895462336,-47.62029136639114,-6.307600230698828
SAC,2018-12-13 11:00:00,-48.8949895725718,3.5809797150912788,0.021226091364698732,0.8986017611757765,-0.0006034343396028613,0.08877009895462336,-47.62029136639114,-6.307600230698828
SAC,2018-12-14 11:00:00,-48.8949895725718,3.5809797150912788,0.021226091364698732,0.8986017611757765,-0.0006034343396028613,0.08877009895462336,-47.62029136639114,-6.307600230698828
SAC,2018-12-15 11:00:00,-48.8949895725718,3.5809797150912788,0.021226091364698732,0.8986017611757765,-0.0006034343396028613,0.08877009895462336,-47.62029136639114,-6.307600230698828
SAC,2018-12-16 11:00:00,-48.8949895725718,3.5809797150912788,0.021226091364698732,0.8986017611757765,-0.0006034343396028613,0.08877009895462336,-47.62029136639114,-6.307600230698828
SAC,2018-12-17 11:00:00,-48.8949895725718,3.5809797150912788,0.021226091364698732,0.8986017611757765,-0.0006034343396028613,0.08877009895462336,-47.62029136639114,-6.307600230698828
SAC,2018-12-17 11:00:00,-34.304933243453846,3.06028125787903,0.022433525728737205,0.2569017073600102,-0.0001871759511198601,0.01239780302531381,-31.23641996343992,-6.707704946070901
SAC,2018-12-18 11:00:00,-34.304933243453846,3.06028125787903,0.022433525728737205,0.2569017073600102,-0.0001871759511198601,0.01239780302531381,-31.23641996343992,-6.707704946070901
SAC,2018-12-19 11:00:00,-34.304933243453846,3.06028125787903,0.022433525728737205,0.2569017073600102,-0.0001871759511198601,0.01239780302531381,-31.23641996343992,-6.707704946070901
SAC,2018-12-20 11:00:00,-34.304933243453846,3.06028125787903,0.022433525728737205,0.2569017073600102,-0.0001871759511198601,0.01239780302531381,-31.23641996343992,-6.707704946070901
SAC,2018-12-21 11:00:00,-34.304933243453846,3.06028125787903,0.022433525728737205,0.2569017073600102,-0.0001871759511198601,0.01239780302531381,-31.23641996343992,-6.707704946070901
SAC,2018-12-22 11:00:00,-34.304933243453846,3.06028125787903,0.022433525728737205,0.2569017073600102,-0.0001871759511198601,0.01239780302531381,-31.23641996343992,-6.707704946070901
SAC,2018-12-23 11:00:00,-34.304933243453846,3.06028125787903,0.022433525728737205,0.2569017073600102,-0.0001871759511198601,0.01239780302531381,-31.23641996343992,-6.707704946070901
SAC,2018-12-24 11:00:00,-34.304933243453846,3.06028125787903,0.022433525728737205,0.2569017073600102,-0.0001871759511198601,0.01239780302531381,-31.23641996343992,-6.707704946070901
SAC,2018-12-25 11:00:00,-34.304933243453846,3.06028125787903,0.022433525728737205,0.2569017073600102,-0.0001871759511198601,0.01239780302531381,-31.23641996343992,-6.707704946070901
SAC,2018-12-26 11:00:00,-34.304933243453846,3.06028125787903,0.022433525728737205,0.2569017073600102,-0.0001871759511198601,0.01239780302531381,-31.23641996343992,-6.707704946070901
SAC,2018-12-27 11:00:00,-34.304933243453846,3.06028125787903,0.022433525728737205,0.2569017073600102,-0.0001871759511198601,0.01239780302531381,-31.23641996343992,-6.707704946070901
SAC,2018-12-28 11:00:00,-34.304933243453846,3.06028125787903,0.022433525728737205,0.2569017073600102,-0.0001871759511198601,0.01239780302531381,-31.23641996343992,-6.707704946070901
SAC,2018-12-29 11:00:00,-34.304933243453846,3.06028125787903,0.022433525728737205,0.2569017073600102,-0.0001871759511198601,0.01239780302531381,-31.23641996343992,-6.707704946070901
SAC,2018-12-30 11:00:00,-34.304933243453846,3.06028125787903,0.022433525728737205,0.2569017073600102,-0.0001871759511198601,0.01239780302531381,-31.23641996343992,-6.707704946070901
SAC,2018-12-31 11:00:00,-34.304933243453846,3.06028125787903,0.022433525728737205,0.2569017073600102,-0.0001871759511198601,0.01239780302531381,-31.23641996343992,-6.707704946070901
SAC,2018-12-31 11:00:00,-33.842473994228186,22.665465045566233,0.04178151680177295,0.44716837530910997,-0.00019495807303521518,0.016361544543345298,-50.558809601503484,-6.9099987441092
SAC,2019-01-01 11:00:00,-33.842473994228186,22.665465045566233,0.04178151680177295,0.44716837530910997,-0.00019495807303521518,0.016361544543345298,-50.558809601503484,-6.9099987441092
SAC,2019-01-02 11:00:00,-33.842473994228186,22.665465045566233,0.04178151680177295,0.44716837530910997,-0.00019495807303521518,0.016361544543345298,-50.558809601503484,-6.9099987441092
SAC,2019-01-03 11:00:00,-33.842473994228186,22.665465045566233,0.04178151680177295,0.44716837530910997,-0.00019495807303521518,0.016361544543345298,-50.558809601503484,-6.9099987441092
SAC,2019-01-04 11:00:00,-33.842473994228186,22.665465045566233,0.04178151680177295,0.44716837530910997,-0.00019495807303521518,0.016361544543345298,-50.558809601503484,-6.9099987441092
SAC,2019-01-05 11:00:00,-33.842473994228186,22.665465045566233,0.04178151680177295,0.44716837530910997,-0.00019495807303521518,0.016361544543345298,-50.558809601503484,-6.9099987441092
SAC,2019-01-06 11:00:00,-33.842473994228186,22.665465045566233,0.04178151680177295,0.44716837530910997,-0.00019495807303521518,0.016361544543345298,-50.558809601503484,-6.9099987441092
SAC,2019-01-07 11:00:00,-33.842473994228186,22.665465045566233,0.04178151680177295,0.44716837530910997,-0.00019495807303521518,0.016361544543345298,-50.558809601503484,-6.9099987441092
SAC,2019-01-08 11:00:00,-33.842473994228186,22.665465045566233,0.04178151680177295,0.44716837530910997,-0.00019495807303521518,0.016361544543345298,-50.558809601503484,-6.9099987441092
SAC,2019-01-09 11:00:00,-33.842473994228186,22.665465045566233,0.04178151680177295,0.44716837530910997,-0.00019495807303521518,0.016361544543345298,-50.558809601503484,-6.9099987441092
SAC,2019-01-10 11:00:00,-33.842473994228186,22.665465045566233,0.04178151680177295,0.44716837530910997,-0.00019495807303521518,0.016361544543345298,-50.558809601503484,-6.9099987441092
SAC,2019-01-11 11:00:00,-33.842473994228186,22.665465045566233,0.04178151680177295,0.44716837530910997,-0.00019495807303521518,0.016361544543345298,-50.558809601503484,-6.9099987441092
SAC,2019-01-12 11:00:00,-33.842473994228186,22.665465045566233,0.04178151680177295,0.44716837530910997,-0.00019495807303521518,0.016361544543345298,-50.558809601503484,-6.9099987441092
SAC,2019-01-13 11:00:00,-33.842473994228186,22.665465045566233,0.04178151680177295,0.44716837530910997,-0.00019495807303521518,0.016361544543345298,-50.558809601503484,-6.9099987441092
SAC,2019-01-14 11:00:00,-33.842473994228186,22.665465045566233,0.04178151680177295,0.44716837530910997,-0.00019495807303521518,0.016361544543345298,-50.558809601503484,-6.9099987441092
SVB,2018-01-01 11:00:00,-0.7510277067631917,0.9128144403027992,0.0015204956866595287,0.19065945587868022,-0.001446254013630709,0.022403795154306724,-2.199779273459235,0.3243236652462984
SVB,2018-01-02 11:00:00,-0.7510277067631917,0.9128144403027992,0.0015204956866595287,0.19065945587868022,-0.001446254013630709,0.022403795154306724,-2.199779273459235,0.3243236652462984
SVB,2018-01-03 11:00:00,-0.7510277067631917,0.9128144403027992,0.0015204956866595287,0.19065945587868022,-0.001446254013630709,0.022403795154306724,-2.199779273459235,0.3243236652462984
SVB,2018-01-04 11:00:00,-0.7510277067631917,0.9128144403027992,0.0015204956866595287,0.19065945587868022,-0.001446254013630709,0.022403795154306724,-2.199779273459235,0.3243236652462984
SVB,2018-01-05 11:00:00,-0.7510277067631917,0.9128144403027992,0.0015204956866595287,0.19065945587868022,-0.001446254013630709,0.022403795154306724,-2.199779273459235,0.3243236652462984
SVB,2018-01-06 11:00:00,-0.7510277067631917,0.9128144403027992,0.0015204956866595287,0.19065945587868022,-0.001446254013630709,0.022403795154306724,-2.199779273459235,0.3243236652462984
SVB,2018-01-07 11:00:00,-0.7510277067631917,0.9128144403027992,0.0015204956866595287,0.19065945587868022,-0.001446254013630709,0.022403795154306724,-2.199779273459235,0.3243236652462984
SVB,2018-01-08 11:00:00,-0.7510277067631917,0.9128144403027992,0.0015204956866595287,0.19065945587868022,-0.001446254013630709,0.022403795154306724,-2.199779273459235,0.3243236652462984
SVB,2018-01-09 11:00:00,-0.7510277067631917,0.9128144403027992,0.0015204956866595287,0.19065945587868022,-0.001446254013630709,0.022403795154306724,-2.199779273459235,0.3243236652462984
SVB,2018-01-10 11:00:00,-0.7510277067631917,0.9128144403027992,0.0015204956866595287,0.19065945587868022,-0.001446254013630709,0.022403795154306724,-2.199779273459235,0.3243236652462984
SVB,2018-01-11 11:00:00,-0.7510277067631917,0.9128144403027992,0.0015204956866595287,0.19065945587868022,-0.001446254013630709,0.022403795154306724,-2.199779273459235,0.3243236652462984
SVB,2018-01-12 11:00:00,-0.7510277067631917,0.9128144403027992,0.0015204956866595287,0.19065945587868022,-0.001446254013630709,0.022403795154306724,-2.199779273459235,0.3243236652462984
SVB,2018-01-13 11:00:00,-0.7510277067631917,0.9128144403027992,0.0015204956866595287,0.19065945587868022,-0.001446254013630709,0.022403795154306724,-2.199779273459235,0.3243236652462984
SVB,2018-01-14 11:00:00,-0.7510277067631917,0.9128144403027992,0.0015204956866595287,0.19065945587868022,-0.001446254013630709,0.022403795154306724,-2.199779273459235,0.3243236652462984
SVB,2018-01-15 11:00:00,-0.7510277067631917,0.9128144403027992,0.0015204956866595287,0.19065945587868022,-0.001446254013630709,0.022403795154306724,-2.199779273459235,0.3243236652462984
SVB,2018-01-15 11:00:00,-2.7730408560923623,1.6203965027875389,0.0009056904500457084,0.1755552496583752,-0.001119979759846529,0.01702898913506431,-3.1563115285337515,-1.4370577642771865
SVB,2018-01-16 11:00:00,-2.7730408560923623,1.6203965027875389,0.0009056904500457084,0.1755552496583752,-0.001119979759846529,0.01702898913506431,-3.1563115285337515,-1.4370577642771865
SVB,2018-01-17 11:00:00,-2.7730408560923623,1.6203965027875389,0.0009056904500457084,0.1755552496583752,-0.001119979759846529,0.01702898913506431,-3.1563115285337515,-1.4370577642771865
SVB,2018-01-18 11:00:00,-2.7730408560923623,1.6203965027875389,0.0009056904500457084,0.1755552496583752,-0.001119979759846529,0.01702898913506431,-3.1563115285337515,-1.4370577642771865
SVB,2018-01-19 11:00:00,-2.7730408560923623,1.6203965027875389,0.0009056904500457084,0.1755552496583752,-0.001119979759846529,0.01702898913506431,-3.1563115285337515,-1.4370577642771865
SVB,2018-01-20 11:00:00,-2.7730408560923623,1.6203965027875389,0.0009056904500457084,0.1755552496583752,-0.001119979759846529,0.01702898913506431,-3.1563115285337515,-1.4370577642771865
SVB,2018-01-21 11:00:00,-2.7730408560923623,1.6203965027875389,0.0009056904500457084,0.1755552496583752,-0.001119979759846529,0.01702898913506431,-3.1563115285337515,-1.4370577642771865
SVB,2018-01-22 11:00:00,-2.7730408560923623,1.6203965027875389,0.0009056904500457084,0.1755552496583752,-0.001119979759846529,0.01702898913506431,-3.1563115285337515,-1.4370577642771865
SVB,2018-01-23 11:00:00,-2.7730408560923623,1.6203965027875389,0.0009056904500457084,0.1755552496583752,-0.001119979759846529,0.01702898913506431,-3.1563115285337515,-1.4370577642771865
SVB,2018-01-24 11:00:00,-2.7730408560923623,1.6203965027875389,0.0009056904500457084,0.1755552496583752,-0.001119979759846529,0.01702898913506431,-3.1563115285337515,-1.4370577642771865
SVB,2018-01-25 11:00:00,-2.7730408560923623,1.6203965027875389,0.0009056904500457084,0.1755552496583752,-0.001119979759846529,0.01702898913506431,-3.1563115285337515,-1.4370577642771865
SVB,2018-01-26 11:00:00,-2.7730408560923623,1.6203965027875389,0.0009056904500457084,0.1755552496583752,-0.001119979759846529,0.01702898913506431,-3.1563115285337515,-1.4370577642771865
SVB,2018-01-27 11:00:00,-2.7730408560923623,1.6203965027875389,0.0009056904500457084,0.1755552496583752,-0.001119979759846529,0.01702898913506431,-3.1563115285337515,-1.4370577642771865
SVB,2018-01-28 11:00:00,-2.7730408560923623,1.6203965027875389,0.0009056904500457084,0.1755552496583752,-0.001119979759846529,0.01702898913506431,-3.1563115285337515,-1.4370577642771865
SVB,2018-01-29 11:00:00,-2.7730408560923623,1.6203965027875389,0.0009056904500457084,0.1755552496583752,-0.001119979759846529,0.01702898913506431,-3.1563115285337515,-1.4370577642771865
SVB,2018-01-29 11:00:00,-4.718238404082278,1.739061751667091,0.0018958565644657983,0.23723644922339948,-9.965592648990238e-05,0.021444518432103127,-4.108897142984513,-2.627806578159384
SVB,2018-01-30 11:00:00,-4.718238404082278,1.739061751667091,0.0018958565644657983,0.23723644922339948,-9.965592648990238e-05,0.021444518432103127,-4.108897142984513,-2.627806578159384
SVB,2018-01-31 11:00:00,-4.718238404082278,1.739061751667091,0.0018958565644657983,0.23723644922339948,-9.965592648990238e-05,0.021444518432103127,-4.108897142984513,-2.627806578159384
SVB,2018-02-01 11:00:00,-4.718238404082278,1.739061751667091,0.0018958565644657983,0.23723644922339948,-9.965592648990238e-05,0.021444518432103127,-4.108897142984513,-2.627806578159384
SVB,2018-02-02 11:00:00,-4.718238404082278,1.739061751667091,0.0018958565644657983,0.23723644922339948,-9.965592648990238e-05,0.021444518432103127,-4.108897142984513,-2.627806578159384
SVB,2018-02-03 11:00:00,-4.718238404082278,1.739061751667091,0.0018958565644657983,0.23723644922339948,-9.965592648990238e-05,0.021444518432103127,-4.108897142984513,-2.627806578159384
SVB,2018-02-04 11:00:00,-4.718238404082278,1.739061751667091,0.0018958565644657983,0.23723644922339948,-9.965592648990238e-05,0.021444518432103127,-4.108897142984513,-2.627806578159384
SVB,2018-02-05 11:00:00,-4.718238404082278,1.739061751667091,0.0018958565644657983,0.23723644922339948,-9.965592648990238e-05,0.021444518432103127,-4.108897142984513,-2.627806578159384
SVB,2018-02-06 11:00:00,-4.718238404082278,1.739061751667091,0.0018958565644657983,0.23723644922339948,-9.965592648990238e-05,0.021444518432103127,-4.108897142984513,-2.627806578159384
SVB,2018-02-07 11:00:00,-4.718238404082278,1.739061751667091,0.0018958565644657983,0.23723644922339948,-9.965592648990238e-05,0.021444518432103127,-4.108897142984513,-2.627806578159384
SVB,2018-02-08 11:00:00,-4.718238404082278,1.739061751667091,0.0018958565644657983,0.23723644922339948,-9.965592648990238e-05,0.021444518432103127,-4.108897142984513,-2.627806578159384
SVB,2018-02-09 11:00:00,-4.718238404082278,1.739061751667091,0.0018958565644657983,0.23723644922339948,-9.965592648990238e-05,0.021444518432103127,-4.108897142984513,-2.627806578159384
SVB,2018-02-10 11:00:00,-4.718238404082278,1.739061751667091,0.0018958565644657983,0.23723644922339948,-9.965592648990238e-05,0.021444518432103127,-4.108897142984513,-2.627806578159384
SVB,2018-02-11 11:00:00,-4.718238404082278,1.739061751667091,0.0018958565644657983,0.23723644922339948,-9.965592648990238e-05,0.021444518432103127,-4.108897142984513,-2.627806578159384
SVB,2018-02-12 11:00:00,-4.718238404082278,1.739061751667091,0.0018958565644657983,0.23723644922339948,-9.965592648990238e-05,0.021444518432103127,-4.108897142984513,-2.627806578159384
SVB,2018-02-12 11:00:00,-2.9446662995912947,1.0237766476734549,0.0006273182390951794,0.2961242431534028,-0.00011902056244816054,0.012405151295674087,-2.6373433820511556,-1.647393200602984
SVB,2018-02-13 11:00:00,-2.9446662995912947,1.0237766476734549,0.0006273182390951794,0.2961242431534028,-0.00011902056244816054,0.012405151295674087,-2.6373433820511556,-1.647393200602984
SVB,2018-02-14 11:00:00,-2.9446662995912947,1.0237766476734549,0.0006273182390951794,0.2961242431534028,-0.00011902056244816054,0.012405151295674087,-2.6373433820511556,-1.647393200602984
SVB,2018-02-15 11:00:00,-2.9446662995912947,1.0237766476734549,0.0006273182390951794,0.2961242431534028,-0.00011902056244816054,0.012405151295674087,-2.6373433820511556,-1.647393200602984
SVB,2018-02-16 11:00:00,-2.9446662995912947,1.0237766476734549,0.0006273182390951794,0.2961242431534028,-0.00011902056244816054,0.012405151295674087,-2.6373433820511556,-1.647393200602984
SVB,2018-02-17 11:00:00,-2.9446662995912947,1.0237766476734549,0.0006273182390951794,0.2961242431534028,-0.00011902056244816054,0.012405151295674087,-2.6373433820511556,-1.647393200602984
SVB,2018-02-18 11:00:00,-2.9446662995912947,1.0237766476734549,0.0006273182390951794,0.2961242431534028,-0.00011902056244816054,0.012405151295674087,-2.6373433820511556,-1.647393200602984
SVB,2018-02-19 11:00:00,-2.9446662995912947,1.0237766476734549,0.0006273182390951794,0.2961242431534028,-0.00011902056244816054,0.012405151295674087,-2.6373433820511556,-1.647393200602984
SVB,2018-02-20 11:00:00,-2.9446662995912947,1.0237766476734549,0.0006273182390951794,0.2961242431534028,-0.00011902056244816054,0.012405151295674087,-2.6373433820511556,-1.647393200602984
SVB,2018-02-21 11:00:00,-2.9446662995912947,1.0237766476734549,0.0006273182390951794,0.2961242431534028,-0.00011902056244816054,0.012405151295674087,-2.6373433820511556,-1.647393200602984
SVB,2018-02-22 11:00:00,-2.9446662995912947,1.0237766476734549,0.0006273182390951794,0.2961242431534028,-0.00011902056244816054,0.012405151295674087,-2.6373433820511556,-1.647393200602984
SVB,2018-02-23 11:00:00,-2.9446662995912947,1.0237766476734549,0.0006273182390951794,0.2961242431534028,-0.00011902056244816054,0.012405151295674087,-2.6373433820511556,-1.647393200602984
SVB,2018-02-24 11:00:00,-2.9446662995912947,1.0237766476734549,0.0006273182390951794,0.2961242431534028,-0.00011902056244816054,0.012405151295674087,-2.6373433820511556,-1.647393200602984
SVB,2018-02-25 11:00:00,-2.9446662995912947,1.0237766476734549,0.0006273182390951794,0.2961242431534028,-0.00011902056244816054,0.012405151295674087,-2.6373433820511556,-1.647393200602984
SVB,2018-02-26 11:00:00,-2.9446662995912947,1.0237766476734549,0.0006273182390951794,0.2961242431534028,-0.00011902056244816054,0.012405151295674087,-2.6373433820511556,-1.647393200602984
SVB,2018-02-26 11:00:00,-2.906166520116861,2.869725642912776,0.0008403719921137331,0.26026159121335374,8.704809166876815e-05,0.010073618294596284,-4.184620281925709,-1.873101525384748
SVB,2018-02-27 11:00:00,-2.906166520116861,2.869725642912776,0.0008403719921137331,0.26026159121335374,8.704809166876815e-05,0.010073618294596284,-4.184620281925709,-1.873101525384748
SVB,2018-02-28 11:00:00,-2.906166520116861,2.869725642912776,0.0008403719921137331,0.26026159121335374,8.704809166876815e-05,0.010073618294596284,-4.184620281925709,-1.873101525384748
SVB,2018-03-01 11:00:00,-2.906166520116861,2.869725642912776,0.0008403719921137331,0.26026159121335374,8.704809166876815e-05,0.010073618294596284,-4.184620281925709,-1.873101525384748
SVB,2018-03-02 11:00:00,-2.906166520116861,2.869725642912776,0.0008403719921137331,0.26026159121335374,8.704809166876815e-05,0.010073618294596284,-4.184620281925709,-1.873101525384748
SVB,2018-03-03 11:00:00,-2.906166520116861,2.869725642912776,0.0008403719921137331,0.26026159121335374,8.704809166876815e-05,0.010073618294596284,-4.184620281925709,-1.873101525384748
SVB,2018-03-04 11:00:00,-2.906166520116861,2.869725642912776,0.0008403719921137331,0.26026159121335374,8.704809166876815e-05,0.010073618294596284,-4.184620281925709,-1.873101525384748
SVB,2018-03-05 11:00:00,-2.906166520116861,2.869725642912776,0.0008403719921137331,0.26026159121335374,8.704809166876815e-05,0.010073618294596284,-4.184620281925709,-1.873101525384748
SVB,2018-03-06 11:00:00,-2.906166520116861,2.869725642912776,0.0008403719921137331,0.26026159121335374,8.704809166876815e-05,0.010073618294596284,-4.184620281925709,-1.873101525384748
SVB,2018-03-07 11:00:00,-2.906166520116861,2.869725642912776,0.0008403719921137331,0.26026159121335374,8.704809166876815e-05,0.010073618294596284,-4.184620281925709,-1.873101525384748
SVB,2018-03-08 11:00:00,-2.906166520116861,2.869725642912776,0.0008403719921137331,0.26026159121335374,8.704809166876815e-05,0.010073618294596284,-4.184620281925709,-1.873101525384748
SVB,2018-03-09 11:00:00,-2.906166520116861,2.869725642912776,0.0008403719921137331,0.26026159121335374,8.704809166876815e-05,0.010073618294596284,-4.184620281925709,-1.873101525384748
SVB,2018-03-10 11:00:00,-2.906166520116861,2.869725642912776,0.0008403719921137331,0.26026159121335374,8.704809166876815e-05,0.010073618294596284,-4.184620281925709,-1.873101525384748
SVB,2018-03-11 11:00:00,-2.906166520116861,2.869725642912776,0.0008403719921137331,0.26026159121335374,8.704809166876815e-05,0.010073618294596284,-4.184620281925709,-1.873101525384748
SVB,2018-03-12 11:00:00,-2.906166520116861,2.869725642912776,0.0008403719921137331,0.26026159121335374,8.704809166876815e-05,0.010073618294596284,-4.184620281925709,-1.873101525384748
SVB,2018-03-12 11:00:00,-2.580077522772878,0.5834651047529242,0.00018937589075649375,0.2767131893217871,-0.0001381304304653376,0.0017135396119224199,-1.541187707278142,-1.904414583104293
SVB,2018-03-13 11:00:00,-2.580077522772878,0.5834651047529242,0.00018937589075649375,0.2767131893217871,-0.0001381304304653376,0.0017135396119224199,-1.541187707278142,-1.904414583104293
SVB,2018-03-14 11:00:00,-2.580077522772878,0.5834651047529242,0.00018937589075649375,0.2767131893217871,-0.0001381304304653376,0.0017135396119224199,-1.541187707278142,-1.904414583104293
SVB,2018-03-15 11:00:00,-2.580077522772878,0.5834651047529242,0.00018937589075649375,0.2767131893217871,-0.0001381304304653376,0.0017135396119224199,-1.541187707278142,-1.904414583104293
SVB,2018-03-16 11:00:00,-2.580077522772878,0.5834651047529242,0.00018937589075649375,0.2767131893217871,-0.0001381304304653376,0.0017135396119224199,-1.541187707278142,-1.904414583104293
SVB,2018-03-17 11:00:00,-2.580077522772878,0.5834651047529242,0.00018937589075649375,0.2767131893217871,-0.0001381304304653376,0.0017135396119224199,-1.541187707278142,-1.904414583104293
SVB,2018-03-18 11:00:00,-2.580077522772878,0.5834651047529242,0.00018937589075649375,0.2767131893217871,-0.0001381304304653376,0.0017135396119224199,-1.541187707278142,-1.904414583104293
SVB,2018-03-19 11:00:00,-2.580077522772878,0.5834651047529242,0.00018937589075649375,0.2767131893217871,-0.0001381304304653376,0.0017135396119224199,-1.541187707278142,-1.904414583104293
SVB,2018-03-20 11:00:00,-2.580077522772878,0.5834651047529242,0.00018937589075649375,0.2767131893217871,-0.0001381304304653376,0.0017135396119224199,-1.541187707278142,-1.904414583104293
SVB,2018-03-21 11:00:00,-2.580077522772878,0.5834651047529242,0.00018937589075649375,0.2767131893217871,-0.0001381304304653376,0.0017135396119224199,-1.541187707278142,-1.904414583104293
SVB,2018-03-22 11:00:00,-2.580077522772878,0.5834651047529242,0.00018937589075649375,0.2767131893217871,-0.0001381304304653376,0.0017135396119224199,-1.541187707278142,-1.904414583104293
SVB,2018-03-23 11:00:00,-2.580077522772878,0.5834651047529242,0.00018937589075649375,0.2767131893217871,-0.0001381304304653376,0.0017135396119224199,-1.541187707278142,-1.904414583104293
SVB,2018-03-24 11:00:00,-2.580077522772878,0.5834651047529242,0.00018937589075649375,0.2767131893217871,-0.0001381304304653376,0.0017135396119224199,-1.541187707278142,-1.904414583104293
SVB,2018-03-25 11:00:00,-2.580077522772878,0.5834651047529242,0.00018937589075649375,0.2767131893217871,-0.0001381304304653376,0.0017135396119224199,-1.541187707278142,-1.904414583104293
SVB,2018-03-26 11:00:00,-2.580077522772878,0.5834651047529242,0.00018937589075649375,0.2767131893217871,-0.0001381304304653376,0.0017135396119224199,-1.541187707278142,-1.904414583104293
SVB,2018-03-26 11:00:00,-2.0759935104263896,0.5686233067588788,0.0009083787607023857,0.19393738950802733,-0.0005864814051349186,0.0014753982187454351,-1.1710024074398262,-1.6716789748766496
SVB,2018-03-27 11:00:00,-2.0759935104263896,0.5686233067588788,0.0009083787607023857,0.19393738950802733,-0.0005864814051349186,0.0014753982187454351,-1.1710024074398262,-1.6716789748766496
SVB,2018-03-28 11:00:00,-2.0759935104263896,0.5686233067588788,0.0009083787607023857,0.19393738950802733,-0.0005864814051349186,0.0014753982187454351,-1.1710024074398262,-1.6716789748766496
SVB,2018-03-29 11:00:00,-2.0759935104263896,0.5686233067588788,0.0009083787607023857,0.19393738950802733,-0.0005864814051349186,0.0014753982187454351,-1.1710024074398262,-1.6716789748766496
SVB,2018-03-30 11:00:00,-2.0759935104263896,0.5686233067588788,0.0009083787607023857,0.19393738950802733,-0.0005864814051349186,0.0014753982187454351,-1.1710024074398262,-1.6716789748766496
SVB,2018-03-31 11:00:00,-2.0759935104263896,0.5686233067588788,0.0009083787607023857,0.19393738950802733,-0.0005864814051349186,0.0014753982187454351,-1.1710024074398262,-1.6716789748766496
SVB,2018-04-01 11:00:00,-2.0759935104263896,0.5686233067588788,0.0009083787607023857,0.19393738950802733,-0.0005864814051349186,0.0014753982187454351,-1.1710024074398262,-1.6716789748766496
SVB,2018-04-02 11:00:00,-2.0759935104263896,0.5686233067588788,0.0009083787607023857,0.19393738950802733,-0.0005864814051349186,0.0014753982187454351,-1.1710024074398262,-1.6716789748766496
SVB,2018-04-03 11:00:00,-2.0759935104263896,0.5686233067588788,0.0009083787607023857,0.19393738950802733,-0.0005864814051349186,0.0014753982187454351,-1.1710024074398262,-1.6716789748766496
SVB,2018-04-04 11:00:00,-2.0759935104263896,0.5686233067588788,0.0009083787607023857,0.19393738950802733,-0.0005864814051349186,0.0014753982187454351,-1.1710024074398262,-1.6716789748766496
SVB,2018-04-05 11:00:00,-2.0759935104263896,0.5686233067588788,0.0009083787607023857,0.19393738950802733,-0.0005864814051349186,0.0014753982187454351,-1.1710024074398262,-1.6716789748766496
SVB,2018-04-06 11:00:00,-2.0759935104263896,0.5686233067588788,0.0009083787607023857,0.19393738950802733,-0.0005864814051349186,0.0014753982187454351,-1.1710024074398262,-1.6716789748766496
SVB,2018-04-07 11:00:00,-2.0759935104263896,0.5686233067588788,0.0009083787607023857,0.19393738950802733,-0.0005864814051349186,0.0014753982187454351,-1.1710024074398262,-1.6716789748766496
SVB,2018-04-08 11:00:00,-2.0759935104263896,0.5686233067588788,0.0009083787607023857,0.19393738950802733,-0.0005864814051349186,0.0014753982187454351,-1.1710024074398262,-1.6716789748766496
SVB,2018-04-09 11:00:00,-2.0759935104263896,0.5686233067588788,0.0009083787607023857,0.19393738950802733,-0.0005864814051349186,0.0014753982187454351,-1.1710024074398262,-1.6716789748766496
SVB,2018-04-09 11:00:00,-1.7846446070253712,0.8055165731878211,0.0003008603228869522,0.2682059882865151,-0.0008230858559077877,0.0007180191150250753,-1.1003924203389661,-1.7598979112740354
SVB,2018-04-10 11:00:00,-1.7846446070253712,0.8055165731878211,0.0003008603228869522,0.2682059882865151,-0.0008230858559077877,0.0007180191150250753,-1.1003924203389661,-1.7598979112740354
SVB,2018-04-11 11:00:00,-1.7846446070253712,0.8055165731878211,0.0003008603228869522,0.2682059882865151,-0.0008230858559077877,0.0007180191150250753,-1.1003924203389661,-1.7598979112740354
SVB,2018-04-12 11:00:00,-1.7846446070253712,0.8055165731878211,0.0003008603228869522,0.2682059882865151,-0.0008230858559077877,0.0007180191150250753,-1.1003924203389661,-1.7598979112740354
SVB,2018-04-13 11:00:00,-1.7846446070253712,0.8055165731878211,0.0003008603228869522,0.2682059882865151,-0.0008230858559077877,0.0007180191150250753,-1.1003924203389661,-1.7598979112740354
SVB,2018-04-14 11:00:00,-1.7846446070253712,0.8055165731878211,0.0003008603228869522,0.2682059882865151,-0.0008230858559077877,0.0007180191150250753,-1.1003924203389661,-1.7598979112740354
SVB,2018-04-15 11:00:00,-1.7846446070253712,0.8055165731878211,0.0003008603228869522,0.2682059882865151,-0.0008230858559077877,0.0007180191150250753,-1.1003924203389661,-1.7598979112740354
SVB,2018-04-16 11:00:00,-1.7846446070253712,0.8055165731878211,0.0003008603228869522,0.2682059882865151,-0.0008230858559077877,0.0007180191150250753,-1.1003924203389661,-1.7598979112740354
SVB,2018-04-17 11:00:00,-1.7846446070253712,0.8055165731878211,0.0003008603228869522,0.2682059882865151,-0.0008230858559077877,0.0007180191150250753,-1.1003924203389661,-1.7598979112740354
SVB,2018-04-18 11:00:00,-1.7846446070253712,0.8055165731878211,0.0003008603228869522,0.2682059882865151,-0.0008230858559077877,0.0007180191150250753,-1.1003924203389661,-1.7598979112740354
SVB,2018-04-19 11:00:00,-1.7846446070253712,0.8055165731878211,0.0003008603228869522,0.2682059882865151,-0.0008230858559077877,0.0007180191150250753,-1.1003924203389661,-1.7598979112740354
SVB,2018-04-20 11:00:00,-1.7846446070253712,0.8055165731878211,0.0003008603228869522,0.2682059882865151,-0.0008230858559077877,0.0007180191150250753,-1.1003924203389661,-1.7598979112740354
SVB,2018-04-21 11:00:00,-1.7846446070253712,0.8055165731878211,0.0003008603228869522,0.2682059882865151,-0.0008230858559077877,0.0007180191150250753,-1.1003924203389661,-1.7598979112740354
SVB,2018-04-22 11:00:00,-1.7846446070253712,0.8055165731878211,0.0003008603228869522,0.2682059882865151,-0.0008230858559077877,0.0007180191150250753,-1.1003924203389661,-1.7598979112740354
SVB,2018-04-23 11:00:00,-1.7846446070253712,0.8055165731878211,0.0003008603228869522,0.2682059882865151,-0.0008230858559077877,0.0007180191150250753,-1.1003924203389661,-1.7598979112740354
SVB,2018-04-23 11:00:00,-1.9120900426256502,1.5238022272571496,0.0019754196699098884,0.42655303541894873,-0.0016807596342005094,-0.0067694166850863,-1.8463160705754926,-2.0098378197234927
SVB,2018-04-24 11:00:00,-1.9120900426256502,1.5238022272571496,0.0019754196699098884,0.42655303541894873,-0.0016807596342005094,-0.0067694166850863,-1.8463160705754926,-2.0098378197234927
SVB,2018-04-25 11:00:00,-1.9120900426256502,1.5238022272571496,0.0019754196699098884,0.42655303541894873,-0.0016807596342005094,-0.0067694166850863,-1.8463160705754926,-2.0098378197234927
SVB,2018-04-26 11:00:00,-1.9120900426256502,1.5238022272571496,0.0019754196699098884,0.42655303541894873,-0.0016807596342005094,-0.0067694166850863,-1.8463160705754926,-2.0098378197234927
SVB,2018-04-27 11:00:00,-1.9120900426256502,1.5238022272571496,0.0019754196699098884,0.42655303541894873,-0.0016807596342005094,-0.0067694166850863,-1.8463160705754926,-2.0098378197234927
SVB,2018-04-28 11:00:00,-1.9120900426256502,1.5238022272571496,0.0019754196699098884,0.42655303541894873,-0.0016807596342005094,-0.0067694166850863,-1.8463160705754926,-2.0098378197234927
SVB,2018-04-29 11:00:00,-1.9120900426256502,1.5238022272571496,0.0019754196699098884,0.42655303541894873,-0.0016807596342005094,-0.0067694166850863,-1.8463160705754926,-2.0098378197234927
SVB,2018-04-30 11:00:00,-1.9120900426256502,1.5238022272571496,0.0019754196699098884,0.42655303541894873,-0.0016807596342005094,-0.0067694166850863,-1.8463160705754926,-2.0098378197234927
SVB,2018-05-01 11:00:00,-1.9120900426256502,1.5238022272571496,0.0019754196699098884,0.42655303541894873,-0.0016807596342005094,-0.0067694166850863,-1.8463160705754926,-2.0098378197234927
SVB,2018-05-02 11:00:00,-1.9120900426256502,1.5238022272571496,0.0019754196699098884,0.42655303541894873,-0.0016807596342005094,-0.0067694166850863,-1.8463160705754926,-2.0098378197234927
SVB,2018-05-03 11:00:00,-1.9120900426256502,1.5238022272571496,0.0019754196699098884,0.42655303541894873,-0.0016807596342005094,-0.0067694166850863,-1.8463160705754926,-2.0098378197234927
SVB,2018-05-04 11:00:00,-1.9120900426256502,1.5238022272571496,0.0019754196699098884,0.42655303541894873,-0.0016807596342005094,-0.0067694166850863,-1.8463160705754926,-2.0098378197234927
SVB,2018-05-05 11:00:00,-1.9120900426256502,1.5238022272571496,0.0019754196699098884,0.42655303541894873,-0.0016807596342005094,-0.0067694166850863,-1.8463160705754926,-2.0098378197234927
SVB,2018-05-06 11:00:00,-1.9120900426256502,1.5238022272571496,0.0019754196699098884,0.42655303541894873,-0.0016807596342005094,-0.0067694166850863,-1.8463160705754926,-2.0098378197234927
SVB,2018-05-07 11:00:00,-1.9120900426256502,1.5238022272571496,0.0019754196699098884,0.42655303541894873,-0.0016807596342005094,-0.0067694166850863,-1.8463160705754926,-2.0098378197234927
SVB,2018-05-07 11:00:00,-1.7119825834438138,1.1379868291402022,0.00410378365166272,0.4618465551352536,-0.003630709414103502,-0.010102556430406098,-1.4993431255723428,-1.8005201162944957
SVB,2018-05-08 11:00:00,-1.7119825834438138,1.1379868291402022,0.00410378365166272,0.4618465551352536,-0.003630709414103502,-0.010102556430406098,-1.4993431255723428,-1.8005201162944957
SVB,2018-05-09 11:00:00,-1.7119825834438138,1.1379868291402022,0.00410378365166272,0.4618465551352536,-0.003630709414103502,-0.010102556430406098,-1.4993431255723428,-1.8005201162944957
SVB,2018-05-10 11:00:00,-1.7119825834438138,1.1379868291402022,0.00410378365166272,0.4618465551352536,-0.003630709414103502,-0.010102556430406098,-1.4993431255723428,-1.8005201162944957
SVB,2018-05-11 11:00:00,-1.7119825834438138,1.1379868291402022,0.00410378365166272,0.4618465551352536,-0.003630709414103502,-0.010102556430406098,-1.4993431255723428,-1.8005201162944957
SVB,2018-05-12 11:00:00,-1.7119825834438138,1.1379868291402022,0.00410378365166272,0.4618465551352536,-0.003630709414103502,-0.010102556430406098,-1.4993431255723428,-1.8005201162944957
SVB,2018-05-13 11:00:00,-1.7119825834438138,1.1379868291402022,0.00410378365166272,0.4618465551352536,-0.003630709414103502,-0.010102556430406098,-1.4993431255723428,-1.8005201162944957
SVB,2018-05-14 11:00:00,-1.7119825834438138,1.1379868291402022,0.00410378365166272,0.4618465551352536,-0.003630709414103502,-0.010102556430406098,-1.4993431255723428,-1.8005201162944957
SVB,2018-05-15 11:00:00,-1.7119825834438138,1.1379868291402022,0.00410378365166272,0.4618465551352536,-0.003630709414103502,-0.010102556430406098,-1.4993431255723428,-1.8005201162944957
SVB,2018-05-16 11:00:00,-1.7119825834438138,1.1379868291402022,0.00410378365166272,0.4618465551352536,-0.003630709414103502,-0.010102556430406098,-1.4993431255723428,-1.8005201162944957
SVB,2018-05-17 11:00:00,-1.7119825834438138,1.1379868291402022,0.00410378365166272,0.4618465551352536,-0.003630709414103502,-0.010102556430406098,-1.4993431255723428,-1.8005201162944957
SVB,2018-05-18 11:00:00,-1.7119825834438138,1.1379868291402022,0.00410378365166272,0.4618465551352536,-0.003630709414103502,-0.010102556430406098,-1.4993431255723428,-1.8005201162944957
SVB,2018-05-19 11:00:00,-1.7119825834438138,1.1379868291402022,0.00410378365166272,0.4618465551352536,-0.003630709414103502,-0.010102556430406098,-1.4993431255723428,-1.8005201162944957
SVB,2018-05-20 11:00:00,-1.7119825834438138,1.1379868291402022,0.00410378365166272,0.4618465551352536,-0.003630709414103502,-0.010102556430406098,-1.4993431255723428,-1.8005201162944957
SVB,2018-05-21 11:00:00,-1.7119825834438138,1.1379868291402022,0.00410378365166272,0.4618465551352536,-0.003630709414103502,-0.010102556430406098,-1.4993431255723428,-1.8005201162944957
SVB,2018-05-21 11:00:00,-0.9918174239394089,1.6273736278200825,0.0005175667985626408,0.4772055514194117,-0.0019173152221700733,-0.019591841842365804,-1.2384000366480592,-1.8330832693836336
SVB,2018-05-22 11:00:00,-0.9918174239394089,1.6273736278200825,0.0005175667985626408,0.4772055514194117,-0.0019173152221700733,-0.019591841842365804,-1.2384000366480592,-1.8330832693836336
SVB,2018-05-23 11:00:00,-0.9918174239394089,1.6273736278200825,0.0005175667985626408,0.4772055514194117,-0.0019173152221700733,-0.019591841842365804,-1.2384000366480592,-1.8330832693836336
SVB,2018-05-24 11:00:00,-0.9918174239394089,1.6273736278200825,0.0005175667985626408,0.4772055514194117,-0.0019173152221700733,-0.019591841842365804,-1.2384000366480592,-1.8330832693836336
SVB,2018-05-25 11:00:00,-0.9918174239394089,1.6273736278200825,0.0005175667985626408,0.4772055514194117,-0.0019173152221700733,-0.019591841842365804,-1.2384000366480592,-1.8330832693836336
SVB,2018-05-26 11:00:00,-0.9918174239394089,1.6273736278200825,0.0005175667985626408,0.4772055514194117,-0.0019173152221700733,-0.019591841842365804,-1.2384000366480592,-1.8330832693836336
SVB,2018-05-27 11:00:00,-0.9918174239394089,1.6273736278200825,0.0005175667985626408,0.4772055514194117,-0.0019173152221700733,-0.019591841842365804,-1.2384000366480592,-1.8330832693836336
SVB,2018-05-28 11:00:00,-0.9918174239394089,1.6273736278200825,0.0005175667985626408,0.4772055514194117,-0.0019173152221700733,-0.019591841842365804,-1.2384000366480592,-1.8330832693836336
SVB,2018-05-29 11:00:00,-0.9918174239394089,1.6273736278200825,0.0005175667985626408,0.4772055514194117,-0.0019173152221700733,-0.019591841842365804,-1.2384000366480592,-1.8330832693836336
SVB,2018-05-30 11:00:00,-0.9918174239394089,1.6273736278200825,0.0005175667985626408,0.4772055514194117,-0.0019173152221700733,-0.019591841842365804,-1.2384000366480592,-1.8330832693836336
SVB,2018-05-31 11:00:00,-0.9918174239394089,1.6273736278200825,0.0005175667985626408,0.4772055514194117,-0.0019173152221700733,-0.019591841842365804,-1.2384000366480592,-1.8330832693836336
SVB,2018-06-01 11:00:00,-0.9918174239394089,1.6273736278200825,0.0005175667985626408,0.4772055514194117,-0.0019173152221700733,-0.019591841842365804,-1.2384000366480592,-1.8330832693836336
SVB,2018-06-02 11:00:00,-0.9918174239394089,1.6273736278200825,0.0005175667985626408,0.4772055514194117,-0.0019173152221700733,-0.019591841842365804,-1.2384000366480592,-1.8330832693836336
SVB,2018-06-03 11:00:00,-0.9918174239394089,1.6273736278200825,0.0005175667985626408,0.4772055514194117,-0.0019173152221700733,-0.019591841842365804,-1.2384000366480592,-1.8330832693836336
SVB,2018-06-04 11:00:00,-0.9918174239394089,1.6273736278200825,0.0005175667985626408,0.4772055514194117,-0.0019173152221700733,-0.019591841842365804,-1.2384000366480592,-1.8330832693836336
SVB,2018-06-04 11:00:00,-1.7526669029938589,0.4578995449646433,0.00019539647109539088,0.35614017602017467,-0.002645884557473629,-0.01958345099620719,-0.5714081757985353,-1.967442921491937
SVB,2018-06-05 11:00:00,-1.7526669029938589,0.4578995449646433,0.00019539647109539088,0.35614017602017467,-0.002645884557473629,-0.01958345099620719,-0.5714081757985353,-1.967442921491937
SVB,2018-06-06 11:00:00,-1.7526669029938589,0.4578995449646433,0.00019539647109539088,0.35614017602017467,-0.002645884557473629,-0.01958345099620719,-0.5714081757985353,-1.967442921491937
SVB,2018-06-07 11:00:00,-1.7526669029938589,0.4578995449646433,0.00019539647109539088,0.35614017602017467,-0.002645884557473629,-0.01958345099620719,-0.5714081757985353,-1.967442921491937
SVB,2018-06-08 11:00:00,-1.7526669029938589,0.4578995449646433,0.00019539647109539088,0.35614017602017467,-0.002645884557473629,-0.01958345099620719,-0.5714081757985353,-1.967442921491937
SVB,2018-06-09 11:00:00,-1.7526669029938589,0.4578995449646433,0.00019539647109539088,0.35614017602017467,-0.002645884557473629,-0.01958345099620719,-0.5714081757985353,-1.967442921491937
SVB,2018-06-10 11:00:00,-1.7526669029938589,0.4578995449646433,0.00019539647109539088,0.35614017602017467,-0.002645884557473629,-0.01958345099620719,-0.5714081757985353,-1.967442921491937
SVB,2018-06-11 11:00:00,-1.7526669029938589,0.4578995449646433,0.00019539647109539088,0.35614017602017467,-0.002645884557473629,-0.01958345099620719,-0.5714081757985353,-1.967442921491937
SVB,2018-06-12 11:00:00,-1.7526669029938589,0.4578995449646433,0.00019539647109539088,0.35614017602017467,-0.002645884557473629,-0.01958345099620719,-0.5714081757985353,-1.967442921491937
SVB,2018-06-13 11:00:00,-1.7526669029938589,0.4578995449646433,0.00019539647109539088,0.35614017602017467,-0.002645884557473629,-0.01958345099620719,-0.5714081757985353,-1.967442921491937
SVB,2018-06-14 11:00:00,-1.7526669029938589,0.4578995449646433,0.00019539647109539088,0.35614017602017467,-0.002645884557473629,-0.01958345099620719,-0.5714081757985353,-1.967442921491937
SVB,2018-06-15 11:00:00,-1.7526669029938589,0.4578995449646433,0.00019539647109539088,0.35614017602017467,-0.002645884557473629,-0.01958345099620719,-0.5714081757985353,-1.967442921491937
SVB,2018-06-16 11:00:00,-1.7526669029938589,0.4578995449646433,0.00019539647109539088,0.35614017602017467,-0.002645884557473629,-0.01958345099620719,-0.5714081757985353,-1.967442921491937
SVB,2018-06-17 11:00:00,-1.7526669029938589,0.4578995449646433,0.00019539647109539088,0.35614017602017467,-0.002645884557473629,-0.01958345099620719,-0.5714081757985353,-1.967442921491937
SVB,2018-06-18 11:00:00,-1.7526669029938589,0.4578995449646433,0.00019539647109539088,0.35614017602017467,-0.002645884557473629,-0.01958345099620719,-0.5714081757985353,-1.967442921491937
SVB,2018-06-18 11:00:00,-1.1247950341673163,0.4922956625705219,0.0006685012259790255,0.4245769555218763,-0.0012351890488804978,0.002392675858634458,-0.3114886355481285,-1.733160515900915
SVB,2018-06-19 11:00:00,-1.1247950341673163,0.4922956625705219,0.0006685012259790255,0.4245769555218763,-0.0012351890488804978,0.002392675858634458,-0.3114886355481285,-1.733160515900915
SVB,2018-06-20 11:00:00,-1.1247950341673163,0.4922956625705219,0.0006685012259790255,0.4245769555218763,-0.0012351890488804978,0.002392675858634458,-0.3114886355481285,-1.733160515900915
SVB,2018-06-21 11:00:00,-1.1247950341673163,0.4922956625705219,0.0006685012259790255,0.4245769555218763,-0.0012351890488804978,0.002392675858634458,-0.3114886355481285,-1.733160515900915
SVB,2018-06-22 11:00:00,-1.1247950341673163,0.4922956625705219,0.0006685012259790255,0.4245769555218763,-0.0012351890488804978,0.002392675858634458,-0.3114886355481285,-1.733160515900915
SVB,2018-06-23 11:00:00,-1.1247950341673163,0.4922956625705219,0.0006685012259790255,0.4245769555218763,-0.0012351890488804978,0.002392675858634458,-0.3114886355481285,-1.733160515900915
SVB,2018-06-24 11:00:00,-1.1247950341673163,0.4922956625705219,0.0006685012259790255,0.4245769555218763,-0.0012351890488804978,0.002392675858634458,-0.3114886355481285,-1.733160515900915
SVB,2018-06-25 11:00:00,-1.1247950341673163,0.4922956625705219,0.0006685012259790255,0.4245769555218763,-0.0012351890488804978,0.002392675858634458,-0.3114886355481285,-1.733160515900915
SVB,2018-06-26 11:00:00,-1.1247950341673163,0.4922956625705219,0.0006685012259790255,0.4245769555218763,-0.0012351890488804978,0.002392675858634458,-0.3114886355481285,-1.733160515900915
SVB,2018-06-27 11:00:00,-1.1247950341673163,0.4922956625705219,0.0006685012259790255,0.4245769555218763,-0.0012351890488804978,0.002392675858634458,-0.3114886355481285,-1.733160515900915
SVB,2018-06-28 11:00:00,-1.1247950341673163,0.4922956625705219,0.0006685012259790255,0.4245769555218763,-0.0012351890488804978,0.002392675858634458,-0.3114886355481285,-1.733160515900915
SVB,2018-06-29 11:00:00,-1.1247950341673163,0.4922956625705219,0.0006685012259790255,0.4245769555218763,-0.0012351890488804978,0.002392675858634458,-0.3114886355481285,-1.733160515900915
SVB,2018-06-30 11:00:00,-1.1247950341673163,0.4922956625705219,0.0006685012259790255,0.4245769555218763,-0.0012351890488804978,0.002392675858634458,-0.3114886355481285,-1.733160515900915
SVB,2018-07-01 11:00:00,-1.1247950341673163,0.4922956625705219,0.0006685012259790255,0.4245769555218763,-0.0012351890488804978,0.002392675858634458,-0.3114886355481285,-1.733160515900915
SVB,2018-07-02 11:00:00,-1.1247950341673163,0.4922956625705219,0.0006685012259790255,0.4245769555218763,-0.0012351890488804978,0.002392675858634458,-0.3114886355481285,-1.733160515900915
SVB,2018-07-02 11:00:00,-1.1891423515000725,0.15992716728485204,0.001525754021470493,0.41081655787899535,-0.0023709093009308484,-0.007652610433415436,-0.2945631798141915,-1.4529742383692232
SVB,2018-07-03 11:00:00,-1.1891423515000725,0.15992716728485204,0.001525754021470493,0.41081655787899535,-0.0023709093009308484,-0.007652610433415436,-0.2945631798141915,-1.4529742383692232
SVB,2018-07-04 11:00:00,-1.1891423515000725,0.15992716728485204,0.001525754021470493,0.41081655787899535,-0.0023709093009308484,-0.007652610433415436,-0.2945631798141915,-1.4529742383692232
SVB,2018-07-05 11:00:00,-1.1891423515000725,0.15992716728485204,0.001525754021470493,0.41081655787899535,-0.0023709093009308484,-0.007652610433415436,-0.2945631798141915,-1.4529742383692232
SVB,2018-07-06 11:00:00,-1.1891423515000725,0.15992716728485204,0.001525754021470493,0.41081655787899535,-0.0023709093009308484,-0.007652610433415436,-0.2945631798141915,-1.4529742383692232
SVB,2018-07-07 11:00:00,-1.1891423515000725,0.15992716728485204,0.001525754021470493,0.41081655787899535,-0.0023709093009308484,-0.007652610433415436,-0.2945631798141915,-1.4529742383692232
SVB,2018-07-08 11:00:00,-1.1891423515000725,0.15992716728485204,0.001525754021470493,0.41081655787899535,-0.0023709093009308484,-0.007652610433415436,-0.2945631798141915,-1.4529742383692232
SVB,2018-07-09 11:00:00,-1.1891423515000725,0.15992716728485204,0.001525754021470493,0.41081655787899535,-0.0023709093009308484,-0.007652610433415436,-0.2945631798141915,-1.4529742383692232
SVB,2018-07-10 11:00:00,-1.1891423515000725,0.15992716728485204,0.001525754021470493,0.41081655787899535,-0.0023709093009308484,-0.007652610433415436,-0.2945631798141915,-1.4529742383692232
SVB,2018-07-11 11:00:00,-1.1891423515000725,0.15992716728485204,0.001525754021470493,0.41081655787899535,-0.0023709093009308484,-0.007652610433415436,-0.2945631798141915,-1.4529742383692232
SVB,2018-07-12 11:00:00,-1.1891423515000725,0.15992716728485204,0.001525754021470493,0.41081655787899535,-0.0023709093009308484,-0.007652610433415436,-0.2945631798141915,-1.4529742383692232
SVB,2018-07-13 11:00:00,-1.1891423515000725,0.15992716728485204,0.001525754021470493,0.41081655787899535,-0.0023709093009308484,-0.007652610433415436,-0.2945631798141915,-1.4529742383692232
SVB,2018-07-14 11:00:00,-1.1891423515000725,0.15992716728485204,0.001525754021470493,0.41081655787899535,-0.0023709093009308484,-0.007652610433415436,-0.2945631798141915,-1.4529742383692232
SVB,2018-07-15 11:00:00,-1.1891423515000725,0.15992716728485204,0.001525754021470493,0.41081655787899535,-0.0023709093009308484,-0.007652610433415436,-0.2945631798141915,-1.4529742383692232
SVB,2018-07-16 11:00:00,-1.1891423515000725,0.15992716728485204,0.001525754021470493,0.41081655787899535,-0.0023709093009308484,-0.007652610433415436,-0.2945631798141915,-1.4529742383692232
SVB,2018-07-16 11:00:00,-0.31881639893284625,0.28272281007678796,0.0007098030705623708,0.8960189976086042,-0.0009368222986500296,-0.02897686621634446,-0.3673936244868471,-1.0932677210860946
SVB,2018-07-17 11:00:00,-0.31881639893284625,0.28272281007678796,0.0007098030705623708,0.8960189976086042,-0.0009368222986500296,-0.02897686621634446,-0.3673936244868471,-1.0932677210860946
SVB,2018-07-18 11:00:00,-0.31881639893284625,0.28272281007678796,0.0007098030705623708,0.8960189976086042,-0.0009368222986500296,-0.02897686621634446,-0.3673936244868471,-1.0932677210860946
SVB,2018-07-19 11:00:00,-0.31881639893284625,0.28272281007678796,0.0007098030705623708,0.8960189976086042,-0.0009368222986500296,-0.02897686621634446,-0.3673936244868471,-1.0932677210860946
SVB,2018-07-20 11:00:00,-0.31881639893284625,0.28272281007678796,0.0007098030705623708,0.8960189976086042,-0.0009368222986500296,-0.02897686621634446,-0.3673936244868471,-1.0932677210860946
SVB,2018-07-21 11:00:00,-0.31881639893284625,0.28272281007678796,0.0007098030705623708,0.8960189976086042,-0.0009368222986500296,-0.02897686621634446,-0.3673936244868471,-1.0932677210860946
SVB,2018-07-22 11:00:00,-0.31881639893284625,0.28272281007678796,0.0007098030705623708,0.8960189976086042,-0.0009368222986500296,-0.02897686621634446,-0.3673936244868471,-1.0932677210860946
SVB,2018-07-23 11:00:00,-0.31881639893284625,0.28272281007678796,0.0007098030705623708,0.8960189976086042,-0.0009368222986500296,-0.02897686621634446,-0.3673936244868471,-1.0932677210860946
SVB,2018-07-24 11:00:00,-0.31881639893284625,0.28272281007678796,0.0007098030705623708,0.8960189976086042,-0.0009368222986500296,-0.02897686621634446,-0.3673936244868471,-1.0932677210860946
SVB,2018-07-25 11:00:00,-0.31881639893284625,0.28272281007678796,0.0007098030705623708,0.8960189976086042,-0.0009368222986500296,-0.02897686621634446,-0.3673936244868471,-1.0932677210860946
SVB,2018-07-26 11:00:00,-0.31881639893284625,0.28272281007678796,0.0007098030705623708,0.8960189976086042,-0.0009368222986500296,-0.02897686621634446,-0.3673936244868471,-1.0932677210860946
SVB,2018-07-27 11:00:00,-0.31881639893284625,0.28272281007678796,0.0007098030705623708,0.8960189976086042,-0.0009368222986500296,-0.02897686621634446,-0.3673936244868471,-1.0932677210860946
SVB,2018-07-28 11:00:00,-0.31881639893284625,0.28272281007678796,0.0007098030705623708,0.8960189976086042,-0.0009368222986500296,-0.02897686621634446,-0.3673936244868471,-1.0932677210860946
SVB,2018-07-29 11:00:00,-0.31881639893284625,0.28272281007678796,0.0007098030705623708,0.8960189976086042,-0.0009368222986500296,-0.02897686621634446,-0.3673936244868471,-1.0932677210860946
SVB,2018-07-30 11:00:00,-0.31881639893284625,0.28272281007678796,0.0007098030705623708,0.8960189976086042,-0.0009368222986500296,-0.02897686621634446,-0.3673936244868471,-1.0932677210860946
SVB,2018-07-30 11:00:00,0.3662723008517318,1.2515169258419607,0.002563560783092893,1.0499509708991326,-0.0005639112659292734,0.0015288123162976127,-0.8418681848008559,-1.0980412397806405
SVB,2018-07-31 11:00:00,0.3662723008517318,1.2515169258419607,0.002563560783092893,1.0499509708991326,-0.0005639112659292734,0.0015288123162976127,-0.8418681848008559,-1.0980412397806405
SVB,2018-08-01 11:00:00,0.3662723008517318,1.2515169258419607,0.002563560783092893,1.0499509708991326,-0.0005639112659292734,0.0015288123162976127,-0.8418681848008559,-1.0980412397806405
SVB,2018-08-02 11:00:00,0.3662723008517318,1.2515169258419607,0.002563560783092893,1.0499509708991326,-0.0005639112659292734,0.0015288123162976127,-0.8418681848008559,-1.0980412397806405
SVB,2018-08-03 11:00:00,0.3662723008517318,1.2515169258419607,0.002563560783092893,1.0499509708991326,-0.0005639112659292734,0.0015288123162976127,-0.8418681848008559,-1.0980412397806405
SVB,2018-08-04 11:00:00,0.3662723008517318,1.2515169258419607,0.002563560783092893,1.0499509708991326,-0.0005639112659292734,0.0015288123162976127,-0.8418681848008559,-1.0980412397806405
SVB,2018-08-05 11:00:00,0.3662723008517318,1.2515169258419607,0.002563560783092893,1.0499509708991326,-0.0005639112659292734,0.0015288123162976127,-0.8418681848008559,-1.0980412397806405
SVB,2018-08-06 11:00:00,0.3662723008517318,1.2515169258419607,0.002563560783092893,1.0499509708991326,-0.0005639112659292734,0.0015288123162976127,-0.8418681848008559,-1.0980412397806405
SVB,2018-08-07 11:00:00,0.3662723008517318,1.2515169258419607,0.002563560783092893,1.0499509708991326,-0.0005639112659292734,0.0015288123162976127,-0.8418681848008559,-1.0980412397806405
SVB,2018-08-08 11:00:00,0.3662723008517318,1.2515169258419607,0.002563560783092893,1.0499509708991326,-0.0005639112659292734,0.0015288123162976127,-0.8418681848008559,-1.0980412397806405
SVB,2018-08-09 11:00:00,0.3662723008517318,1.2515169258419607,0.002563560783092893,1.0499509708991326,-0.0005639112659292734,0.0015288123162976127,-0.8418681848008559,-1.0980412397806405
SVB,2018-08-10 11:00:00,0.3662723008517318,1.2515169258419607,0.002563560783092893,1.0499509708991326,-0.0005639112659292734,0.0015288123162976127,-0.8418681848008559,-1.0980412397806405
SVB,2018-08-11 11:00:00,0.3662723008517318,1.2515169258419607,0.002563560783092893,1.0499509708991326,-0.0005639112659292734,0.0015288123162976127,-0.8418681848008559,-1.0980412397806405
SVB,2018-08-12 11:00:00,0.3662723008517318,1.2515169258419607,0.002563560783092893,1.0499509708991326,-0.0005639112659292734,0.0015288123162976127,-0.8418681848008559,-1.0980412397806405
SVB,2018-08-13 11:00:00,0.3662723008517318,1.2515169258419607,0.002563560783092893,1.0499509708991326,-0.0005639112659292734,0.0015288123162976127,-0.8418681848008559,-1.0980412397806405
SVB,2018-08-13 11:00:00,-0.08287944062881614,1.5644335106687097,0.0033838161040506184,0.9919369429467397,-0.002768382080867417,0.06719756425620847,-1.7109399430105516,-1.006748216948173
SVB,2018-08-14 11:00:00,-0.08287944062881614,1.5644335106687097,0.0033838161040506184,0.9919369429467397,-0.002768382080867417,0.06719756425620847,-1.7109399430105516,-1.006748216948173
SVB,2018-08-15 11:00:00,-0.08287944062881614,1.5644335106687097,0.0033838161040506184,0.9919369429467397,-0.002768382080867417,0.06719756425620847,-1.7109399430105516,-1.006748216948173
SVB,2018-08-16 11:00:00,-0.08287944062881614,1.5644335106687097,0.0033838161040506184,0.9919369429467397,-0.002768382080867417,0.06719756425620847,-1.7109399430105516,-1.006748216948173
SVB,2018-08-17 11:00:00,-0.08287944062881614,1.5644335106687097,0.0033838161040506184,0.9919369429467397,-0.002768382080867417,0.06719756425620847,-1.7109399430105516,-1.006748216948173
SVB,2018-08-18 11:00:00,-0.08287944062881614,1.5644335106687097,0.0033838161040506184,0.9919369429467397,-0.002768382080867417,0.06719756425620847,-1.7109399430105516,-1.006748216948173
SVB,2018-08-19 11:00:00,-0.08287944062881614,1.5644335106687097,0.0033838161040506184,0.9919369429467397,-0.002768382080867417,0.06719756425620847,-1.7109399430105516,-1.006748216948173
SVB,2018-08-20 11:00:00,-0.08287944062881614,1.5644335106687097,0.0033838161040506184,0.9919369429467397,-0.002768382080867417,0.06719756425620847,-1.7109399430105516,-1.006748216948173
SVB,2018-08-21 11:00:00,-0.08287944062881614,1.5644335106687097,0.0033838161040506184,0.9919369429467397,-0.002768382080867417,0.06719756425620847,-1.7109399430105516,-1.006748216948173
SVB,2018-08-22 11:00:00,-0.08287944062881614,1.5644335106687097,0.0033838161040506184,0.9919369429467397,-0.002768382080867417,0.06719756425620847,-1.7109399430105516,-1.006748216948173
SVB,2018-08-23 11:00:00,-0.08287944062881614,1.5644335106687097,0.0033838161040506184,0.9919369429467397,-0.002768382080867417,0.06719756425620847,-1.7109399430105516,-1.006748216948173
SVB,2018-08-24 11:00:00,-0.08287944062881614,1.5644335106687097,0.0033838161040506184,0.9919369429467397,-0.002768382080867417,0.06719756425620847,-1.7109399430105516,-1.006748216948173
SVB,2018-08-25 11:00:00,-0.08287944062881614,1.5644335106687097,0.0033838161040506184,0.9919369429467397,-0.002768382080867417,0.06719756425620847,-1.7109399430105516,-1.006748216948173
SVB,2018-08-26 11:00:00,-0.08287944062881614,1.5644335106687097,0.0033838161040506184,0.9919369429467397,-0.002768382080867417,0.06719756425620847,-1.7109399430105516,-1.006748216948173
SVB,2018-08-27 11:00:00,-0.08287944062881614,1.5644335106687097,0.0033838161040506184,0.9919369429467397,-0.002768382080867417,0.06719756425620847,-1.7109399430105516,-1.006748216948173
SVB,2018-08-27 11:00:00,0.07260957344161723,1.2094755118730245,0.0033247616994118074,0.7536712193726279,-0.002992749410244045,0.054691221696215306,-0.9554056381338185,-0.9980763929088114
SVB,2018-08-28 11:00:00,0.07260957344161723,1.2094755118730245,0.0033247616994118074,0.7536712193726279,-0.002992749410244045,0.054691221696215306,-0.9554056381338185,-0.9980763929088114
SVB,2018-08-29 11:00:00,0.07260957344161723,1.2094755118730245,0.0033247616994118074,0.7536712193726279,-0.002992749410244045,0.054691221696215306,-0.9554056381338185,-0.9980763929088114
SVB,2018-08-30 11:00:00,0.07260957344161723,1.2094755118730245,0.0033247616994118074,0.7536712193726279,-0.002992749410244045,0.054691221696215306,-0.9554056381338185,-0.9980763929088114
SVB,2018-08-31 11:00:00,0.07260957344161723,1.2094755118730245,0.0033247616994118074,0.7536712193726279,-0.002992749410244045,0.054691221696215306,-0.9554056381338185,-0.9980763929088114
SVB,2018-09-01 11:00:00,0.07260957344161723,1.2094755118730245,0.0033247616994118074,0.7536712193726279,-0.002992749410244045,0.054691221696215306,-0.9554056381338185,-0.9980763929088114
SVB,2018-09-02 11:00:00,0.07260957344161723,1.2094755118730245,0.0033247616994118074,0.7536712193726279,-0.002992749410244045,0.054691221696215306,-0.9554056381338185,-0.9980763929088114
SVB,2018-09-03 11:00:00,0.07260957344161723,1.2094755118730245,0.0033247616994118074,0.7536712193726279,-0.002992749410244045,0.054691221696215306,-0.9554056381338185,-0.9980763929088114
SVB,2018-09-04 11:00:00,0.07260957344161723,1.2094755118730245,0.0033247616994118074,0.7536712193726279,-0.002992749410244045,0.054691221696215306,-0.9554056381338185,-0.9980763929088114
SVB,2018-09-05 11:00:00,0.07260957344161723,1.2094755118730245,0.0033247616994118074,0.7536712193726279,-0.002992749410244045,0.054691221696215306,-0.9554056381338185,-0.9980763929088114
SVB,2018-09-06 11:00:00,0.07260957344161723,1.2094755118730245,0.0033247616994118074,0.7536712193726279,-0.002992749410244045,0.054691221696215306,-0.9554056381338185,-0.9980763929088114
SVB,2018-09-07 11:00:00,0.07260957344161723,1.2094755118730245,0.0033247616994118074,0.7536712193726279,-0.002992749410244045,0.054691221696215306,-0.9554056381338185,-0.9980763929088114
SVB,2018-09-08 11:00:00,0.07260957344161723,1.2094755118730245,0.0033247616994118074,0.7536712193726279,-0.002992749410244045,0.054691221696215306,-0.9554056381338185,-0.9980763929088114
SVB,2018-09-09 11:00:00,0.07260957344161723,1.2094755118730245,0.0033247616994118074,0.7536712193726279,-0.002992749410244045,0.054691221696215306,-0.9554056381338185,-0.9980763929088114
SVB,2018-09-10 11:00:00,0.07260957344161723,1.2094755118730245,0.0033247616994118074,0.7536712193726279,-0.002992749410244045,0.054691221696215306,-0.9554056381338185,-0.9980763929088114
SVB,2018-09-10 11:00:00,-0.3774197084230848,1.4099319169288302,0.002355733000301438,1.267639976843878,-0.002947562164705935,0.023850563183349337,-1.6400327319897428,-1.446750225022995
SVB,2018-09-11 11:00:00,-0.3774197084230848,1.4099319169288302,0.002355733000301438,1.267639976843878,-0.002947562164705935,0.023850563183349337,-1.6400327319897428,-1.446750225022995
SVB,2018-09-12 11:00:00,-0.3774197084230848,1.4099319169288302,0.002355733000301438,1.267639976843878,-0.002947562164705935,0.023850563183349337,-1.6400327319897428,-1.446750225022995
SVB,2018-09-13 11:00:00,-0.3774197084230848,1.4099319169288302,0.002355733000301438,1.267639976843878,-0.002947562164705935,0.023850563183349337,-1.6400327319897428,-1.446750225022995
SVB,2018-09-14 11:00:00,-0.3774197084230848,1.4099319169288302,0.002355733000301438,1.267639976843878,-0.002947562164705935,0.023850563183349337,-1.6400327319897428,-1.446750225022995
SVB,2018-09-15 11:00:00,-0.3774197084230848,1.4099319169288302,0.002355733000301438,1.267639976843878,-0.002947562164705935,0.023850563183349337,-1.6400327319897428,-1.446750225022995
SVB,2018-09-16 11:00:00,-0.3774197084230848,1.4099319169288302,0.002355733000301438,1.267639976843878,-0.002947562164705935,0.023850563183349337,-1.6400327319897428,-1.446750225022995
SVB,2018-09-17 11:00:00,-0.3774197084230848,1.4099319169288302,0.002355733000301438,1.267639976843878,-0.002947562164705935,0.023850563183349337,-1.6400327319897428,-1.446750225022995
SVB,2018-09-18 11:00:00,-0.3774197084230848,1.4099319169288302,0.002355733000301438,1.267639976843878,-0.002947562164705935,0.023850563183349337,-1.6400327319897428,-1.446750225022995
SVB,2018-09-19 11:00:00,-0.3774197084230848,1.4099319169288302,0.002355733000301438,1.267639976843878,-0.002947562164705935,0.023850563183349337,-1.6400327319897428,-1.446750225022995
SVB,2018-09-20 11:00:00,-0.3774197084230848,1.4099319169288302,0.002355733000301438,1.267639976843878,-0.002947562164705935,0.023850563183349337,-1.6400327319897428,-1.446750225022995
SVB,2018-09-21 11:00:00,-0.3774197084230848,1.4099319169288302,0.002355733000301438,1.267639976843878,-0.002947562164705935,0.023850563183349337,-1.6400327319897428,-1.446750225022995
SVB,2018-09-22 11:00:00,-0.3774197084230848,1.4099319169288302,0.002355733000301438,1.267639976843878,-0.002947562164705935,0.023850563183349337,-1.6400327319897428,-1.446750225022995
SVB,2018-09-23 11:00:00,-0.3774197084230848,1.4099319169288302,0.002355733000301438,1.267639976843878,-0.002947562164705935,0.023850563183349337,-1.6400327319897428,-1.446750225022995
SVB,2018-09-24 11:00:00,-0.3774197084230848,1.4099319169288302,0.002355733000301438,1.267639976843878,-0.002947562164705935,0.023850563183349337,-1.6400327319897428,-1.446750225022995
SVB,2018-09-24 11:00:00,-1.1268792707476918,1.5349538240403002,0.0048497166526999605,0.8094203123206531,-0.0020660980119026895,0.016511910724723234,-1.6752435225651894,-1.825147310299421
SVB,2018-09-25 11:00:00,-1.1268792707476918,1.5349538240403002,0.0048497166526999605,0.8094203123206531,-0.0020660980119026895,0.016511910724723234,-1.6752435225651894,-1.825147310299421
SVB,2018-09-26 11:00:00,-1.1268792707476918,1.5349538240403002,0.0048497166526999605,0.8094203123206531,-0.0020660980119026895,0.016511910724723234,-1.6752435225651894,-1.825147310299421
SVB,2018-09-27 11:00:00,-1.1268792707476918,1.5349538240403002,0.0048497166526999605,0.8094203123206531,-0.0020660980119026895,0.016511910724723234,-1.6752435225651894,-1.825147310299421
SVB,2018-09-28 11:00:00,-1.1268792707476918,1.5349538240403002,0.0048497166526999605,0.8094203123206531,-0.0020660980119026895,0.016511910724723234,-1.6752435225651894,-1.825147310299421
SVB,2018-09-29 11:00:00,-1.1268792707476918,1.5349538240403002,0.0048497166526999605,0.8094203123206531,-0.0020660980119026895,0.016511910724723234,-1.6752435225651894,-1.825147310299421
SVB,2018-09-30 11:00:00,-1.1268792707476918,1.5349538240403002,0.0048497166526999605,0.8094203123206531,-0.0020660980119026895,0.016511910724723234,-1.6752435225651894,-1.825147310299421
SVB,2018-10-01 11:00:00,-1.1268792707476918,1.5349538240403002,0.0048497166526999605,0.8094203123206531,-0.0020660980119026895,0.016511910724723234,-1.6752435225651894,-1.825147310299421
SVB,2018-10-02 11:00:00,-1.1268792707476918,1.5349538240403002,0.0048497166526999605,0.8094203123206531,-0.0020660980119026895,0.016511910724723234,-1.6752435225651894,-1.825147310299421
SVB,2018-10-03 11:00:00,-1.1268792707476918,1.5349538240403002,0.0048497166526999605,0.8094203123206531,-0.0020660980119026895,0.016511910724723234,-1.6752435225651894,-1.825147310299421
SVB,2018-10-04 11:00:00,-1.1268792707476918,1.5349538240403002,0.0048497166526999605,0.8094203123206531,-0.0020660980119026895,0.016511910724723234,-1.6752435225651894,-1.825147310299421
SVB,2018-10-05 11:00:00,-1.1268792707476918,1.5349538240403002,0.0048497166526999605,0.8094203123206531,-0.0020660980119026895,0.016511910724723234,-1.6752435225651894,-1.825147310299421
SVB,2018-10-06 11:00:00,-1.1268792707476918,1.5349538240403002,0.0048497166526999605,0.8094203123206531,-0.0020660980119026895,0.016511910724723234,-1.6752435225651894,-1.825147310299421
SVB,2018-10-07 11:00:00,-1.1268792707476918,1.5349538240403002,0.0048497166526999605,0.8094203123206531,-0.0020660980119026895,0.016511910724723234,-1.6752435225651894,-1.825147310299421
SVB,2018-10-08 11:00:00,-1.1268792707476918,1.5349538240403002,0.0048497166526999605,0.8094203123206531,-0.0020660980119026895,0.016511910724723234,-1.6752435225651894,-1.825147310299421
SVB,2018-10-08 11:00:00,-2.2292342632958784,0.03474735991593822,0.0012857495612403735,0.46247099558629323,-0.0018162425485437651,0.014034765908386123,-0.1588841423849285,-2.589240271545816
SVB,2018-10-09 11:00:00,-2.2292342632958784,0.03474735991593822,0.0012857495612403735,0.46247099558629323,-0.0018162425485437651,0.014034765908386123,-0.1588841423849285,-2.589240271545816
SVB,2018-10-10 11:00:00,-2.2292342632958784,0.03474735991593822,0.0012857495612403735,0.46247099558629323,-0.0018162425485437651,0.014034765908386123,-0.1588841423849285,-2.589240271545816
SVB,2018-10-11 11:00:00,-2.2292342632958784,0.03474735991593822,0.0012857495612403735,0.46247099558629323,-0.0018162425485437651,0.014034765908386123,-0.1588841423849285,-2.589240271545816
SVB,2018-10-12 11:00:00,-2.2292342632958784,0.03474735991593822,0.0012857495612403735,0.46247099558629323,-0.0018162425485437651,0.014034765908386123,-0.1588841423849285,-2.589240271545816
SVB,2018-10-13 11:00:00,-2.2292342632958784,0.03474735991593822,0.0012857495612403735,0.46247099558629323,-0.0018162425485437651,0.014034765908386123,-0.1588841423849285,-2.589240271545816
SVB,2018-10-14 11:00:00,-2.2292342632958784,0.03474735991593822,0.0012857495612403735,0.46247099558629323,-0.0018162425485437651,0.014034765908386123,-0.1588841423849285,-2.589240271545816
SVB,2018-10-15 11:00:00,-2.2292342632958784,0.03474735991593822,0.0012857495612403735,0.46247099558629323,-0.0018162425485437651,0.014034765908386123,-0.1588841423849285,-2.589240271545816
SVB,2018-10-16 11:00:00,-2.2292342632958784,0.03474735991593822,0.0012857495612403735,0.46247099558629323,-0.0018162425485437651,0.014034765908386123,-0.1588841423849285,-2.589240271545816
SVB,2018-10-17 11:00:00,-2.2292342632958784,0.03474735991593822,0.0012857495612403735,0.46247099558629323,-0.0018162425485437651,0.014034765908386123,-0.1588841423849285,-2.589240271545816
SVB,2018-10-18 11:00:00,-2.2292342632958784,0.03474735991593822,0.0012857495612403735,0.46247099558629323,-0.0018162425485437651,0.014034765908386123,-0.1588841423849285,-2.589240271545816
SVB,2018-10-19 11:00:00,-2.2292342632958784,0.03474735991593822,0.0012857495612403735,0.46247099558629323,-0.0018162425485437651,0.014034765908386123,-0.1588841423849285,-2.589240271545816
SVB,2018-10-20 11:00:00,-2.2292342632958784,0.03474735991593822,0.0012857495612403735,0.46247099558629323,-0.0018162425485437651,0.014034765908386123,-0.1588841423849285,-2.589240271545816
SVB,2018-10-21 11:00:00,-2.2292342632958784,0.03474735991593822,0.0012857495612403735,0.46247099558629323,-0.0018162425485437651,0.014034765908386123,-0.1588841423849285,-2.589240271545816
SVB,2018-10-22 11:00:00,-2.2292342632958784,0.03474735991593822,0.0012857495612403735,0.46247099558629323,-0.0018162425485437651,0.014034765908386123,-0.1588841423849285,-2.589240271545816
SVB,2018-10-22 11:00:00,-4.63170504615746,1.1468634101448236,0.007145678105720281,0.9674268722123204,-0.0010815417311281774,0.002636558204439926,-3.2571221990627763,-3.51027693902425
SVB,2018-10-23 11:00:00,-4.63170504615746,1.1468634101448236,0.007145678105720281,0.9674268722123204,-0.0010815417311281774,0.002636558204439926,-3.2571221990627763,-3.51027693902425
SVB,2018-10-24 11:00:00,-4.63170504615746,1.1468634101448236,0.007145678105720281,0.9674268722123204,-0.0010815417311281774,0.002636558204439926,-3.2571221990627763,-3.51027693902425
SVB,2018-10-25 11:00:00,-4.63170504615746,1.1468634101448236,0.007145678105720281,0.9674268722123204,-0.0010815417311281774,0.002636558204439926,-3.2571221990627763,-3.51027693902425
SVB,2018-10-26 11:00:00,-4.63170504615746,1.1468634101448236,0.007145678105720281,0.9674268722123204,-0.0010815417311281774,0.002636558204439926,-3.2571221990627763,-3.51027693902425
SVB,2018-10-27 11:00:00,-4.63170504615746,1.1468634101448236,0.007145678105720281,0.9674268722123204,-0.0010815417311281774,0.002636558204439926,-3.2571221990627763,-3.51027693902425
SVB,2018-10-28 11:00:00,-4.63170504615746,1.1468634101448236,0.007145678105720281,0.9674268722123204,-0.0010815417311281774,0.002636558204439926,-3.2571221990627763,-3.51027693902425
SVB,2018-10-29 11:00:00,-4.63170504615746,1.1468634101448236,0.007145678105720281,0.9674268722123204,-0.0010815417311281774,0.002636558204439926,-3.2571221990627763,-3.51027693902425
SVB,2018-10-30 11:00:00,-4.63170504615746,1.1468634101448236,0.007145678105720281,0.9674268722123204,-0.0010815417311281774,0.002636558204439926,-3.2571221990627763,-3.51027693902425
SVB,2018-10-31 11:00:00,-4.63170504615746,1.1468634101448236,0.007145678105720281,0.9674268722123204,-0.0010815417311281774,0.002636558204439926,-3.2571221990627763,-3.51027693902425
SVB,2018-11-01 11:00:00,-4.63170504615746,1.1468634101448236,0.007145678105720281,0.9674268722123204,-0.0010815417311281774,0.002636558204439926,-3.2571221990627763,-3.51027693902425
SVB,2018-11-02 11:00:00,-4.63170504615746,1.1468634101448236,0.007145678105720281,0.9674268722123204,-0.0010815417311281774,0.002636558204439926,-3.2571221990627763,-3.51027693902425
SVB,2018-11-03 11:00:00,-4.63170504615746,1.1468634101448236,0.007145678105720281,0.9674268722123204,-0.0010815417311281774,0.002636558204439926,-3.2571221990627763,-3.51027693902425
SVB,2018-11-04 11:00:00,-4.63170504615746,1.1468634101448236,0.007145678105720281,0.9674268722123204,-0.0010815417311281774,0.002636558204439926,-3.2571221990627763,-3.51027693902425
SVB,2018-11-05 11:00:00,-4.63170504615746,1.1468634101448236,0.007145678105720281,0.9674268722123204,-0.0010815417311281774,0.002636558204439926,-3.2571221990627763,-3.51027693902425
SVB,2018-11-05 11:00:00,-5.625459816908698,0.8206813763466366,0.0011852438522762208,0.5865570188327154,-0.0012511869418343692,0.02644916608277531,-2.001614471009993,-5.098666575701503
SVB,2018-11-06 11:00:00,-5.625459816908698,0.8206813763466366,0.0011852438522762208,0.5865570188327154,-0.0012511869418343692,0.02644916608277531,-2.001614471009993,-5.098666575701503
SVB,2018-11-07 11:00:00,-5.625459816908698,0.8206813763466366,0.0011852438522762208,0.5865570188327154,-0.0012511869418343692,0.02644916608277531,-2.001614471009993,-5.098666575701503
SVB,2018-11-08 11:00:00,-5.625459816908698,0.8206813763466366,0.0011852438522762208,0.5865570188327154,-0.0012511869418343692,0.02644916608277531,-2.001614471009993,-5.098666575701503
SVB,2018-11-09 11:00:00,-5.625459816908698,0.8206813763466366,0.0011852438522762208,0.5865570188327154,-0.0012511869418343692,0.02644916608277531,-2.001614471009993,-5.098666575701503
SVB,2018-11-10 11:00:00,-5.625459816908698,0.8206813763466366,0.0011852438522762208,0.5865570188327154,-0.0012511869418343692,0.02644916608277531,-2.001614471009993,-5.098666575701503
SVB,2018-11-11 11:00:00,-5.625459816908698,0.8206813763466366,0.0011852438522762208,0.5865570188327154,-0.0012511869418343692,0.02644916608277531,-2.001614471009993,-5.098666575701503
SVB,2018-11-12 11:00:00,-5.625459816908698,0.8206813763466366,0.0011852438522762208,0.5865570188327154,-0.0012511869418343692,0.02644916608277531,-2.001614471009993,-5.098666575701503
SVB,2018-11-13 11:00:00,-5.625459816908698,0.8206813763466366,0.0011852438522762208,0.5865570188327154,-0.0012511869418343692,0.02644916608277531,-2.001614471009993,-5.098666575701503
SVB,2018-11-14 11:00:00,-5.625459816908698,0.8206813763466366,0.0011852438522762208,0.5865570188327154,-0.0012511869418343692,0.02644916608277531,-2.001614471009993,-5.098666575701503
SVB,2018-11-15 11:00:00,-5.625459816908698,0.8206813763466366,0.0011852438522762208,0.5865570188327154,-0.0012511869418343692,0.02644916608277531,-2.001614471009993,-5.098666575701503
SVB,2018-11-16 11:00:00,-5.625459816908698,0.8206813763466366,0.0011852438522762208,0.5865570188327154,-0.0012511869418343692,0.02644916608277531,-2.001614471009993,-5.098666575701503
SVB,2018-11-17 11:00:00,-5.625459816908698,0.8206813763466366,0.0011852438522762208,0.5865570188327154,-0.0012511869418343692,0.02644916608277531,-2.001614471009993,-5.098666575701503
SVB,2018-11-18 11:00:00,-5.625459816908698,0.8206813763466366,0.0011852438522762208,0.5865570188327154,-0.0012511869418343692,0.02644916608277531,-2.001614471009993,-5.098666575701503
SVB,2018-11-19 11:00:00,-5.625459816908698,0.8206813763466366,0.0011852438522762208,0.5865570188327154,-0.0012511869418343692,0.02644916608277531,-2.001614471009993,-5.098666575701503
SVB,2018-11-19 11:00:00,-7.768697425342556,3.4274273718098556,0.010927546156180917,0.6363746540779995,-0.0002878181466197157,0.052862119677758314,-6.470685832187196,-5.5354556036556986
SVB,2018-11-20 11:00:00,-7.768697425342556,3.4274273718098556,0.010927546156180917,0.6363746540779995,-0.0002878181466197157,0.052862119677758314,-6.470685832187196,-5.5354556036556986
SVB,2018-11-21 11:00:00,-7.768697425342556,3.4274273718098556,0.010927546156180917,0.6363746540779995,-0.0002878181466197157,0.052862119677758314,-6.470685832187196,-5.5354556036556986
SVB,2018-11-22 11:00:00,-7.768697425342556,3.4274273718098556,0.010927546156180917,0.6363746540779995,-0.0002878181466197157,0.052862119677758314,-6.470685832187196,-5.5354556036556986
SVB,2018-11-23 11:00:00,-7.768697425342556,3.4274273718098556,0.010927546156180917,0.6363746540779995,-0.0002878181466197157,0.052862119677758314,-6.470685832187196,-5.5354556036556986
SVB,2018-11-24 11:00:00,-7.768697425342556,3.4274273718098556,0.010927546156180917,0.6363746540779995,-0.0002878181466197157,0.052862119677758314,-6.470685832187196,-5.5354556036556986
SVB,2018-11-25 11:00:00,-7.768697425342556,3.4274273718098556,0.010927546156180917,0.6363746540779995,-0.0002878181466197157,0.052862119677758314,-6.470685832187196,-5.5354556036556986
SVB,2018-11-26 11:00:00,-7.768697425342556,3.4274273718098556,0.010927546156180917,0.6363746540779995,-0.0002878181466197157,0.052862119677758314,-6.470685832187196,-5.5354556036556986
SVB,2018-11-27 11:00:00,-7.768697425342556,3.4274273718098556,0.010927546156180917,0.6363746540779995,-0.0002878181466197157,0.052862119677758314,-6.470685832187196,-5.5354556036556986
SVB,2018-11-28 11:00:00,-7.768697425342556,3.4274273718098556,0.010927546156180917,0.6363746540779995,-0.0002878181466197157,0.052862119677758314,-6.470685832187196,-5.5354556036556986
SVB,2018-11-29 11:00:00,-7.768697425342556,3.4274273718098556,0.010927546156180917,0.6363746540779995,-0.0002878181466197157,0.052862119677758314,-6.470685832187196,-5.5354556036556986
SVB,2018-11-30 11:00:00,-7.768697425342556,3.4274273718098556,0.010927546156180917,0.6363746540779995,-0.0002878181466197157,0.052862119677758314,-6.470685832187196,-5.5354556036556986
SVB,2018-12-01 11:00:00,-7.768697425342556,3.4274273718098556,0.010927546156180917,0.6363746540779995,-0.0002878181466197157,0.052862119677758314,-6.470685832187196,-5.5354556036556986
SVB,2018-12-02 11:00:00,-7.768697425342556,3.4274273718098556,0.010927546156180917,0.6363746540779995,-0.0002878181466197157,0.052862119677758314,-6.470685832187196,-5.5354556036556986
SVB,2018-12-03 11:00:00,-7.768697425342556,3.4274273718098556,0.010927546156180917,0.6363746540779995,-0.0002878181466197157,0.052862119677758314,-6.470685832187196,-5.5354556036556986
SVB,2018-12-03 11:00:00,-8.488416501906961,0.9212026214720062,0.002420990492816616,0.2531876598727949,-0.00036792135274833304,0.02131195513316259,-3.1221608735159525,-6.6231461432567125
SVB,2018-12-04 11:00:00,-8.488416501906961,0.9212026214720062,0.002420990492816616,0.2531876598727949,-0.00036792135274833304,0.02131195513316259,-3.1221608735159525,-6.6231461432567125
SVB,2018-12-05 11:00:00,-8.488416501906961,0.9212026214720062,0.002420990492816616,0.2531876598727949,-0.00036792135274833304,0.02131195513316259,-3.1221608735159525,-6.6231461432567125
SVB,2018-12-06 11:00:00,-8.488416501906961,0.9212026214720062,0.002420990492816616,0.2531876598727949,-0.00036792135274833304,0.02131195513316259,-3.1221608735159525,-6.6231461432567125
SVB,2018-12-07 11:00:00,-8.488416501906961,0.9212026214720062,0.002420990492816616,0.2531876598727949,-0.00036792135274833304,0.02131195513316259,-3.1221608735159525,-6.6231461432567125
SVB,2018-12-08 11:00:00,-8.488416501906961,0.9212026214720062,0.002420990492816616,0.2531876598727949,-0.00036792135274833304,0.02131195513316259,-3.1221608735159525,-6.6231461432567125
SVB,2018-12-09 11:00:00,-8.488416501906961,0.9212026214720062,0.002420990492816616,0.2531876598727949,-0.00036792135274833304,0.02131195513316259,-3.1221608735159525,-6.6231461432567125
SVB,2018-12-10 11:00:00,-8.488416501906961,0.9212026214720062,0.002420990492816616,0.2531876598727949,-0.00036792135274833304,0.02131195513316259,-3.1221608735159525,-6.6231461432567125
SVB,2018-12-11 11:00:00,-8.488416501906961,0.9212026214720062,0.002420990492816616,0.2531876598727949,-0.00036792135274833304,0.02131195513316259,-3.1221608735159525,-6.6231461432567125
SVB,2018-12-12 11:00:00,-8.488416501906961,0.9212026214720062,0.002420990492816616,0.2531876598727949,-0.00036792135274833304,0.02131195513316259,-3.1221608735159525,-6.6231461432567125
SVB,2018-12-13 11:00:00,-8.488416501906961,0.9212026214720062,0.002420990492816616,0.2531876598727949,-0.00036792135274833304,0.02131195513316259,-3.1221608735159525,-6.6231461432567125
SVB,2018-12-14 11:00:00,-8.488416501906961,0.9212026214720062,0.002420990492816616,0.2531876598727949,-0.00036792135274833304,0.02131195513316259,-3.1221608735159525,-6.6231461432567125
SVB,2018-12-15 11:00:00,-8.488416501906961,0.9212026214720062,0.002420990492816616,0.2531876598727949,-0.00036792135274833304,0.02131195513316259,-3.1221608735159525,-6.6231461432567125
SVB,2018-12-16 11:00:00,-8.488416501906961,0.9212026214720062,0.002420990492816616,0.2531876598727949,-0.00036792135274833304,0.02131195513316259,-3.1221608735159525,-6.6231461432567125
SVB,2018-12-17 11:00:00,-8.488416501906961,0.9212026214720062,0.002420990492816616,0.2531876598727949,-0.00036792135274833304,0.02131195513316259,-3.1221608735159525,-6.6231461432567125
SVB,2018-12-17 11:00:00,-10.734604616648388,2.065495631583702,0.003356289262120782,0.263167144401154,-1.374984924369298e-05,0.007069179478401611,-4.772741153917704,-8.38279484496159
SVB,2018-12-18 11:00:00,-10.734604616648388,2.065495631583702,0.003356289262120782,0.263167144401154,-1.374984924369298e-05,0.007069179478401611,-4.772741153917704,-8.38279484496159
SVB,2018-12-19 11:00:00,-10.734604616648388,2.065495631583702,0.003356289262120782,0.263167144401154,-1.374984924369298e-05,0.007069179478401611,-4.772741153917704,-8.38279484496159
SVB,2018-12-20 11:00:00,-10.734604616648388,2.065495631583702,0.003356289262120782,0.263167144401154,-1.374984924369298e-05,0.007069179478401611,-4.772741153917704,-8.38279484496159
SVB,2018-12-21 11:00:00,-10.734604616648388,2.065495631583702,0.003356289262120782,0.263167144401154,-1.374984924369298e-05,0.007069179478401611,-4.772741153917704,-8.38279484496159
SVB,2018-12-22 11:00:00,-10.734604616648388,2.065495631583702,0.003356289262120782,0.263167144401154,-1.374984924369298e-05,0.007069179478401611,-4.772741153917704,-8.38279484496159
SVB,2018-12-23 11:00:00,-10.734604616648388,2.065495631583702,0.003356289262120782,0.263167144401154,-1.374984924369298e-05,0.007069179478401611,-4.772741153917704,-8.38279484496159
SVB,2018-12-24 11:00:00,-10.734604616648388,2.065495631583702,0.003356289262120782,0.263167144401154,-1.374984924369298e-05,0.007069179478401611,-4.772741153917704,-8.38279484496159
SVB,2018-12-25 11:00:00,-10.734604616648388,2.065495631583702,0.003356289262120782,0.263167144401154,-1.374984924369298e-05,0.007069179478401611,-4.772741153917704,-8.38279484496159
SVB,2018-12-26 11:00:00,-10.734604616648388,2.065495631583702,0.003356289262120782,0.263167144401154,-1.374984924369298e-05,0.007069179478401611,-4.772741153917704,-8.38279484496159
SVB,2018-12-27 11:00:00,-10.734604616648388,2.065495631583702,0.003356289262120782,0.263167144401154,-1.374984924369298e-05,0.007069179478401611,-4.772741153917704,-8.38279484496159
SVB,2018-12-28 11:00:00,-10.734604616648388,2.065495631583702,0.003356289262120782,0.263167144401154,-1.374984924369298e-05,0.007069179478401611,-4.772741153917704,-8.38279484496159
SVB,2018-12-29 11:00:00,-10.734604616648388,2.065495631583702,0.003356289262120782,0.263167144401154,-1.374984924369298e-05,0.007069179478401611,-4.772741153917704,-8.38279484496159
SVB,2018-12-30 11:00:00,-10.734604616648388,2.065495631583702,0.003356289262120782,0.263167144401154,-1.374984924369298e-05,0.007069179478401611,-4.772741153917704,-8.38279484496159
SVB,2018-12-31 11:00:00,-10.734604616648388,2.065495631583702,0.003356289262120782,0.263167144401154,-1.374984924369298e-05,0.007069179478401611,-4.772741153917704,-8.38279484496159
SVB,2018-12-31 11:00:00,-8.430807706447473,1.090243697072397,0.001109348347727579,0.20208648766351378,-3.6219729694952865e-05,0.0024469330657385974,-2.533919010113389,-7.227647297284257
SVB,2019-01-01 11:00:00,-8.430807706447473,1.090243697072397,0.001109348347727579,0.20208648766351378,-3.6219729694952865e-05,0.0024469330657385974,-2.533919010113389,-7.227647297284257
SVB,2019-01-02 11:00:00,-8.430807706447473,1.090243697072397,0.001109348347727579,0.20208648766351378,-3.6219729694952865e-05,0.0024469330657385974,-2.533919010113389,-7.227647297284257
SVB,2019-01-03 11:00:00,-8.430807706447473,1.090243697072397,0.001109348347727579,0.20208648766351378,-3.6219729694952865e-05,0.0024469330657385974,-2.533919010113389,-7.227647297284257
SVB,2019-01-04 11:00:00,-8.430807706447473,1.090243697072397,0.001109348347727579,0.20208648766351378,-3.6219729694952865e-05,0.0024469330657385974,-2.533919010113389,-7.227647297284257
SVB,2019-01-05 11:00:00,-8.430807706447473,1.090243697072397,0.001109348347727579,0.20208648766351378,-3.6219729694952865e-05,0.0024469330657385974,-2.533919010113389,-7.227647297284257
SVB,2019-01-06 11:00:00,-8.430807706447473,1.090243697072397,0.001109348347727579,0.20208648766351378,-3.6219729694952865e-05,0.0024469330657385974,-2.533919010113389,-7.227647297284257
SVB,2019-01-07 11:00:00,-8.430807706447473,1.090243697072397,0.001109348347727579,0.20208648766351378,-3.6219729694952865e-05,0.0024469330657385974,-2.533919010113389,-7.227647297284257
SVB,2019-01-08 11:00:00,-8.430807706447473,1.090243697072397,0.001109348347727579,0.20208648766351378,-3.6219729694952865e-05,0.0024469330657385974,-2.533919010113389,-7.227647297284257
SVB,2019-01-09 11:00:00,-8.430807706447473,1.090243697072397,0.001109348347727579,0.20208648766351378,-3.6219729694952865e-05,0.0024469330657385974,-2.533919010113389,-7.227647297284257
SVB,2019-01-10 11:00:00,-8.430807706447473,1.090243697072397,0.001109348347727579,0.20208648766351378,-3.6219729694952865e-05,0.0024469330657385974,-2.533919010113389,-7.227647297284257
SVB,2019-01-11 11:00:00,-8.430807706447473,1.090243697072397,0.001109348347727579,0.20208648766351378,-3.6219729694952865e-05,0.0024469330657385974,-2.533919010113389,-7.227647297284257
SVB,2019-01-12 11:00:00,-8.430807706447473,1.090243697072397,0.001109348347727579,0.20208648766351378,-3.6219729694952865e-05,0.0024469330657385974,-2.533919010113389,-7.227647297284257
SVB,2019-01-13 11:00:00,-8.430807706447473,1.090243697072397,0.001109348347727579,0.20208648766351378,-3.6219729694952865e-05,0.0024469330657385974,-2.533919010113389,-7.227647297284257
SVB,2019-01-14 11:00:00,-8.430807706447473,1.090243697072397,0.001109348347727579,0.20208648766351378,-3.6219729694952865e-05,0.0024469330657385974,-2.533919010113389,-7.227647297284257
TRN,2018-01-01 11:00:00,9.691250984327095,13.36631814901462,0.05710927766678353,0.1617113101039069,-0.0009111306994025755,0.049495269668427724,-5.50157128882839,1.576913158171256
TRN,2018-01-02 11:00:00,9.691250984327095,13.36631814901462,0.05710927766678353,0.1617113101039069,-0.0009111306994025755,0.049495269668427724,-5.50157128882839,1.576913158171256
TRN,2018-01-03 11:00:00,9.691250984327095,13.36631814901462,0.05710927766678353,0.1617113101039069,-0.0009111306994025755,0.049495269668427724,-5.50157128882839,1.576913158171256
TRN,2018-01-04 11:00:00,9.691250984327095,13.36631814901462,0.05710927766678353,0.1617113101039069,-0.0009111306994025755,0.049495269668427724,-5.50157128882839,1.576913158171256
TRN,2018-01-05 11:00:00,9.691250984327095,13.36631814901462,0.05710927766678353,0.1617113101039069,-0.0009111306994025755,0.049495269668427724,-5.50157128882839,1.576913158171256
TRN,2018-01-06 11:00:00,9.691250984327095,13.36631814901462,0.05710927766678353,0.1617113101039069,-0.0009111306994025755,0.049495269668427724,-5.50157128882839,1.576913158171256
TRN,2018-01-07 11:00:00,9.691250984327095,13.36631814901462,0.05710927766678353,0.1617113101039069,-0.0009111306994025755,0.049495269668427724,-5.50157128882839,1.576913158171256
TRN,2018-01-08 11:00:00,9.691250984327095,13.36631814901462,0.05710927766678353,0.1617113101039069,-0.0009111306994025755,0.049495269668427724,-5.50157128882839,1.576913158171256
TRN,2018-01-09 11:00:00,9.691250984327095,13.36631814901462,0.05710927766678353,0.1617113101039069,-0.0009111306994025755,0.049495269668427724,-5.50157128882839,1.576913158171256
TRN,2018-01-10 11:00:00,9.691250984327095,13.36631814901462,0.05710927766678353,0.1617113101039069,-0.0009111306994025755,0.049495269668427724,-5.50157128882839,1.576913158171256
TRN,2018-01-11 11:00:00,9.691250984327095,13.36631814901462,0.05710927766678353,0.1617113101039069,-0.0009111306994025755,0.049495269668427724,-5.50157128882839,1.576913158171256
TRN,2018-01-12 11:00:00,9.691250984327095,13.36631814901462,0.05710927766678353,0.1617113101039069,-0.0009111306994025755,0.049495269668427724,-5.50157128882839,1.576913158171256
TRN,2018-01-13 11:00:00,9.691250984327095,13.36631814901462,0.05710927766678353,0.1617113101039069,-0.0009111306994025755,0.049495269668427724,-5.50157128882839,1.576913158171256
TRN,2018-01-14 11:00:00,9.691250984327095,13.36631814901462,0.05710927766678353,0.1617113101039069,-0.0009111306994025755,0.049495269668427724,-5.50157128882839,1.576913158171256
TRN,2018-01-15 11:00:00,9.691250984327095,13.36631814901462,0.05710927766678353,0.1617113101039069,-0.0009111306994025755,0.049495269668427724,-5.50157128882839,1.576913158171256
TRN,2018-01-15 11:00:00,-7.954088197992476,2.8128366496816275,0.017952623637213495,0.3021385044014749,-0.0013095191960267648,0.08521343795763726,-11.803704642231198,0.6483207235735249
TRN,2018-01-16 11:00:00,-7.954088197992476,2.8128366496816275,0.017952623637213495,0.3021385044014749,-0.0013095191960267648,0.08521343795763726,-11.803704642231198,0.6483207235735249
TRN,2018-01-17 11:00:00,-7.954088197992476,2.8128366496816275,0.017952623637213495,0.3021385044014749,-0.0013095191960267648,0.08521343795763726,-11.803704642231198,0.6483207235735249
TRN,2018-01-18 11:00:00,-7.954088197992476,2.8128366496816275,0.017952623637213495,0.3021385044014749,-0.0013095191960267648,0.08521343795763726,-11.803704642231198,0.6483207235735249
TRN,2018-01-19 11:00:00,-7.954088197992476,2.8128366496816275,0.017952623637213495,0.3021385044014749,-0.0013095191960267648,0.08521343795763726,-11.803704642231198,0.6483207235735249
TRN,2018-01-20 11:00:00,-7.954088197992476,2.8128366496816275,0.017952623637213495,0.3021385044014749,-0.0013095191960267648,0.08521343795763726,-11.803704642231198,0.6483207235735249
TRN,2018-01-21 11:00:00,-7.954088197992476,2.8128366496816275,0.017952623637213495,0.3021385044014749,-0.0013095191960267648,0.08521343795763726,-11.803704642231198,0.6483207235735249
TRN,2018-01-22 11:00:00,-7.954088197992476,2.8128366496816275,0.017952623637213495,0.3021385044014749,-0.0013095191960267648,0.08521343795763726,-11.803704642231198,0.6483207235735249
TRN,2018-01-23 11:00:00,-7.954088197992476,2.8128366496816275,0.017952623637213495,0.3021385044014749,-0.0013095191960267648,0.08521343795763726,-11.803704642231198,0.6483207235735249
TRN,2018-01-24 11:00:00,-7.954088197992476,2.8128366496816275,0.017952623637213495,0.3021385044014749,-0.0013095191960267648,0.08521343795763726,-11.803704642231198,0.6483207235735249
TRN,2018-01-25 11:00:00,-7.954088197992476,2.8128366496816275,0.017952623637213495,0.3021385044014749,-0.0013095191960267648,0.08521343795763726,-11.803704642231198,0.6483207235735249
TRN,2018-01-26 11:00:00,-7.954088197992476,2.8128366496816275,0.017952623637213495,0.3021385044014749,-0.0013095191960267648,0.08521343795763726,-11.803704642231198,0.6483207235735249
TRN,2018-01-27 11:00:00,-7.954088197992476,2.8128366496816275,0.017952623637213495,0.3021385044014749,-0.0013095191960267648,0.08521343795763726,-11.803704642231198,0.6483207235735249
TRN,2018-01-28 11:00:00,-7.954088197992476,2.8128366496816275,0.017952623637213495,0.3021385044014749,-0.0013095191960267648,0.08521343795763726,-11.803704642231198,0.6483207235735249
TRN,2018-01-29 11:00:00,-7.954088197992476,2.8128366496816275,0.017952623637213495,0.3021385044014749,-0.0013095191960267648,0.08521343795763726,-11.803704642231198,0.6483207235735249
TRN,2018-01-29 11:00:00,3.106424129991912,6.548062779820446,0.02078872290941782,0.1219458038077432,-0.0009400145681110466,0.04453957713145131,-3.2080927181517955,-0.4239186386766254
TRN,2018-01-30 11:00:00,3.106424129991912,6.548062779820446,0.02078872290941782,0.1219458038077432,-0.0009400145681110466,0.04453957713145131,-3.2080927181517955,-0.4239186386766254
TRN,2018-01-31 11:00:00,3.106424129991912,6.548062779820446,0.02078872290941782,0.1219458038077432,-0.0009400145681110466,0.04453957713145131,-3.2080927181517955,-0.4239186386766254
TRN,2018-02-01 11:00:00,3.106424129991912,6.548062779820446,0.02078872290941782,0.1219458038077432,-0.0009400145681110466,0.04453957713145131,-3.2080927181517955,-0.4239186386766254
TRN,2018-02-02 11:00:00,3.106424129991912,6.548062779820446,0.02078872290941782,0.1219458038077432,-0.0009400145681110466,0.04453957713145131,-3.2080927181517955,-0.4239186386766254
TRN,2018-02-03 11:00:00,3.106424129991912,6.548062779820446,0.02078872290941782,0.1219458038077432,-0.0009400145681110466,0.04453957713145131,-3.2080927181517955,-0.4239186386766254
TRN,2018-02-04 11:00:00,3.106424129991912,6.548062779820446,0.02078872290941782,0.1219458038077432,-0.0009400145681110466,0.04453957713145131,-3.2080927181517955,-0.4239186386766254
TRN,2018-02-05 11:00:00,3.106424129991912,6.548062779820446,0.02078872290941782,0.1219458038077432,-0.0009400145681110466,0.04453957713145131,-3.2080927181517955,-0.4239186386766254
TRN,2018-02-06 11:00:00,3.106424129991912,6.548062779820446,0.02078872290941782,0.1219458038077432,-0.0009400145681110466,0.04453957713145131,-3.2080927181517955,-0.4239186386766254
TRN,2018-02-07 11:00:00,3.106424129991912,6.548062779820446,0.02078872290941782,0.1219458038077432,-0.0009400145681110466,0.04453957713145131,-3.2080927181517955,-0.4239186386766254
TRN,2018-02-08 11:00:00,3.106424129991912,6.548062779820446,0.02078872290941782,0.1219458038077432,-0.0009400145681110466,0.04453957713145131,-3.2080927181517955,-0.4239186386766254
TRN,2018-02-09 11:00:00,3.106424129991912,6.548062779820446,0.02078872290941782,0.1219458038077432,-0.0009400145681110466,0.04453957713145131,-3.2080927181517955,-0.4239186386766254
TRN,2018-02-10 11:00:00,3.106424129991912,6.548062779820446,0.02078872290941782,0.1219458038077432,-0.0009400145681110466,0.04453957713145131,-3.2080927181517955,-0.4239186386766254
TRN,2018-02-11 11:00:00,3.106424129991912,6.548062779820446,0.02078872290941782,0.1219458038077432,-0.0009400145681110466,0.04453957713145131,-3.2080927181517955,-0.4239186386766254
TRN,2018-02-12 11:00:00,3.106424129991912,6.548062779820446,0.02078872290941782,0.1219458038077432,-0.0009400145681110466,0.04453957713145131,-3.2080927181517955,-0.4239186386766254
TRN,2018-02-12 11:00:00,-9.052427997890124,5.491130169539538,0.012024896622494348,0.26876058920581136,-0.000704955378510904,0.069326694400471,-14.441935997216003,-0.462263069187372
TRN,2018-02-13 11:00:00,-9.052427997890124,5.491130169539538,0.012024896622494348,0.26876058920581136,-0.000704955378510904,0.069326694400471,-14.441935997216003,-0.462263069187372
TRN,2018-02-14 11:00:00,-9.052427997890124,5.491130169539538,0.012024896622494348,0.26876058920581136,-0.000704955378510904,0.069326694400471,-14.441935997216003,-0.462263069187372
TRN,2018-02-15 11:00:00,-9.052427997890124,5.491130169539538,0.012024896622494348,0.26876058920581136,-0.000704955378510904,0.069326694400471,-14.441935997216003,-0.462263069187372
TRN,2018-02-16 11:00:00,-9.052427997890124,5.491130169539538,0.012024896622494348,0.26876058920581136,-0.000704955378510904,0.069326694400471,-14.441935997216003,-0.462263069187372
TRN,2018-02-17 11:00:00,-9.052427997890124,5.491130169539538,0.012024896622494348,0.26876058920581136,-0.000704955378510904,0.069326694400471,-14.441935997216003,-0.462263069187372
TRN,2018-02-18 11:00:00,-9.052427997890124,5.491130169539538,0.012024896622494348,0.26876058920581136,-0.000704955378510904,0.069326694400471,-14.441935997216003,-0.462263069187372
TRN,2018-02-19 11:00:00,-9.052427997890124,5.491130169539538,0.012024896622494348,0.26876058920581136,-0.000704955378510904,0.069326694400471,-14.441935997216003,-0.462263069187372
TRN,2018-02-20 11:00:00,-9.052427997890124,5.491130169539538,0.012024896622494348,0.26876058920581136,-0.000704955378510904,0.069326694400471,-14.441935997216003,-0.462263069187372
TRN,2018-02-21 11:00:00,-9.052427997890124,5.491130169539538,0.012024896622494348,0.26876058920581136,-0.000704955378510904,0.069326694400471,-14.441935997216003,-0.462263069187372
TRN,2018-02-22 11:00:00,-9.052427997890124,5.491130169539538,0.012024896622494348,0.26876058920581136,-0.000704955378510904,0.069326694400471,-14.441935997216003,-0.462263069187372
TRN,2018-02-23 11:00:00,-9.052427997890124,5.491130169539538,0.012024896622494348,0.26876058920581136,-0.000704955378510904,0.069326694400471,-14.441935997216003,-0.462263069187372
TRN,2018-02-24 11:00:00,-9.052427997890124,5.491130169539538,0.012024896622494348,0.26876058920581136,-0.000704955378510904,0.069326694400471,-14.441935997216003,-0.462263069187372
TRN,2018-02-25 11:00:00,-9.052427997890124,5.491130169539538,0.012024896622494348,0.26876058920581136,-0.000704955378510904,0.069326694400471,-14.441935997216003,-0.462263069187372
TRN,2018-02-26 11:00:00,-9.052427997890124,5.491130169539538,0.012024896622494348,0.26876058920581136,-0.000704955378510904,0.069326694400471,-14.441935997216003,-0.462263069187372
TRN,2018-02-26 11:00:00,-6.618980348713344,5.27242646952682,0.007212415624912572,0.32234524612901366,-0.00028690105683324026,0.04334452259729914,-11.10076878027994,-1.1837004676442182
TRN,2018-02-27 11:00:00,-6.618980348713344,5.27242646952682,0.007212415624912572,0.32234524612901366,-0.00028690105683324026,0.04334452259729914,-11.10076878027994,-1.1837004676442182
TRN,2018-02-28 11:00:00,-6.618980348713344,5.27242646952682,0.007212415624912572,0.32234524612901366,-0.00028690105683324026,0.04334452259729914,-11.10076878027994,-1.1837004676442182
TRN,2018-03-01 11:00:00,-6.618980348713344,5.27242646952682,0.007212415624912572,0.32234524612901366,-0.00028690105683324026,0.04334452259729914,-11.10076878027994,-1.1837004676442182
TRN,2018-03-02 11:00:00,-6.618980348713344,5.27242646952682,0.007212415624912572,0.32234524612901366,-0.00028690105683324026,0.04334452259729914,-11.10076878027994,-1.1837004676442182
TRN,2018-03-03 11:00:00,-6.618980348713344,5.27242646952682,0.007212415624912572,0.32234524612901366,-0.00028690105683324026,0.04334452259729914,-11.10076878027994,-1.1837004676442182
TRN,2018-03-04 11:00:00,-6.618980348713344,5.27242646952682,0.007212415624912572,0.32234524612901366,-0.00028690105683324026,0.04334452259729914,-11.10076878027994,-1.1837004676442182
TRN,2018-03-05 11:00:00,-6.618980348713344,5.27242646952682,0.007212415624912572,0.32234524612901366,-0.00028690105683324026,0.04334452259729914,-11.10076878027994,-1.1837004676442182
TRN,2018-03-06 11:00:00,-6.618980348713344,5.27242646952682,0.007212415624912572,0.32234524612901366,-0.00028690105683324026,0.04334452259729914,-11.10076878027994,-1.1837004676442182
TRN,2018-03-07 11:00:00,-6.618980348713344,5.27242646952682,0.007212415624912572,0.32234524612901366,-0.00028690105683324026,0.04334452259729914,-11.10076878027994,-1.1837004676442182
TRN,2018-03-08 11:00:00,-6.618980348713344,5.27242646952682,0.007212415624912572,0.32234524612901366,-0.00028690105683324026,0.04334452259729914,-11.10076878027994,-1.1837004676442182
TRN,2018-03-09 11:00:00,-6.618980348713344,5.27242646952682,0.007212415624912572,0.32234524612901366,-0.00028690105683324026,0.04334452259729914,-11.10076878027994,-1.1837004676442182
TRN,2018-03-10 11:00:00,-6.618980348713344,5.27242646952682,0.007212415624912572,0.32234524612901366,-0.00028690105683324026,0.04334452259729914,-11.10076878027994,-1.1837004676442182
TRN,2018-03-11 11:00:00,-6.618980348713344,5.27242646952682,0.007212415624912572,0.32234524612901366,-0.00028690105683324026,0.04334452259729914,-11.10076878027994,-1.1837004676442182
TRN,2018-03-12 11:00:00,-6.618980348713344,5.27242646952682,0.007212415624912572,0.32234524612901366,-0.00028690105683324026,0.04334452259729914,-11.10076878027994,-1.1837004676442182
TRN,2018-03-12 11:00:00,-3.8389441002450386,2.4035517983944894,0.017857021967977654,0.27516427309188385,-0.0006339083046232861,0.012716021107872389,-5.010626021346095,-1.5483740852318937
TRN,2018-03-13 11:00:00,-3.8389441002450386,2.4035517983944894,0.017857021967977654,0.27516427309188385,-0.0006339083046232861,0.012716021107872389,-5.010626021346095,-1.5483740852318937
TRN,2018-03-14 11:00:00,-3.8389441002450386,2.4035517983944894,0.017857021967977654,0.27516427309188385,-0.0006339083046232861,0.012716021107872389,-5.010626021346095,-1.5483740852318937
TRN,2018-03-15 11:00:00,-3.8389441002450386,2.4035517983944894,0.017857021967977654,0.27516427309188385,-0.0006339083046232861,0.012716021107872389,-5.010626021346095,-1.5483740852318937
TRN,2018-03-16 11:00:00,-3.8389441002450386,2.4035517983944894,0.017857021967977654,0.27516427309188385,-0.0006339083046232861,0.012716021107872389,-5.010626021346095,-1.5483740852318937
TRN,2018-03-17 11:00:00,-3.8389441002450386,2.4035517983944894,0.017857021967977654,0.27516427309188385,-0.0006339083046232861,0.012716021107872389,-5.010626021346095,-1.5483740852318937
TRN,2018-03-18 11:00:00,-3.8389441002450386,2.4035517983944894,0.017857021967977654,0.27516427309188385,-0.0006339083046232861,0.012716021107872389,-5.010626021346095,-1.5483740852318937
TRN,2018-03-19 11:00:00,-3.8389441002450386,2.4035517983944894,0.017857021967977654,0.27516427309188385,-0.0006339083046232861,0.012716021107872389,-5.010626021346095,-1.5483740852318937
TRN,2018-03-20 11:00:00,-3.8389441002450386,2.4035517983944894,0.017857021967977654,0.27516427309188385,-0.0006339083046232861,0.012716021107872389,-5.010626021346095,-1.5483740852318937
TRN,2018-03-21 11:00:00,-3.8389441002450386,2.4035517983944894,0.017857021967977654,0.27516427309188385,-0.0006339083046232861,0.012716021107872389,-5.010626021346095,-1.5483740852318937
TRN,2018-03-22 11:00:00,-3.8389441002450386,2.4035517983944894,0.017857021967977654,0.27516427309188385,-0.0006339083046232861,0.012716021107872389,-5.010626021346095,-1.5483740852318937
TRN,2018-03-23 11:00:00,-3.8389441002450386,2.4035517983944894,0.017857021967977654,0.27516427309188385,-0.0006339083046232861,0.012716021107872389,-5.010626021346095,-1.5483740852318937
TRN,2018-03-24 11:00:00,-3.8389441002450386,2.4035517983944894,0.017857021967977654,0.27516427309188385,-0.0006339083046232861,0.012716021107872389,-5.010626021346095,-1.5483740852318937
TRN,2018-03-25 11:00:00,-3.8389441002450386,2.4035517983944894,0.017857021967977654,0.27516427309188385,-0.0006339083046232861,0.012716021107872389,-5.010626021346095,-1.5483740852318937
TRN,2018-03-26 11:00:00,-3.8389441002450386,2.4035517983944894,0.017857021967977654,0.27516427309188385,-0.0006339083046232861,0.012716021107872389,-5.010626021346095,-1.5483740852318937
TRN,2018-03-26 11:00:00,-5.314148803670268,2.8195736923145227,0.013274468987923524,0.25557298068276746,-0.0006866013329639356,0.0043683493306865846,-7.3759013379348914,-1.0389914233422752
TRN,2018-03-27 11:00:00,-5.314148803670268,2.8195736923145227,0.013274468987923524,0.25557298068276746,-0.0006866013329639356,0.0043683493306865846,-7.3759013379348914,-1.0389914233422752
TRN,2018-03-28 11:00:00,-5.314148803670268,2.8195736923145227,0.013274468987923524,0.25557298068276746,-0.0006866013329639356,0.0043683493306865846,-7.3759013379348914,-1.0389914233422752
TRN,2018-03-29 11:00:00,-5.314148803670268,2.8195736923145227,0.013274468987923524,0.25557298068276746,-0.0006866013329639356,0.0043683493306865846,-7.3759013379348914,-1.0389914233422752
TRN,2018-03-30 11:00:00,-5.314148803670268,2.8195736923145227,0.013274468987923524,0.25557298068276746,-0.0006866013329639356,0.0043683493306865846,-7.3759013379348914,-1.0389914233422752
TRN,2018-03-31 11:00:00,-5.314148803670268,2.8195736923145227,0.013274468987923524,0.25557298068276746,-0.0006866013329639356,0.0043683493306865846,-7.3759013379348914,-1.0389914233422752
TRN,2018-04-01 11:00:00,-5.314148803670268,2.8195736923145227,0.013274468987923524,0.25557298068276746,-0.0006866013329639356,0.0043683493306865846,-7.3759013379348914,-1.0389914233422752
TRN,2018-04-02 11:00:00,-5.314148803670268,2.8195736923145227,0.013274468987923524,0.25557298068276746,-0.0006866013329639356,0.0043683493306865846,-7.3759013379348914,-1.0389914233422752
TRN,2018-04-03 11:00:00,-5.314148803670268,2.8195736923145227,0.013274468987923524,0.25557298068276746,-0.0006866013329639356,0.0043683493306865846,-7.3759013379348914,-1.0389914233422752
TRN,2018-04-04 11:00:00,-5.314148803670268,2.8195736923145227,0.013274468987923524,0.25557298068276746,-0.0006866013329639356,0.0043683493306865846,-7.3759013379348914,-1.0389914233422752
TRN,2018-04-05 11:00:00,-5.314148803670268,2.8195736923145227,0.013274468987923524,0.25557298068276746,-0.0006866013329639356,0.0043683493306865846,-7.3759013379348914,-1.0389914233422752
TRN,2018-04-06 11:00:00,-5.314148803670268,2.8195736923145227,0.013274468987923524,0.25557298068276746,-0.0006866013329639356,0.0043683493306865846,-7.3759013379348914,-1.0389914233422752
TRN,2018-04-07 11:00:00,-5.314148803670268,2.8195736923145227,0.013274468987923524,0.25557298068276746,-0.0006866013329639356,0.0043683493306865846,-7.3759013379348914,-1.0389914233422752
TRN,2018-04-08 11:00:00,-5.314148803670268,2.8195736923145227,0.013274468987923524,0.25557298068276746,-0.0006866013329639356,0.0043683493306865846,-7.3759013379348914,-1.0389914233422752
TRN,2018-04-09 11:00:00,-5.314148803670268,2.8195736923145227,0.013274468987923524,0.25557298068276746,-0.0006866013329639356,0.0043683493306865846,-7.3759013379348914,-1.0389914233422752
TRN,2018-04-09 11:00:00,-1.7645210333990056,2.074488249203826,0.01645722654210976,0.41074550850159636,-0.0012461801745036567,0.002494336135241197,-3.2806174812361117,-0.990438262982054
TRN,2018-04-10 11:00:00,-1.7645210333990056,2.074488249203826,0.01645722654210976,0.41074550850159636,-0.0012461801745036567,0.002494336135241197,-3.2806174812361117,-0.990438262982054
TRN,2018-04-11 11:00:00,-1.7645210333990056,2.074488249203826,0.01645722654210976,0.41074550850159636,-0.0012461801745036567,0.002494336135241197,-3.2806174812361117,-0.990438262982054
TRN,2018-04-12 11:00:00,-1.7645210333990056,2.074488249203826,0.01645722654210976,0.41074550850159636,-0.0012461801745036567,0.002494336135241197,-3.2806174812361117,-0.990438262982054
TRN,2018-04-13 11:00:00,-1.7645210333990056,2.074488249203826,0.01645722654210976,0.41074550850159636,-0.0012461801745036567,0.002494336135241197,-3.2806174812361117,-0.990438262982054
TRN,2018-04-14 11:00:00,-1.7645210333990056,2.074488249203826,0.01645722654210976,0.41074550850159636,-0.0012461801745036567,0.002494336135241197,-3.2806174812361117,-0.990438262982054
TRN,2018-04-15 11:00:00,-1.7645210333990056,2.074488249203826,0.01645722654210976,0.41074550850159636,-0.0012461801745036567,0.002494336135241197,-3.2806174812361117,-0.990438262982054
TRN,2018-04-16 11:00:00,-1.7645210333990056,2.074488249203826,0.01645722654210976,0.41074550850159636,-0.0012461801745036567,0.002494336135241197,-3.2806174812361117,-0.990438262982054
TRN,2018-04-17 11:00:00,-1.7645210333990056,2.074488249203826,0.01645722654210976,0.41074550850159636,-0.0012461801745036567,0.002494336135241197,-3.2806174812361117,-0.990438262982054
TRN,2018-04-18 11:00:00,-1.7645210333990056,2.074488249203826,0.01645722654210976,0.41074550850159636,-0.0012461801745036567,0.002494336135241197,-3.2806174812361117,-0.990438262982054
TRN,2018-04-19 11:00:00,-1.7645210333990056,2.074488249203826,0.01645722654210976,0.41074550850159636,-0.0012461801745036567,0.002494336135241197,-3.2806174812361117,-0.990438262982054
TRN,2018-04-20 11:00:00,-1.7645210333990056,2.074488249203826,0.01645722654210976,0.41074550850159636,-0.0012461801745036567,0.002494336135241197,-3.2806174812361117,-0.990438262982054
TRN,2018-04-21 11:00:00,-1.7645210333990056,2.074488249203826,0.01645722654210976,0.41074550850159636,-0.0012461801745036567,0.002494336135241197,-3.2806174812361117,-0.990438262982054
TRN,2018-04-22 11:00:00,-1.7645210333990056,2.074488249203826,0.01645722654210976,0.41074550850159636,-0.0012461801745036567,0.002494336135241197,-3.2806174812361117,-0.990438262982054
TRN,2018-04-23 11:00:00,-1.7645210333990056,2.074488249203826,0.01645722654210976,0.41074550850159636,-0.0012461801745036567,0.002494336135241197,-3.2806174812361117,-0.990438262982054
TRN,2018-04-23 11:00:00,-3.800342453259797,3.1405796967740156,0.010138351066053314,0.9187148265934261,-0.001280459813125127,-0.03278797192155714,-5.957989560974052,-1.8756214749760376
TRN,2018-04-24 11:00:00,-3.800342453259797,3.1405796967740156,0.010138351066053314,0.9187148265934261,-0.001280459813125127,-0.03278797192155714,-5.957989560974052,-1.8756214749760376
TRN,2018-04-25 11:00:00,-3.800342453259797,3.1405796967740156,0.010138351066053314,0.9187148265934261,-0.001280459813125127,-0.03278797192155714,-5.957989560974052,-1.8756214749760376
TRN,2018-04-26 11:00:00,-3.800342453259797,3.1405796967740156,0.010138351066053314,0.9187148265934261,-0.001280459813125127,-0.03278797192155714,-5.957989560974052,-1.8756214749760376
TRN,2018-04-27 11:00:00,-3.800342453259797,3.1405796967740156,0.010138351066053314,0.9187148265934261,-0.001280459813125127,-0.03278797192155714,-5.957989560974052,-1.8756214749760376
TRN,2018-04-28 11:00:00,-3.800342453259797,3.1405796967740156,0.010138351066053314,0.9187148265934261,-0.001280459813125127,-0.03278797192155714,-5.957989560974052,-1.8756214749760376
TRN,2018-04-29 11:00:00,-3.800342453259797,3.1405796967740156,0.010138351066053314,0.9187148265934261,-0.001280459813125127,-0.03278797192155714,-5.957989560974052,-1.8756214749760376
TRN,2018-04-30 11:00:00,-3.800342453259797,3.1405796967740156,0.010138351066053314,0.9187148265934261,-0.001280459813125127,-0.03278797192155714,-5.957989560974052,-1.8756214749760376
TRN,2018-05-01 11:00:00,-3.800342453259797,3.1405796967740156,0.010138351066053314,0.9187148265934261,-0.001280459813125127,-0.03278797192155714,-5.957989560974052,-1.8756214749760376
TRN,2018-05-02 11:00:00,-3.800342453259797,3.1405796967740156,0.010138351066053314,0.9187148265934261,-0.001280459813125127,-0.03278797192155714,-5.957989560974052,-1.8756214749760376
TRN,2018-05-03 11:00:00,-3.800342453259797,3.1405796967740156,0.010138351066053314,0.9187148265934261,-0.001280459813125127,-0.03278797192155714,-5.957989560974052,-1.8756214749760376
TRN,2018-05-04 11:00:00,-3.800342453259797,3.1405796967740156,0.010138351066053314,0.9187148265934261,-0.001280459813125127,-0.03278797192155714,-5.957989560974052,-1.8756214749760376
TRN,2018-05-05 11:00:00,-3.800342453259797,3.1405796967740156,0.010138351066053314,0.9187148265934261,-0.001280459813125127,-0.03278797192155714,-5.957989560974052,-1.8756214749760376
TRN,2018-05-06 11:00:00,-3.800342453259797,3.1405796967740156,0.010138351066053314,0.9187148265934261,-0.001280459813125127,-0.03278797192155714,-5.957989560974052,-1.8756214749760376
TRN,2018-05-07 11:00:00,-3.800342453259797,3.1405796967740156,0.010138351066053314,0.9187148265934261,-0.001280459813125127,-0.03278797192155714,-5.957989560974052,-1.8756214749760376
TRN,2018-05-07 11:00:00,-2.5724978868156434,3.9283987555180087,0.014076318047403008,0.5764943180401705,-0.0019769361041335055,-0.01640342715110318,-5.197414953026913,-1.8788867854543048
TRN,2018-05-08 11:00:00,-2.5724978868156434,3.9283987555180087,0.014076318047403008,0.5764943180401705,-0.0019769361041335055,-0.01640342715110318,-5.197414953026913,-1.8788867854543048
TRN,2018-05-09 11:00:00,-2.5724978868156434,3.9283987555180087,0.014076318047403008,0.5764943180401705,-0.0019769361041335055,-0.01640342715110318,-5.197414953026913,-1.8788867854543048
TRN,2018-05-10 11:00:00,-2.5724978868156434,3.9283987555180087,0.014076318047403008,0.5764943180401705,-0.0019769361041335055,-0.01640342715110318,-5.197414953026913,-1.8788867854543048
TRN,2018-05-11 11:00:00,-2.5724978868156434,3.9283987555180087,0.014076318047403008,0.5764943180401705,-0.0019769361041335055,-0.01640342715110318,-5.197414953026913,-1.8788867854543048
TRN,2018-05-12 11:00:00,-2.5724978868156434,3.9283987555180087,0.014076318047403008,0.5764943180401705,-0.0019769361041335055,-0.01640342715110318,-5.197414953026913,-1.8788867854543048
TRN,2018-05-13 11:00:00,-2.5724978868156434,3.9283987555180087,0.014076318047403008,0.5764943180401705,-0.0019769361041335055,-0.01640342715110318,-5.197414953026913,-1.8788867854543048
TRN,2018-05-14 11:00:00,-2.5724978868156434,3.9283987555180087,0.014076318047403008,0.5764943180401705,-0.0019769361041335055,-0.01640342715110318,-5.197414953026913,-1.8788867854543048
TRN,2018-05-15 11:00:00,-2.5724978868156434,3.9283987555180087,0.014076318047403008,0.5764943180401705,-0.0019769361041335055,-0.01640342715110318,-5.197414953026913,-1.8788867854543048
TRN,2018-05-16 11:00:00,-2.5724978868156434,3.9283987555180087,0.014076318047403008,0.5764943180401705,-0.0019769361041335055,-0.01640342715110318,-5.197414953026913,-1.8788867854543048
TRN,2018-05-17 11:00:00,-2.5724978868156434,3.9283987555180087,0.014076318047403008,0.5764943180401705,-0.0019769361041335055,-0.01640342715110318,-5.197414953026913,-1.8788867854543048
TRN,2018-05-18 11:00:00,-2.5724978868156434,3.9283987555180087,0.014076318047403008,0.5764943180401705,-0.0019769361041335055,-0.01640342715110318,-5.197414953026913,-1.8788867854543048
TRN,2018-05-19 11:00:00,-2.5724978868156434,3.9283987555180087,0.014076318047403008,0.5764943180401705,-0.0019769361041335055,-0.01640342715110318,-5.197414953026913,-1.8788867854543048
TRN,2018-05-20 11:00:00,-2.5724978868156434,3.9283987555180087,0.014076318047403008,0.5764943180401705,-0.0019769361041335055,-0.01640342715110318,-5.197414953026913,-1.8788867854543048
TRN,2018-05-21 11:00:00,-2.5724978868156434,3.9283987555180087,0.014076318047403008,0.5764943180401705,-0.0019769361041335055,-0.01640342715110318,-5.197414953026913,-1.8788867854543048
TRN,2018-05-21 11:00:00,0.8085580436098448,9.212961885468804,0.006534933234892558,0.7354061991861394,-0.003925846851083381,-0.037388530883890256,-7.666853302124584,-1.439875864994285
TRN,2018-05-22 11:00:00,0.8085580436098448,9.212961885468804,0.006534933234892558,0.7354061991861394,-0.003925846851083381,-0.037388530883890256,-7.666853302124584,-1.439875864994285
TRN,2018-05-23 11:00:00,0.8085580436098448,9.212961885468804,0.006534933234892558,0.7354061991861394,-0.003925846851083381,-0.037388530883890256,-7.666853302124584,-1.439875864994285
TRN,2018-05-24 11:00:00,0.8085580436098448,9.212961885468804,0.006534933234892558,0.7354061991861394,-0.003925846851083381,-0.037388530883890256,-7.666853302124584,-1.439875864994285
TRN,2018-05-25 11:00:00,0.8085580436098448,9.212961885468804,0.006534933234892558,0.7354061991861394,-0.003925846851083381,-0.037388530883890256,-7.666853302124584,-1.439875864994285
TRN,2018-05-26 11:00:00,0.8085580436098448,9.212961885468804,0.006534933234892558,0.7354061991861394,-0.003925846851083381,-0.037388530883890256,-7.666853302124584,-1.439875864994285
TRN,2018-05-27 11:00:00,0.8085580436098448,9.212961885468804,0.006534933234892558,0.7354061991861394,-0.003925846851083381,-0.037388530883890256,-7.666853302124584,-1.439875864994285
TRN,2018-05-28 11:00:00,0.8085580436098448,9.212961885468804,0.006534933234892558,0.7354061991861394,-0.003925846851083381,-0.037388530883890256,-7.666853302124584,-1.439875864994285
TRN,2018-05-29 11:00:00,0.8085580436098448,9.212961885468804,0.006534933234892558,0.7354061991861394,-0.003925846851083381,-0.037388530883890256,-7.666853302124584,-1.439875864994285
TRN,2018-05-30 11:00:00,0.8085580436098448,9.212961885468804,0.006534933234892558,0.7354061991861394,-0.003925846851083381,-0.037388530883890256,-7.666853302124584,-1.439875864994285
TRN,2018-05-31 11:00:00,0.8085580436098448,9.212961885468804,0.006534933234892558,0.7354061991861394,-0.003925846851083381,-0.037388530883890256,-7.666853302124584,-1.439875864994285
TRN,2018-06-01 11:00:00,0.8085580436098448,9.212961885468804,0.006534933234892558,0.7354061991861394,-0.003925846851083381,-0.037388530883890256,-7.666853302124584,-1.439875864994285
TRN,2018-06-02 11:00:00,0.8085580436098448,9.212961885468804,0.006534933234892558,0.7354061991861394,-0.003925846851083381,-0.037388530883890256,-7.666853302124584,-1.439875864994285
TRN,2018-06-03 11:00:00,0.8085580436098448,9.212961885468804,0.006534933234892558,0.7354061991861394,-0.003925846851083381,-0.037388530883890256,-7.666853302124584,-1.439875864994285
TRN,2018-06-04 11:00:00,0.8085580436098448,9.212961885468804,0.006534933234892558,0.7354061991861394,-0.003925846851083381,-0.037388530883890256,-7.666853302124584,-1.439875864994285
TRN,2018-06-04 11:00:00,-8.605863018502081,5.97758625928831,0.02097223704044815,2.359547214749902,-0.0028386964124356272,-0.1375698975250308,-15.162983678198117,-1.6473354740906072
TRN,2018-06-05 11:00:00,-8.605863018502081,5.97758625928831,0.02097223704044815,2.359547214749902,-0.0028386964124356272,-0.1375698975250308,-15.162983678198117,-1.6473354740906072
TRN,2018-06-06 11:00:00,-8.605863018502081,5.97758625928831,0.02097223704044815,2.359547214749902,-0.0028386964124356272,-0.1375698975250308,-15.162983678198117,-1.6473354740906072
TRN,2018-06-07 11:00:00,-8.605863018502081,5.97758625928831,0.02097223704044815,2.359547214749902,-0.0028386964124356272,-0.1375698975250308,-15.162983678198117,-1.6473354740906072
TRN,2018-06-08 11:00:00,-8.605863018502081,5.97758625928831,0.02097223704044815,2.359547214749902,-0.0028386964124356272,-0.1375698975250308,-15.162983678198117,-1.6473354740906072
TRN,2018-06-09 11:00:00,-8.605863018502081,5.97758625928831,0.02097223704044815,2.359547214749902,-0.0028386964124356272,-0.1375698975250308,-15.162983678198117,-1.6473354740906072
TRN,2018-06-10 11:00:00,-8.605863018502081,5.97758625928831,0.02097223704044815,2.359547214749902,-0.0028386964124356272,-0.1375698975250308,-15.162983678198117,-1.6473354740906072
TRN,2018-06-11 11:00:00,-8.605863018502081,5.97758625928831,0.02097223704044815,2.359547214749902,-0.0028386964124356272,-0.1375698975250308,-15.162983678198117,-1.6473354740906072
TRN,2018-06-12 11:00:00,-8.605863018502081,5.97758625928831,0.02097223704044815,2.359547214749902,-0.0028386964124356272,-0.1375698975250308,-15.162983678198117,-1.6473354740906072
TRN,2018-06-13 11:00:00,-8.605863018502081,5.97758625928831,0.02097223704044815,2.359547214749902,-0.0028386964124356272,-0.1375698975250308,-15.162983678198117,-1.6473354740906072
TRN,2018-06-14 11:00:00,-8.605863018502081,5.97758625928831,0.02097223704044815,2.359547214749902,-0.0028386964124356272,-0.1375698975250308,-15.162983678198117,-1.6473354740906072
TRN,2018-06-15 11:00:00,-8.605863018502081,5.97758625928831,0.02097223704044815,2.359547214749902,-0.0028386964124356272,-0.1375698975250308,-15.162983678198117,-1.6473354740906072
TRN,2018-06-16 11:00:00,-8.605863018502081,5.97758625928831,0.02097223704044815,2.359547214749902,-0.0028386964124356272,-0.1375698975250308,-15.162983678198117,-1.6473354740906072
TRN,2018-06-17 11:00:00,-8.605863018502081,5.97758625928831,0.02097223704044815,2.359547214749902,-0.0028386964124356272,-0.1375698975250308,-15.162983678198117,-1.6473354740906072
TRN,2018-06-18 11:00:00,-8.605863018502081,5.97758625928831,0.02097223704044815,2.359547214749902,-0.0028386964124356272,-0.1375698975250308,-15.162983678198117,-1.6473354740906072
TRN,2018-06-18 11:00:00,-6.649461119261509,5.980431090883281,0.01491347511450899,2.1645412084191316,-0.002330572219443444,-0.062393577583302266,-13.04618259008499,-1.696547124077636
TRN,2018-06-19 11:00:00,-6.649461119261509,5.980431090883281,0.01491347511450899,2.1645412084191316,-0.002330572219443444,-0.062393577583302266,-13.04618259008499,-1.696547124077636
TRN,2018-06-20 11:00:00,-6.649461119261509,5.980431090883281,0.01491347511450899,2.1645412084191316,-0.002330572219443444,-0.062393577583302266,-13.04618259008499,-1.696547124077636
TRN,2018-06-21 11:00:00,-6.649461119261509,5.980431090883281,0.01491347511450899,2.1645412084191316,-0.002330572219443444,-0.062393577583302266,-13.04618259008499,-1.696547124077636
TRN,2018-06-22 11:00:00,-6.649461119261509,5.980431090883281,0.01491347511450899,2.1645412084191316,-0.002330572219443444,-0.062393577583302266,-13.04618259008499,-1.696547124077636
TRN,2018-06-23 11:00:00,-6.649461119261509,5.980431090883281,0.01491347511450899,2.1645412084191316,-0.002330572219443444,-0.062393577583302266,-13.04618259008499,-1.696547124077636
TRN,2018-06-24 11:00:00,-6.649461119261509,5.980431090883281,0.01491347511450899,2.1645412084191316,-0.002330572219443444,-0.062393577583302266,-13.04618259008499,-1.696547124077636
TRN,2018-06-25 11:00:00,-6.649461119261509,5.980431090883281,0.01491347511450899,2.1645412084191316,-0.002330572219443444,-0.062393577583302266,-13.04618259008499,-1.696547124077636
TRN,2018-06-26 11:00:00,-6.649461119261509,5.980431090883281,0.01491347511450899,2.1645412084191316,-0.002330572219443444,-0.062393577583302266,-13.04618259008499,-1.696547124077636
TRN,2018-06-27 11:00:00,-6.649461119261509,5.980431090883281,0.01491347511450899,2.1645412084191316,-0.002330572219443444,-0.062393577583302266,-13.04618259008499,-1.696547124077636
TRN,2018-06-28 11:00:00,-6.649461119261509,5.980431090883281,0.01491347511450899,2.1645412084191316,-0.002330572219443444,-0.062393577583302266,-13.04618259008499,-1.696547124077636
TRN,2018-06-29 11:00:00,-6.649461119261509,5.980431090883281,0.01491347511450899,2.1645412084191316,-0.002330572219443444,-0.062393577583302266,-13.04618259008499,-1.696547124077636
TRN,2018-06-30 11:00:00,-6.649461119261509,5.980431090883281,0.01491347511450899,2.1645412084191316,-0.002330572219443444,-0.062393577583302266,-13.04618259008499,-1.696547124077636
TRN,2018-07-01 11:00:00,-6.649461119261509,5.980431090883281,0.01491347511450899,2.1645412084191316,-0.002330572219443444,-0.062393577583302266,-13.04618259008499,-1.696547124077636
TRN,2018-07-02 11:00:00,-6.649461119261509,5.980431090883281,0.01491347511450899,2.1645412084191316,-0.002330572219443444,-0.062393577583302266,-13.04618259008499,-1.696547124077636
TRN,2018-07-02 11:00:00,-2.7112978230875084,2.814351886458997,0.0026376199787241338,1.1764237951589385,-0.0007484196193870515,-0.010260403728704433,-5.208201265215626,-1.4886203207996795
TRN,2018-07-03 11:00:00,-2.7112978230875084,2.814351886458997,0.0026376199787241338,1.1764237951589385,-0.0007484196193870515,-0.010260403728704433,-5.208201265215626,-1.4886203207996795
TRN,2018-07-04 11:00:00,-2.7112978230875084,2.814351886458997,0.0026376199787241338,1.1764237951589385,-0.0007484196193870515,-0.010260403728704433,-5.208201265215626,-1.4886203207996795
TRN,2018-07-05 11:00:00,-2.7112978230875084,2.814351886458997,0.0026376199787241338,1.1764237951589385,-0.0007484196193870515,-0.010260403728704433,-5.208201265215626,-1.4886203207996795
TRN,2018-07-06 11:00:00,-2.7112978230875084,2.814351886458997,0.0026376199787241338,1.1764237951589385,-0.0007484196193870515,-0.010260403728704433,-5.208201265215626,-1.4886203207996795
TRN,2018-07-07 11:00:00,-2.7112978230875084,2.814351886458997,0.0026376199787241338,1.1764237951589385,-0.0007484196193870515,-0.010260403728704433,-5.208201265215626,-1.4886203207996795
TRN,2018-07-08 11:00:00,-2.7112978230875084,2.814351886458997,0.0026376199787241338,1.1764237951589385,-0.0007484196193870515,-0.010260403728704433,-5.208201265215626,-1.4886203207996795
TRN,2018-07-09 11:00:00,-2.7112978230875084,2.814351886458997,0.0026376199787241338,1.1764237951589385,-0.0007484196193870515,-0.010260403728704433,-5.208201265215626,-1.4886203207996795
TRN,2018-07-10 11:00:00,-2.7112978230875084,2.814351886458997,0.0026376199787241338,1.1764237951589385,-0.0007484196193870515,-0.010260403728704433,-5.208201265215626,-1.4886203207996795
TRN,2018-07-11 11:00:00,-2.7112978230875084,2.814351886458997,0.0026376199787241338,1.1764237951589385,-0.0007484196193870515,-0.010260403728704433,-5.208201265215626,-1.4886203207996795
TRN,2018-07-12 11:00:00,-2.7112978230875084,2.814351886458997,0.0026376199787241338,1.1764237951589385,-0.0007484196193870515,-0.010260403728704433,-5.208201265215626,-1.4886203207996795
TRN,2018-07-13 11:00:00,-2.7112978230875084,2.814351886458997,0.0026376199787241338,1.1764237951589385,-0.0007484196193870515,-0.010260403728704433,-5.208201265215626,-1.4886203207996795
TRN,2018-07-14 11:00:00,-2.7112978230875084,2.814351886458997,0.0026376199787241338,1.1764237951589385,-0.0007484196193870515,-0.010260403728704433,-5.208201265215626,-1.4886203207996795
TRN,2018-07-15 11:00:00,-2.7112978230875084,2.814351886458997,0.0026376199787241338,1.1764237951589385,-0.0007484196193870515,-0.010260403728704433,-5.208201265215626,-1.4886203207996795
TRN,2018-07-16 11:00:00,-2.7112978230875084,2.814351886458997,0.0026376199787241338,1.1764237951589385,-0.0007484196193870515,-0.010260403728704433,-5.208201265215626,-1.4886203207996795
TRN,2018-07-16 11:00:00,-3.041099829968403,5.179293969402281,0.012652966087542008,1.949803669996814,-0.0012904743351988312,-0.05228165818069439,-8.971996991810416,-1.1519984516454171
TRN,2018-07-17 11:00:00,-3.041099829968403,5.179293969402281,0.012652966087542008,1.949803669996814,-0.0012904743351988312,-0.05228165818069439,-8.971996991810416,-1.1519984516454171
TRN,2018-07-18 11:00:00,-3.041099829968403,5.179293969402281,0.012652966087542008,1.949803669996814,-0.0012904743351988312,-0.05228165818069439,-8.971996991810416,-1.1519984516454171
TRN,2018-07-19 11:00:00,-3.041099829968403,5.179293969402281,0.012652966087542008,1.949803669996814,-0.0012904743351988312,-0.05228165818069439,-8.971996991810416,-1.1519984516454171
TRN,2018-07-20 11:00:00,-3.041099829968403,5.179293969402281,0.012652966087542008,1.949803669996814,-0.0012904743351988312,-0.05228165818069439,-8.971996991810416,-1.1519984516454171
TRN,2018-07-21 11:00:00,-3.041099829968403,5.179293969402281,0.012652966087542008,1.949803669996814,-0.0012904743351988312,-0.05228165818069439,-8.971996991810416,-1.1519984516454171
TRN,2018-07-22 11:00:00,-3.041099829968403,5.179293969402281,0.012652966087542008,1.949803669996814,-0.0012904743351988312,-0.05228165818069439,-8.971996991810416,-1.1519984516454171
TRN,2018-07-23 11:00:00,-3.041099829968403,5.179293969402281,0.012652966087542008,1.949803669996814,-0.0012904743351988312,-0.05228165818069439,-8.971996991810416,-1.1519984516454171
TRN,2018-07-24 11:00:00,-3.041099829968403,5.179293969402281,0.012652966087542008,1.949803669996814,-0.0012904743351988312,-0.05228165818069439,-8.971996991810416,-1.1519984516454171
TRN,2018-07-25 11:00:00,-3.041099829968403,5.179293969402281,0.012652966087542008,1.949803669996814,-0.0012904743351988312,-0.05228165818069439,-8.971996991810416,-1.1519984516454171
TRN,2018-07-26 11:00:00,-3.041099829968403,5.179293969402281,0.012652966087542008,1.949803669996814,-0.0012904743351988312,-0.05228165818069439,-8.971996991810416,-1.1519984516454171
TRN,2018-07-27 11:00:00,-3.041099829968403,5.179293969402281,0.012652966087542008,1.949803669996814,-0.0012904743351988312,-0.05228165818069439,-8.971996991810416,-1.1519984516454171
TRN,2018-07-28 11:00:00,-3.041099829968403,5.179293969402281,0.012652966087542008,1.949803669996814,-0.0012904743351988312,-0.05228165818069439,-8.971996991810416,-1.1519984516454171
TRN,2018-07-29 11:00:00,-3.041099829968403,5.179293969402281,0.012652966087542008,1.949803669996814,-0.0012904743351988312,-0.05228165818069439,-8.971996991810416,-1.1519984516454171
TRN,2018-07-30 11:00:00,-3.041099829968403,5.179293969402281,0.012652966087542008,1.949803669996814,-0.0012904743351988312,-0.05228165818069439,-8.971996991810416,-1.1519984516454171
TRN,2018-07-30 11:00:00,9.363710325141778,15.960051682870313,0.012552548908593295,1.8233276514531573,-0.0003538479867345519,-0.023169019515151934,-7.229580800573384,-1.180813267544862
TRN,2018-07-31 11:00:00,9.363710325141778,15.960051682870313,0.012552548908593295,1.8233276514531573,-0.0003538479867345519,-0.023169019515151934,-7.229580800573384,-1.180813267544862
TRN,2018-08-01 11:00:00,9.363710325141778,15.960051682870313,0.012552548908593295,1.8233276514531573,-0.0003538479867345519,-0.023169019515151934,-7.229580800573384,-1.180813267544862
TRN,2018-08-02 11:00:00,9.363710325141778,15.960051682870313,0.012552548908593295,1.8233276514531573,-0.0003538479867345519,-0.023169019515151934,-7.229580800573384,-1.180813267544862
TRN,2018-08-03 11:00:00,9.363710325141778,15.960051682870313,0.012552548908593295,1.8233276514531573,-0.0003538479867345519,-0.023169019515151934,-7.229580800573384,-1.180813267544862
TRN,2018-08-04 11:00:00,9.363710325141778,15.960051682870313,0.012552548908593295,1.8233276514531573,-0.0003538479867345519,-0.023169019515151934,-7.229580800573384,-1.180813267544862
TRN,2018-08-05 11:00:00,9.363710325141778,15.960051682870313,0.012552548908593295,1.8233276514531573,-0.0003538479867345519,-0.023169019515151934,-7.229580800573384,-1.180813267544862
TRN,2018-08-06 11:00:00,9.363710325141778,15.960051682870313,0.012552548908593295,1.8233276514531573,-0.0003538479867345519,-0.023169019515151934,-7.229580800573384,-1.180813267544862
TRN,2018-08-07 11:00:00,9.363710325141778,15.960051682870313,0.012552548908593295,1.8233276514531573,-0.0003538479867345519,-0.023169019515151934,-7.229580800573384,-1.180813267544862
TRN,2018-08-08 11:00:00,9.363710325141778,15.960051682870313,0.012552548908593295,1.8233276514531573,-0.0003538479867345519,-0.023169019515151934,-7.229580800573384,-1.180813267544862
TRN,2018-08-09 11:00:00,9.363710325141778,15.960051682870313,0.012552548908593295,1.8233276514531573,-0.0003538479867345519,-0.023169019515151934,-7.229580800573384,-1.180813267544862
TRN,2018-08-10 11:00:00,9.363710325141778,15.960051682870313,0.012552548908593295,1.8233276514531573,-0.0003538479867345519,-0.023169019515151934,-7.229580800573384,-1.180813267544862
TRN,2018-08-11 11:00:00,9.363710325141778,15.960051682870313,0.012552548908593295,1.8233276514531573,-0.0003538479867345519,-0.023169019515151934,-7.229580800573384,-1.180813267544862
TRN,2018-08-12 11:00:00,9.363710325141778,15.960051682870313,0.012552548908593295,1.8233276514531573,-0.0003538479867345519,-0.023169019515151934,-7.229580800573384,-1.180813267544862
TRN,2018-08-13 11:00:00,9.363710325141778,15.960051682870313,0.012552548908593295,1.8233276514531573,-0.0003538479867345519,-0.023169019515151934,-7.229580800573384,-1.180813267544862
TRN,2018-08-13 11:00:00,0.9991148483064829,7.441203539139186,0.01110696734741448,1.2414351452573231,-0.000445431583984913,0.026898780659869264,-6.272717989065128,-1.462525897714413
TRN,2018-08-14 11:00:00,0.9991148483064829,7.441203539139186,0.01110696734741448,1.2414351452573231,-0.000445431583984913,0.026898780659869264,-6.272717989065128,-1.462525897714413
TRN,2018-08-15 11:00:00,0.9991148483064829,7.441203539139186,0.01110696734741448,1.2414351452573231,-0.000445431583984913,0.026898780659869264,-6.272717989065128,-1.462525897714413
TRN,2018-08-16 11:00:00,0.9991148483064829,7.441203539139186,0.01110696734741448,1.2414351452573231,-0.000445431583984913,0.026898780659869264,-6.272717989065128,-1.462525897714413
TRN,2018-08-17 11:00:00,0.9991148483064829,7.441203539139186,0.01110696734741448,1.2414351452573231,-0.000445431583984913,0.026898780659869264,-6.272717989065128,-1.462525897714413
TRN,2018-08-18 11:00:00,0.9991148483064829,7.441203539139186,0.01110696734741448,1.2414351452573231,-0.000445431583984913,0.026898780659869264,-6.272717989065128,-1.462525897714413
TRN,2018-08-19 11:00:00,0.9991148483064829,7.441203539139186,0.01110696734741448,1.2414351452573231,-0.000445431583984913,0.026898780659869264,-6.272717989065128,-1.462525897714413
TRN,2018-08-20 11:00:00,0.9991148483064829,7.441203539139186,0.01110696734741448,1.2414351452573231,-0.000445431583984913,0.026898780659869264,-6.272717989065128,-1.462525897714413
TRN,2018-08-21 11:00:00,0.9991148483064829,7.441203539139186,0.01110696734741448,1.2414351452573231,-0.000445431583984913,0.026898780659869264,-6.272717989065128,-1.462525897714413
TRN,2018-08-22 11:00:00,0.9991148483064829,7.441203539139186,0.01110696734741448,1.2414351452573231,-0.000445431583984913,0.026898780659869264,-6.272717989065128,-1.462525897714413
TRN,2018-08-23 11:00:00,0.9991148483064829,7.441203539139186,0.01110696734741448,1.2414351452573231,-0.000445431583984913,0.026898780659869264,-6.272717989065128,-1.462525897714413
TRN,2018-08-24 11:00:00,0.9991148483064829,7.441203539139186,0.01110696734741448,1.2414351452573231,-0.000445431583984913,0.026898780659869264,-6.272717989065128,-1.462525897714413
TRN,2018-08-25 11:00:00,0.9991148483064829,7.441203539139186,0.01110696734741448,1.2414351452573231,-0.000445431583984913,0.026898780659869264,-6.272717989065128,-1.462525897714413
TRN,2018-08-26 11:00:00,0.9991148483064829,7.441203539139186,0.01110696734741448,1.2414351452573231,-0.000445431583984913,0.026898780659869264,-6.272717989065128,-1.462525897714413
TRN,2018-08-27 11:00:00,0.9991148483064829,7.441203539139186,0.01110696734741448,1.2414351452573231,-0.000445431583984913,0.026898780659869264,-6.272717989065128,-1.462525897714413
TRN,2018-08-27 11:00:00,3.48357403168431,7.233203871432857,0.012166427528407341,0.8987834799656972,-0.0007987775970007911,0.014222158585742405,-3.5459356986230524,-1.1341449509193056
TRN,2018-08-28 11:00:00,3.48357403168431,7.233203871432857,0.012166427528407341,0.8987834799656972,-0.0007987775970007911,0.014222158585742405,-3.5459356986230524,-1.1341449509193056
TRN,2018-08-29 11:00:00,3.48357403168431,7.233203871432857,0.012166427528407341,0.8987834799656972,-0.0007987775970007911,0.014222158585742405,-3.5459356986230524,-1.1341449509193056
TRN,2018-08-30 11:00:00,3.48357403168431,7.233203871432857,0.012166427528407341,0.8987834799656972,-0.0007987775970007911,0.014222158585742405,-3.5459356986230524,-1.1341449509193056
TRN,2018-08-31 11:00:00,3.48357403168431,7.233203871432857,0.012166427528407341,0.8987834799656972,-0.0007987775970007911,0.014222158585742405,-3.5459356986230524,-1.1341449509193056
TRN,2018-09-01 11:00:00,3.48357403168431,7.233203871432857,0.012166427528407341,0.8987834799656972,-0.0007987775970007911,0.014222158585742405,-3.5459356986230524,-1.1341449509193056
TRN,2018-09-02 11:00:00,3.48357403168431,7.233203871432857,0.012166427528407341,0.8987834799656972,-0.0007987775970007911,0.014222158585742405,-3.5459356986230524,-1.1341449509193056
TRN,2018-09-03 11:00:00,3.48357403168431,7.233203871432857,0.012166427528407341,0.8987834799656972,-0.0007987775970007911,0.014222158585742405,-3.5459356986230524,-1.1341449509193056
TRN,2018-09-04 11:00:00,3.48357403168431,7.233203871432857,0.012166427528407341,0.8987834799656972,-0.0007987775970007911,0.014222158585742405,-3.5459356986230524,-1.1341449509193056
TRN,2018-09-05 11:00:00,3.48357403168431,7.233203871432857,0.012166427528407341,0.8987834799656972,-0.0007987775970007911,0.014222158585742405,-3.5459356986230524,-1.1341449509193056
TRN,2018-09-06 11:00:00,3.48357403168431,7.233203871432857,0.012166427528407341,0.8987834799656972,-0.0007987775970007911,0.014222158585742405,-3.5459356986230524,-1.1341449509193056
TRN,2018-09-07 11:00:00,3.48357403168431,7.233203871432857,0.012166427528407341,0.8987834799656972,-0.0007987775970007911,0.014222158585742405,-3.5459356986230524,-1.1341449509193056
TRN,2018-09-08 11:00:00,3.48357403168431,7.233203871432857,0.012166427528407341,0.8987834799656972,-0.0007987775970007911,0.014222158585742405,-3.5459356986230524,-1.1341449509193056
TRN,2018-09-09 11:00:00,3.48357403168431,7.233203871432857,0.012166427528407341,0.8987834799656972,-0.0007987775970007911,0.014222158585742405,-3.5459356986230524,-1.1341449509193056
TRN,2018-09-10 11:00:00,3.48357403168431,7.233203871432857,0.012166427528407341,0.8987834799656972,-0.0007987775970007911,0.014222158585742405,-3.5459356986230524,-1.1341449509193056
TRN,2018-09-10 11:00:00,-0.8650085811095028,7.535448573365446,0.009211714860610913,1.874074608116254,-0.0010444129004907729,0.009063939397335649,-8.76510819383139,-1.5422913477732854
TRN,2018-09-11 11:00:00,-0.8650085811095028,7.535448573365446,0.009211714860610913,1.874074608116254,-0.0010444129004907729,0.009063939397335649,-8.76510819383139,-1.5422913477732854
TRN,2018-09-12 11:00:00,-0.8650085811095028,7.535448573365446,0.009211714860610913,1.874074608116254,-0.0010444129004907729,0.009063939397335649,-8.76510819383139,-1.5422913477732854
TRN,2018-09-13 11:00:00,-0.8650085811095028,7.535448573365446,0.009211714860610913,1.874074608116254,-0.0010444129004907729,0.009063939397335649,-8.76510819383139,-1.5422913477732854
TRN,2018-09-14 11:00:00,-0.8650085811095028,7.535448573365446,0.009211714860610913,1.874074608116254,-0.0010444129004907729,0.009063939397335649,-8.76510819383139,-1.5422913477732854
TRN,2018-09-15 11:00:00,-0.8650085811095028,7.535448573365446,0.009211714860610913,1.874074608116254,-0.0010444129004907729,0.009063939397335649,-8.76510819383139,-1.5422913477732854
TRN,2018-09-16 11:00:00,-0.8650085811095028,7.535448573365446,0.009211714860610913,1.874074608116254,-0.0010444129004907729,0.009063939397335649,-8.76510819383139,-1.5422913477732854
TRN,2018-09-17 11:00:00,-0.8650085811095028,7.535448573365446,0.009211714860610913,1.874074608116254,-0.0010444129004907729,0.009063939397335649,-8.76510819383139,-1.5422913477732854
TRN,2018-09-18 11:00:00,-0.8650085811095028,7.535448573365446,0.009211714860610913,1.874074608116254,-0.0010444129004907729,0.009063939397335649,-8.76510819383139,-1.5422913477732854
TRN,2018-09-19 11:00:00,-0.8650085811095028,7.535448573365446,0.009211714860610913,1.874074608116254,-0.0010444129004907729,0.009063939397335649,-8.76510819383139,-1.5422913477732854
TRN,2018-09-20 11:00:00,-0.8650085811095028,7.535448573365446,0.009211714860610913,1.874074608116254,-0.0010444129004907729,0.009063939397335649,-8.76510819383139,-1.5422913477732854
TRN,2018-09-21 11:00:00,-0.8650085811095028,7.535448573365446,0.009211714860610913,1.874074608116254,-0.0010444129004907729,0.009063939397335649,-8.76510819383139,-1.5422913477732854
TRN,2018-09-22 11:00:00,-0.8650085811095028,7.535448573365446,0.009211714860610913,1.874074608116254,-0.0010444129004907729,0.009063939397335649,-8.76510819383139,-1.5422913477732854
TRN,2018-09-23 11:00:00,-0.8650085811095028,7.535448573365446,0.009211714860610913,1.874074608116254,-0.0010444129004907729,0.009063939397335649,-8.76510819383139,-1.5422913477732854
TRN,2018-09-24 11:00:00,-0.8650085811095028,7.535448573365446,0.009211714860610913,1.874074608116254,-0.0010444129004907729,0.009063939397335649,-8.76510819383139,-1.5422913477732854
TRN,2018-09-24 11:00:00,0.3239095589530284,6.74099848114381,0.009480639714035536,1.2918029329956875,-0.0002595851168435195,0.0032960929343157147,-5.972948129139256,-1.7603426917730531
TRN,2018-09-25 11:00:00,0.3239095589530284,6.74099848114381,0.009480639714035536,1.2918029329956875,-0.0002595851168435195,0.0032960929343157147,-5.972948129139256,-1.7603426917730531
TRN,2018-09-26 11:00:00,0.3239095589530284,6.74099848114381,0.009480639714035536,1.2918029329956875,-0.0002595851168435195,0.0032960929343157147,-5.972948129139256,-1.7603426917730531
TRN,2018-09-27 11:00:00,0.3239095589530284,6.74099848114381,0.009480639714035536,1.2918029329956875,-0.0002595851168435195,0.0032960929343157147,-5.972948129139256,-1.7603426917730531
TRN,2018-09-28 11:00:00,0.3239095589530284,6.74099848114381,0.009480639714035536,1.2918029329956875,-0.0002595851168435195,0.0032960929343157147,-5.972948129139256,-1.7603426917730531
TRN,2018-09-29 11:00:00,0.3239095589530284,6.74099848114381,0.009480639714035536,1.2918029329956875,-0.0002595851168435195,0.0032960929343157147,-5.972948129139256,-1.7603426917730531
TRN,2018-09-30 11:00:00,0.3239095589530284,6.74099848114381,0.009480639714035536,1.2918029329956875,-0.0002595851168435195,0.0032960929343157147,-5.972948129139256,-1.7603426917730531
TRN,2018-10-01 11:00:00,0.3239095589530284,6.74099848114381,0.009480639714035536,1.2918029329956875,-0.0002595851168435195,0.0032960929343157147,-5.972948129139256,-1.7603426917730531
TRN,2018-10-02 11:00:00,0.3239095589530284,6.74099848114381,0.009480639714035536,1.2918029329956875,-0.0002595851168435195,0.0032960929343157147,-5.972948129139256,-1.7603426917730531
TRN,2018-10-03 11:00:00,0.3239095589530284,6.74099848114381,0.009480639714035536,1.2918029329956875,-0.0002595851168435195,0.0032960929343157147,-5.972948129139256,-1.7603426917730531
TRN,2018-10-04 11:00:00,0.3239095589530284,6.74099848114381,0.009480639714035536,1.2918029329956875,-0.0002595851168435195,0.0032960929343157147,-5.972948129139256,-1.7603426917730531
TRN,2018-10-05 11:00:00,0.3239095589530284,6.74099848114381,0.009480639714035536,1.2918029329956875,-0.0002595851168435195,0.0032960929343157147,-5.972948129139256,-1.7603426917730531
TRN,2018-10-06 11:00:00,0.3239095589530284,6.74099848114381,0.009480639714035536,1.2918029329956875,-0.0002595851168435195,0.0032960929343157147,-5.972948129139256,-1.7603426917730531
TRN,2018-10-07 11:00:00,0.3239095589530284,6.74099848114381,0.009480639714035536,1.2918029329956875,-0.0002595851168435195,0.0032960929343157147,-5.972948129139256,-1.7603426917730531
TRN,2018-10-08 11:00:00,0.3239095589530284,6.74099848114381,0.009480639714035536,1.2918029329956875,-0.0002595851168435195,0.0032960929343157147,-5.972948129139256,-1.7603426917730531
TRN,2018-10-08 11:00:00,-3.6277478109788515,4.570987844539804,0.0076069332504969155,1.6010441424109345,-0.0005732060817644024,0.0065118819662327715,-6.985143195239973,-2.8521866457926324
TRN,2018-10-09 11:00:00,-3.6277478109788515,4.570987844539804,0.0076069332504969155,1.6010441424109345,-0.0005732060817644024,0.0065118819662327715,-6.985143195239973,-2.8521866457926324
TRN,2018-10-10 11:00:00,-3.6277478109788515,4.570987844539804,0.0076069332504969155,1.6010441424109345,-0.0005732060817644024,0.0065118819662327715,-6.985143195239973,-2.8521866457926324
TRN,2018-10-11 11:00:00,-3.6277478109788515,4.570987844539804,0.0076069332504969155,1.6010441424109345,-0.0005732060817644024,0.0065118819662327715,-6.985143195239973,-2.8521866457926324
TRN,2018-10-12 11:00:00,-3.6277478109788515,4.570987844539804,0.0076069332504969155,1.6010441424109345,-0.0005732060817644024,0.0065118819662327715,-6.985143195239973,-2.8521866457926324
TRN,2018-10-13 11:00:00,-3.6277478109788515,4.570987844539804,0.0076069332504969155,1.6010441424109345,-0.0005732060817644024,0.0065118819662327715,-6.985143195239973,-2.8521866457926324
TRN,2018-10-14 11:00:00,-3.6277478109788515,4.570987844539804,0.0076069332504969155,1.6010441424109345,-0.0005732060817644024,0.0065118819662327715,-6.985143195239973,-2.8521866457926324
TRN,2018-10-15 11:00:00,-3.6277478109788515,4.570987844539804,0.0076069332504969155,1.6010441424109345,-0.0005732060817644024,0.0065118819662327715,-6.985143195239973,-2.8521866457926324
TRN,2018-10-16 11:00:00,-3.6277478109788515,4.570987844539804,0.0076069332504969155,1.6010441424109345,-0.0005732060817644024,0.0065118819662327715,-6.985143195239973,-2.8521866457926324
TRN,2018-10-17 11:00:00,-3.6277478109788515,4.570987844539804,0.0076069332504969155,1.6010441424109345,-0.0005732060817644024,0.0065118819662327715,-6.985143195239973,-2.8521866457926324
TRN,2018-10-18 11:00:00,-3.6277478109788515,4.570987844539804,0.0076069332504969155,1.6010441424109345,-0.0005732060817644024,0.0065118819662327715,-6.985143195239973,-2.8521866457926324
TRN,2018-10-19 11:00:00,-3.6277478109788515,4.570987844539804,0.0076069332504969155,1.6010441424109345,-0.0005732060817644024,0.0065118819662327715,-6.985143195239973,-2.8521866457926324
TRN,2018-10-20 11:00:00,-3.6277478109788515,4.570987844539804,0.0076069332504969155,1.6010441424109345,-0.0005732060817644024,0.0065118819662327715,-6.985143195239973,-2.8521866457926324
TRN,2018-10-21 11:00:00,-3.6277478109788515,4.570987844539804,0.0076069332504969155,1.6010441424109345,-0.0005732060817644024,0.0065118819662327715,-6.985143195239973,-2.8521866457926324
TRN,2018-10-22 11:00:00,-3.6277478109788515,4.570987844539804,0.0076069332504969155,1.6010441424109345,-0.0005732060817644024,0.0065118819662327715,-6.985143195239973,-2.8521866457926324
TRN,2018-10-22 11:00:00,-9.836497284050642,7.017814571238756,0.0054917148481888655,1.9373672017320864,-6.564898319242937e-05,-0.012475568360306744,-15.594773406329976,-3.23079637861495
TRN,2018-10-23 11:00:00,-9.836497284050642,7.017814571238756,0.0054917148481888655,1.9373672017320864,-6.564898319242937e-05,-0.012475568360306744,-15.594773406329976,-3.23079637861495
TRN,2018-10-24 11:00:00,-9.836497284050642,7.017814571238756,0.0054917148481888655,1.9373672017320864,-6.564898319242937e-05,-0.012475568360306744,-15.594773406329976,-3.23079637861495
TRN,2018-10-25 11:00:00,-9.836497284050642,7.017814571238756,0.0054917148481888655,1.9373672017320864,-6.564898319242937e-05,-0.012475568360306744,-15.594773406329976,-3.23079637861495
TRN,2018-10-26 11:00:00,-9.836497284050642,7.017814571238756,0.0054917148481888655,1.9373672017320864,-6.564898319242937e-05,-0.012475568360306744,-15.594773406329976,-3.23079637861495
TRN,2018-10-27 11:00:00,-9.836497284050642,7.017814571238756,0.0054917148481888655,1.9373672017320864,-6.564898319242937e-05,-0.012475568360306744,-15.594773406329976,-3.23079637861495
TRN,2018-10-28 11:00:00,-9.836497284050642,7.017814571238756,0.0054917148481888655,1.9373672017320864,-6.564898319242937e-05,-0.012475568360306744,-15.594773406329976,-3.23079637861495
TRN,2018-10-29 11:00:00,-9.836497284050642,7.017814571238756,0.0054917148481888655,1.9373672017320864,-6.564898319242937e-05,-0.012475568360306744,-15.594773406329976,-3.23079637861495
TRN,2018-10-30 11:00:00,-9.836497284050642,7.017814571238756,0.0054917148481888655,1.9373672017320864,-6.564898319242937e-05,-0.012475568360306744,-15.594773406329976,-3.23079637861495
TRN,2018-10-31 11:00:00,-9.836497284050642,7.017814571238756,0.0054917148481888655,1.9373672017320864,-6.564898319242937e-05,-0.012475568360306744,-15.594773406329976,-3.23079637861495
TRN,2018-11-01 11:00:00,-9.836497284050642,7.017814571238756,0.0054917148481888655,1.9373672017320864,-6.564898319242937e-05,-0.012475568360306744,-15.594773406329976,-3.23079637861495
TRN,2018-11-02 11:00:00,-9.836497284050642,7.017814571238756,0.0054917148481888655,1.9373672017320864,-6.564898319242937e-05,-0.012475568360306744,-15.594773406329976,-3.23079637861495
TRN,2018-11-03 11:00:00,-9.836497284050642,7.017814571238756,0.0054917148481888655,1.9373672017320864,-6.564898319242937e-05,-0.012475568360306744,-15.594773406329976,-3.23079637861495
TRN,2018-11-04 11:00:00,-9.836497284050642,7.017814571238756,0.0054917148481888655,1.9373672017320864,-6.564898319242937e-05,-0.012475568360306744,-15.594773406329976,-3.23079637861495
TRN,2018-11-05 11:00:00,-9.836497284050642,7.017814571238756,0.0054917148481888655,1.9373672017320864,-6.564898319242937e-05,-0.012475568360306744,-15.594773406329976,-3.23079637861495
TRN,2018-11-05 11:00:00,-5.344858804814264,9.826361449942318,0.009558926031075866,0.9086969449937036,-0.0006666798621101344,0.02552336758456886,-11.649288292308546,-4.545052231004003
TRN,2018-11-06 11:00:00,-5.344858804814264,9.826361449942318,0.009558926031075866,0.9086969449937036,-0.0006666798621101344,0.02552336758456886,-11.649288292308546,-4.545052231004003
TRN,2018-11-07 11:00:00,-5.344858804814264,9.826361449942318,0.009558926031075866,0.9086969449937036,-0.0006666798621101344,0.02552336758456886,-11.649288292308546,-4.545052231004003
TRN,2018-11-08 11:00:00,-5.344858804814264,9.826361449942318,0.009558926031075866,0.9086969449937036,-0.0006666798621101344,0.02552336758456886,-11.649288292308546,-4.545052231004003
TRN,2018-11-09 11:00:00,-5.344858804814264,9.826361449942318,0.009558926031075866,0.9086969449937036,-0.0006666798621101344,0.02552336758456886,-11.649288292308546,-4.545052231004003
TRN,2018-11-10 11:00:00,-5.344858804814264,9.826361449942318,0.009558926031075866,0.9086969449937036,-0.0006666798621101344,0.02552336758456886,-11.649288292308546,-4.545052231004003
TRN,2018-11-11 11:00:00,-5.344858804814264,9.826361449942318,0.009558926031075866,0.9086969449937036,-0.0006666798621101344,0.02552336758456886,-11.649288292308546,-4.545052231004003
TRN,2018-11-12 11:00:00,-5.344858804814264,9.826361449942318,0.009558926031075866,0.9086969449937036,-0.0006666798621101344,0.02552336758456886,-11.649288292308546,-4.545052231004003
TRN,2018-11-13 11:00:00,-5.344858804814264,9.826361449942318,0.009558926031075866,0.9086969449937036,-0.0006666798621101344,0.02552336758456886,-11.649288292308546,-4.545052231004003
TRN,2018-11-14 11:00:00,-5.344858804814264,9.826361449942318,0.009558926031075866,0.9086969449937036,-0.0006666798621101344,0.02552336758456886,-11.649288292308546,-4.545052231004003
TRN,2018-11-15 11:00:00,-5.344858804814264,9.826361449942318,0.009558926031075866,0.9086969449937036,-0.0006666798621101344,0.02552336758456886,-11.649288292308546,-4.545052231004003
TRN,2018-11-16 11:00:00,-5.344858804814264,9.826361449942318,0.009558926031075866,0.9086969449937036,-0.0006666798621101344,0.02552336758456886,-11.649288292308546,-4.545052231004003
TRN,2018-11-17 11:00:00,-5.344858804814264,9.826361449942318,0.009558926031075866,0.9086969449937036,-0.0006666798621101344,0.02552336758456886,-11.649288292308546,-4.545052231004003
TRN,2018-11-18 11:00:00,-5.344858804814264,9.826361449942318,0.009558926031075866,0.9086969449937036,-0.0006666798621101344,0.02552336758456886,-11.649288292308546,-4.545052231004003
TRN,2018-11-19 11:00:00,-5.344858804814264,9.826361449942318,0.009558926031075866,0.9086969449937036,-0.0006666798621101344,0.02552336758456886,-11.649288292308546,-4.545052231004003
TRN,2018-11-19 11:00:00,-8.462751434769594,2.727513517221056,0.014206017564770482,0.5295601388204914,-0.0005280814046647713,0.03496325125951499,-6.443630196085791,-5.407301014331895
TRN,2018-11-20 11:00:00,-8.462751434769594,2.727513517221056,0.014206017564770482,0.5295601388204914,-0.0005280814046647713,0.03496325125951499,-6.443630196085791,-5.407301014331895
TRN,2018-11-21 11:00:00,-8.462751434769594,2.727513517221056,0.014206017564770482,0.5295601388204914,-0.0005280814046647713,0.03496325125951499,-6.443630196085791,-5.407301014331895
TRN,2018-11-22 11:00:00,-8.462751434769594,2.727513517221056,0.014206017564770482,0.5295601388204914,-0.0005280814046647713,0.03496325125951499,-6.443630196085791,-5.407301014331895
TRN,2018-11-23 11:00:00,-8.462751434769594,2.727513517221056,0.014206017564770482,0.5295601388204914,-0.0005280814046647713,0.03496325125951499,-6.443630196085791,-5.407301014331895
TRN,2018-11-24 11:00:00,-8.462751434769594,2.727513517221056,0.014206017564770482,0.5295601388204914,-0.0005280814046647713,0.03496325125951499,-6.443630196085791,-5.407301014331895
TRN,2018-11-25 11:00:00,-8.462751434769594,2.727513517221056,0.014206017564770482,0.5295601388204914,-0.0005280814046647713,0.03496325125951499,-6.443630196085791,-5.407301014331895
TRN,2018-11-26 11:00:00,-8.462751434769594,2.727513517221056,0.014206017564770482,0.5295601388204914,-0.0005280814046647713,0.03496325125951499,-6.443630196085791,-5.407301014331895
TRN,2018-11-27 11:00:00,-8.462751434769594,2.727513517221056,0.014206017564770482,0.5295601388204914,-0.0005280814046647713,0.03496325125951499,-6.443630196085791,-5.407301014331895
TRN,2018-11-28 11:00:00,-8.462751434769594,2.727513517221056,0.014206017564770482,0.5295601388204914,-0.0005280814046647713,0.03496325125951499,-6.443630196085791,-5.407301014331895
TRN,2018-11-29 11:00:00,-8.462751434769594,2.727513517221056,0.014206017564770482,0.5295601388204914,-0.0005280814046647713,0.03496325125951499,-6.443630196085791,-5.407301014331895
TRN,2018-11-30 11:00:00,-8.462751434769594,2.727513517221056,0.014206017564770482,0.5295601388204914,-0.0005280814046647713,0.03496325125951499,-6.443630196085791,-5.407301014331895
TRN,2018-12-01 11:00:00,-8.462751434769594,2.727513517221056,0.014206017564770482,0.5295601388204914,-0.0005280814046647713,0.03496325125951499,-6.443630196085791,-5.407301014331895
TRN,2018-12-02 11:00:00,-8.462751434769594,2.727513517221056,0.014206017564770482,0.5295601388204914,-0.0005280814046647713,0.03496325125951499,-6.443630196085791,-5.407301014331895
TRN,2018-12-03 11:00:00,-8.462751434769594,2.727513517221056,0.014206017564770482,0.5295601388204914,-0.0005280814046647713,0.03496325125951499,-6.443630196085791,-5.407301014331895
TRN,2018-12-03 11:00:00,-14.986113276087908,4.094691097354512,0.02178317446739546,0.7440489951730961,-0.0006041477669172933,0.06685732931923123,-13.776752038846153,-6.33160373706973
TRN,2018-12-04 11:00:00,-14.986113276087908,4.094691097354512,0.02178317446739546,0.7440489951730961,-0.0006041477669172933,0.06685732931923123,-13.776752038846153,-6.33160373706973
TRN,2018-12-05 11:00:00,-14.986113276087908,4.094691097354512,0.02178317446739546,0.7440489951730961,-0.0006041477669172933,0.06685732931923123,-13.776752038846153,-6.33160373706973
TRN,2018-12-06 11:00:00,-14.986113276087908,4.094691097354512,0.02178317446739546,0.7440489951730961,-0.0006041477669172933,0.06685732931923123,-13.776752038846153,-6.33160373706973
TRN,2018-12-07 11:00:00,-14.986113276087908,4.094691097354512,0.02178317446739546,0.7440489951730961,-0.0006041477669172933,0.06685732931923123,-13.776752038846153,-6.33160373706973
TRN,2018-12-08 11:00:00,-14.986113276087908,4.094691097354512,0.02178317446739546,0.7440489951730961,-0.0006041477669172933,0.06685732931923123,-13.776752038846153,-6.33160373706973
TRN,2018-12-09 11:00:00,-14.986113276087908,4.094691097354512,0.02178317446739546,0.7440489951730961,-0.0006041477669172933,0.06685732931923123,-13.776752038846153,-6.33160373706973
TRN,2018-12-10 11:00:00,-14.986113276087908,4.094691097354512,0.02178317446739546,0.7440489951730961,-0.0006041477669172933,0.06685732931923123,-13.776752038846153,-6.33160373706973
TRN,2018-12-11 11:00:00,-14.986113276087908,4.094691097354512,0.02178317446739546,0.7440489951730961,-0.0006041477669172933,0.06685732931923123,-13.776752038846153,-6.33160373706973
TRN,2018-12-12 11:00:00,-14.986113276087908,4.094691097354512,0.02178317446739546,0.7440489951730961,-0.0006041477669172933,0.06685732931923123,-13.776752038846153,-6.33160373706973
TRN,2018-12-13 11:00:00,-14.986113276087908,4.094691097354512,0.02178317446739546,0.7440489951730961,-0.0006041477669172933,0.06685732931923123,-13.776752038846153,-6.33160373706973
TRN,2018-12-14 11:00:00,-14.986113276087908,4.094691097354512,0.02178317446739546,0.7440489951730961,-0.0006041477669172933,0.06685732931923123,-13.776752038846153,-6.33160373706973
TRN,2018-12-15 11:00:00,-14.986113276087908,4.094691097354512,0.02178317446739546,0.7440489951730961,-0.0006041477669172933,0.06685732931923123,-13.776752038846153,-6.33160373706973
TRN,2018-12-16 11:00:00,-14.986113276087908,4.094691097354512,0.02178317446739546,0.7440489951730961,-0.0006041477669172933,0.06685732931923123,-13.776752038846153,-6.33160373706973
TRN,2018-12-17 11:00:00,-14.986113276087908,4.094691097354512,0.02178317446739546,0.7440489951730961,-0.0006041477669172933,0.06685732931923123,-13.776752038846153,-6.33160373706973
TRN,2018-12-17 11:00:00,-9.477693773647276,3.9035156700486646,0.023181052149286424,0.2168872740421676,-0.00020163122776474117,0.009290785699239667,-7.083017026295591,-6.6518517630968965
TRN,2018-12-18 11:00:00,-9.477693773647276,3.9035156700486646,0.023181052149286424,0.2168872740421676,-0.00020163122776474117,0.009290785699239667,-7.083017026295591,-6.6518517630968965
TRN,2018-12-19 11:00:00,-9.477693773647276,3.9035156700486646,0.023181052149286424,0.2168872740421676,-0.00020163122776474117,0.009290785699239667,-7.083017026295591,-6.6518517630968965
TRN,2018-12-20 11:00:00,-9.477693773647276,3.9035156700486646,0.023181052149286424,0.2168872740421676,-0.00020163122776474117,0.009290785699239667,-7.083017026295591,-6.6518517630968965
TRN,2018-12-21 11:00:00,-9.477693773647276,3.9035156700486646,0.023181052149286424,0.2168872740421676,-0.00020163122776474117,0.009290785699239667,-7.083017026295591,-6.6518517630968965
TRN,2018-12-22 11:00:00,-9.477693773647276,3.9035156700486646,0.023181052149286424,0.2168872740421676,-0.00020163122776474117,0.009290785699239667,-7.083017026295591,-6.6518517630968965
TRN,2018-12-23 11:00:00,-9.477693773647276,3.9035156700486646,0.023181052149286424,0.2168872740421676,-0.00020163122776474117,0.009290785699239667,-7.083017026295591,-6.6518517630968965
TRN,2018-12-24 11:00:00,-9.477693773647276,3.9035156700486646,0.023181052149286424,0.2168872740421676,-0.00020163122776474117,0.009290785699239667,-7.083017026295591,-6.6518517630968965
TRN,2018-12-25 11:00:00,-9.477693773647276,3.9035156700486646,0.023181052149286424,0.2168872740421676,-0.00020163122776474117,0.009290785699239667,-7.083017026295591,-6.6518517630968965
TRN,2018-12-26 11:00:00,-9.477693773647276,3.9035156700486646,0.023181052149286424,0.2168872740421676,-0.00020163122776474117,0.009290785699239667,-7.083017026295591,-6.6518517630968965
TRN,2018-12-27 11:00:00,-9.477693773647276,3.9035156700486646,0.023181052149286424,0.2168872740421676,-0.00020163122776474117,0.009290785699239667,-7.083017026295591,-6.6518517630968965
TRN,2018-12-28 11:00:00,-9.477693773647276,3.9035156700486646,0.023181052149286424,0.2168872740421676,-0.00020163122776474117,0.009290785699239667,-7.083017026295591,-6.6518517630968965
TRN,2018-12-29 11:00:00,-9.477693773647276,3.9035156700486646,0.023181052149286424,0.2168872740421676,-0.00020163122776474117,0.009290785699239667,-7.083017026295591,-6.6518517630968965
TRN,2018-12-30 11:00:00,-9.477693773647276,3.9035156700486646,0.023181052149286424,0.2168872740421676,-0.00020163122776474117,0.009290785699239667,-7.083017026295591,-6.6518517630968965
TRN,2018-12-31 11:00:00,-9.477693773647276,3.9035156700486646,0.023181052149286424,0.2168872740421676,-0.00020163122776474117,0.009290785699239667,-7.083017026295591,-6.6518517630968965
TRN,2018-12-31 11:00:00,-4.095304921431006,13.836259106830017,0.03702550887535714,0.29681936553227817,-0.00019872552061069016,0.010801449201111698,-11.507807486025476,-6.917664710678156
TRN,2019-01-01 11:00:00,-4.095304921431006,13.836259106830017,0.03702550887535714,0.29681936553227817,-0.00019872552061069016,0.010801449201111698,-11.507807486025476,-6.917664710678156
TRN,2019-01-02 11:00:00,-4.095304921431006,13.836259106830017,0.03702550887535714,0.29681936553227817,-0.00019872552061069016,0.010801449201111698,-11.507807486025476,-6.917664710678156
TRN,2019-01-03 11:00:00,-4.095304921431006,13.836259106830017,0.03702550887535714,0.29681936553227817,-0.00019872552061069016,0.010801449201111698,-11.507807486025476,-6.917664710678156
TRN,2019-01-04 11:00:00,-4.095304921431006,13.836259106830017,0.03702550887535714,0.29681936553227817,-0.00019872552061069016,0.010801449201111698,-11.507807486025476,-6.917664710678156
TRN,2019-01-05 11:00:00,-4.095304921431006,13.836259106830017,0.03702550887535714,0.29681936553227817,-0.00019872552061069016,0.010801449201111698,-11.507807486025476,-6.917664710678156
TRN,2019-01-06 11:00:00,-4.095304921431006,13.836259106830017,0.03702550887535714,0.29681936553227817,-0.00019872552061069016,0.010801449201111698,-11.507807486025476,-6.917664710678156
TRN,2019-01-07 11:00:00,-4.095304921431006,13.836259106830017,0.03702550887535714,0.29681936553227817,-0.00019872552061069016,0.010801449201111698,-11.507807486025476,-6.917664710678156
TRN,2019-01-08 11:00:00,-4.095304921431006,13.836259106830017,0.03702550887535714,0.29681936553227817,-0.00019872552061069016,0.010801449201111698,-11.507807486025476,-6.917664710678156
TRN,2019-01-09 11:00:00,-4.095304921431006,13.836259106830017,0.03702550887535714,0.29681936553227817,-0.00019872552061069016,0.010801449201111698,-11.507807486025476,-6.917664710678156
TRN,2019-01-10 11:00:00,-4.095304921431006,13.836259106830017,0.03702550887535714,0.29681936553227817,-0.00019872552061069016,0.010801449201111698,-11.507807486025476,-6.917664710678156
TRN,2019-01-11 11:00:00,-4.095304921431006,13.836259106830017,0.03702550887535714,0.29681936553227817,-0.00019872552061069016,0.010801449201111698,-11.507807486025476,-6.917664710678156
TRN,2019-01-12 11:00:00,-4.095304921431006,13.836259106830017,0.03702550887535714,0.29681936553227817,-0.00019872552061069016,0.010801449201111698,-11.507807486025476,-6.917664710678156
TRN,2019-01-13 11:00:00,-4.095304921431006,13.836259106830017,0.03702550887535714,0.29681936553227817,-0.00019872552061069016,0.010801449201111698,-11.507807486025476,-6.917664710678156
TRN,2019-01-14 11:00:00,-4.095304921431006,13.836259106830017,0.03702550887535714,0.29681936553227817,-0.00019872552061069016,0.010801449201111698,-11.507807486025476,-6.917664710678156
