site,time,obs_permil
JFJ,2018-01-01 00:00:00,7.28
JFJ,2018-01-02 00:00:00,7.28
JFJ,2018-01-03 00:00:00,7.28
JFJ,2018-01-04 00:00:00,7.28
JFJ,2018-01-05 00:00:00,7.28
JFJ,2018-01-06 00:00:00,7.28
JFJ,2018-01-07 00:00:00,7.28
JFJ,2018-01-08 00:00:00,7.28
JFJ,2018-01-09 00:00:00,7.28
JFJ,2018-01-10 00:00:00,7.28
JFJ,2018-01-11 00:00:00,7.28
JFJ,2018-01-12 00:00:00,7.28
JFJ,2018-01-13 00:00:00,7.28
JFJ,2018-01-14 00:00:00,7.28
JFJ,2018-01-15 00:00:00,7.28
NOR,2018-01-02 00:00:00,8.44
NOR,2018-01-03 00:00:00,8.44
NOR,2018-01-04 00:00:00,8.44
NOR,2018-01-05 00:00:00,8.44
NOR,2018-01-06 00:00:00,8.44
NOR,2018-01-07 00:00:00,8.44
NOR,2018-01-08 00:00:00,8.44
NOR,2018-01-09 00:00:00,8.44
NOR,2018-01-10 00:00:00,8.44
NOR,2018-01-11 00:00:00,8.44
NOR,2018-01-12 00:00:00,8.44
NOR,2018-01-13 00:00:00,8.44
NOR,2018-01-14 00:00:00,8.44
NOR,2018-01-15 00:00:00,8.44
NOR,2018-01-16 00:00:00,8.44
KRE,2018-01-03 00:00:00,-1.12
KRE,2018-01-04 00:00:00,-1.12
KRE,2018-01-05 00:00:00,-1.12
KRE,2018-01-06 00:00:00,-1.12
KRE,2018-01-07 00:00:00,-1.12
KRE,2018-01-08 00:00:00,-1.12
KRE,2018-01-09 00:00:00,-1.12
KRE,2018-01-10 00:00:00,-1.12
KRE,2018-01-11 00:00:00,-1.12
KRE,2018-01-12 00:00:00,-1.12
KRE,2018-01-13 00:00:00,-1.12
KRE,2018-01-14 00:00:00,-1.12
KRE,2018-01-15 00:00:00,-1.12
KRE,2018-01-16 00:00:00,-1.12
KRE,2018-01-17 00:00:00,-1.12
TRN,2018-01-03 00:00:00,2.21
TRN,2018-01-04 00:00:00,2.21
TRN,2018-01-05 00:00:00,2.21
TRN,2018-01-06 00:00:00,2.21
TRN,2018-01-07 00:00:00,2.21
TRN,2018-01-08 00:00:00,2.21
TRN,2018-01-09 00:00:00,2.21
TRN,2018-01-10 00:00:00,2.21
TRN,2018-01-11 00:00:00,2.21
TRN,2018-01-12 00:00:00,2.21
TRN,2018-01-13 00:00:00,2.21
TRN,2018-01-14 00:00:00,2.21
TRN,2018-01-15 00:00:00,2.21
TRN,2018-01-16 00:00:00,2.21
TRN,2018-01-17 00:00:00,2.21
TRN,2018-01-18 00:00:00,2.21
TRN,2018-01-19 00:00:00,2.21
TRN,2018-01-20 00:00:00,2.21
TRN,2018-01-21 00:00:00,2.21
TRN,2018-01-22 00:00:00,2.21
TRN,2018-01-23 00:00:00,2.21
TRN,2018-01-24 00:00:00,2.21
OPE,2018-01-08 00:00:00,-2.09
OPE,2018-01-09 00:00:00,-2.09
OPE,2018-01-10 00:00:00,-2.09
OPE,2018-01-11 00:00:00,-2.09
OPE,2018-01-12 00:00:00,-2.09
OPE,2018-01-13 00:00:00,-2.09
OPE,2018-01-14 00:00:00,-2.09
OPE,2018-01-15 00:00:00,-2.09
OPE,2018-01-16 00:00:00,-2.09
OPE,2018-01-17 00:00:00,-2.09
OPE,2018-01-18 00:00:00,-2.09
OPE,2018-01-19 00:00:00,-2.09
OPE,2018-01-20 00:00:00,-2.09
OPE,2018-01-21 00:00:00,-2.09
OPE,2018-01-22 00:00:00,-2.09
HTM,2018-01-09 00:00:00,0.05
HTM,2018-01-10 00:00:00,0.05
HTM,2018-01-11 00:00:00,0.05
HTM,2018-01-12 00:00:00,0.05
HTM,2018-01-13 00:00:00,0.05
HTM,2018-01-14 00:00:00,0.05
HTM,2018-01-15 00:00:00,0.05
HTM,2018-01-16 00:00:00,0.05
HTM,2018-01-17 00:00:00,0.05
HTM,2018-01-18 00:00:00,0.05
HTM,2018-01-19 00:00:00,0.05
HTM,2018-01-20 00:00:00,0.05
HTM,2018-01-21 00:00:00,0.05
HTM,2018-01-22 00:00:00,0.05
HTM,2018-01-23 00:00:00,0.05
HTM,2018-01-24 00:00:00,0.05
HTM,2018-01-25 00:00:00,0.05
HTM,2018-01-26 00:00:00,0.05
PAL,2018-01-09 00:00:00,7.84
PAL,2018-01-10 00:00:00,7.84
PAL,2018-01-11 00:00:00,7.84
PAL,2018-01-12 00:00:00,7.84
PAL,2018-01-13 00:00:00,7.84
PAL,2018-01-14 00:00:00,7.84
PAL,2018-01-15 00:00:00,7.84
PAL,2018-01-16 00:00:00,7.84
PAL,2018-01-17 00:00:00,7.84
PAL,2018-01-18 00:00:00,7.84
PAL,2018-01-19 00:00:00,7.84
PAL,2018-01-20 00:00:00,7.84
PAL,2018-01-21 00:00:00,7.84
PAL,2018-01-22 00:00:00,7.84
PAL,2018-01-23 00:00:00,7.84
PAL,2018-01-24 00:00:00,7.84
HPB,2018-01-10 00:00:00,0.68
HPB,2018-01-11 00:00:00,0.68
HPB,2018-01-12 00:00:00,0.68
HPB,2018-01-13 00:00:00,0.68
HPB,2018-01-14 00:00:00,0.68
HPB,2018-01-15 00:00:00,0.68
HPB,2018-01-16 00:00:00,0.68
HPB,2018-01-17 00:00:00,0.68
HPB,2018-01-18 00:00:00,0.68
HPB,2018-01-19 00:00:00,0.68
HPB,2018-01-20 00:00:00,0.68
HPB,2018-01-21 00:00:00,0.68
HPB,2018-01-22 00:00:00,0.68
HPB,2018-01-23 00:00:00,0.68
HPB,2018-01-24 00:00:00,0.68
SVB,2018-01-11 00:00:00,6.28
SVB,2018-01-12 00:00:00,6.28
SVB,2018-01-13 00:00:00,6.28
SVB,2018-01-14 00:00:00,6.28
SVB,2018-01-15 00:00:00,6.28
SVB,2018-01-16 00:00:00,6.28
SVB,2018-01-17 00:00:00,6.28
SVB,2018-01-18 00:00:00,6.28
SVB,2018-01-19 00:00:00,6.28
SVB,2018-01-20 00:00:00,6.28
SVB,2018-01-21 00:00:00,6.28
SVB,2018-01-22 00:00:00,6.28
SVB,2018-01-23 00:00:00,6.28
SVB,2018-01-24 00:00:00,6.28
SVB,2018-01-25 00:00:00,6.28
JFJ,2018-01-15 00:00:00,6.52
JFJ,2018-01-16 00:00:00,6.52
JFJ,2018-01-17 00:00:00,6.52
JFJ,2018-01-18 00:00:00,6.52
JFJ,2018-01-19 00:00:00,6.52
JFJ,2018-01-20 00:00:00,6.52
JFJ,2018-01-21 00:00:00,6.52
JFJ,2018-01-22 00:00:00,6.52
JFJ,2018-01-23 00:00:00,6.52
JFJ,2018-01-24 00:00:00,6.52
JFJ,2018-01-25 00:00:00,6.52
JFJ,2018-01-26 00:00:00,6.52
JFJ,2018-01-27 00:00:00,6.52
JFJ,2018-01-28 00:00:00,6.52
JFJ,2018-01-29 00:00:00,6.52
KRE,2018-01-17 00:00:00,2.56
KRE,2018-01-18 00:00:00,2.56
KRE,2018-01-19 00:00:00,2.56
KRE,2018-01-20 00:00:00,2.56
KRE,2018-01-21 00:00:00,2.56
KRE,2018-01-22 00:00:00,2.56
KRE,2018-01-23 00:00:00,2.56
KRE,2018-01-24 00:00:00,2.56
KRE,2018-01-25 00:00:00,2.56
KRE,2018-01-26 00:00:00,2.56
KRE,2018-01-27 00:00:00,2.56
KRE,2018-01-28 00:00:00,2.56
KRE,2018-01-29 00:00:00,2.56
KRE,2018-01-30 00:00:00,2.56
KRE,2018-01-31 00:00:00,2.56
CBW,2018-01-18 00:00:00,-8.06
CBW,2018-01-19 00:00:00,-8.06
CBW,2018-01-20 00:00:00,-8.06
CBW,2018-01-21 00:00:00,-8.06
CBW,2018-01-22 00:00:00,-8.06
CBW,2018-01-23 00:00:00,-8.06
CBW,2018-01-24 00:00:00,-8.06
CBW,2018-01-25 00:00:00,-8.06
CBW,2018-01-26 00:00:00,-8.06
CBW,2018-01-27 00:00:00,-8.06
CBW,2018-01-28 00:00:00,-8.06
CBW,2018-01-29 00:00:00,-8.06
CBW,2018-01-30 00:00:00,-8.06
CBW,2018-01-31 00:00:00,-8.06
CBW,2018-02-01 00:00:00,-8.06
CBW,2018-02-02 00:00:00,-8.06
CBW,2018-02-03 00:00:00,-8.06
CBW,2018-02-04 00:00:00,-8.06
CBW,2018-02-05 00:00:00,-8.06
CBW,2018-02-06 00:00:00,-8.06
CBW,2018-02-07 00:00:00,-8.06
CBW,2018-02-08 00:00:00,-8.06
CBW,2018-02-09 00:00:00,-8.06
CBW,2018-02-10 00:00:00,-8.06
CBW,2018-02-11 00:00:00,-8.06
CBW,2018-02-12 00:00:00,-8.06
CBW,2018-02-13 00:00:00,-8.06
CBW,2018-02-14 00:00:00,-8.06
OPE,2018-01-22 00:00:00,6.25
OPE,2018-01-23 00:00:00,6.25
OPE,2018-01-24 00:00:00,6.25
OPE,2018-01-25 00:00:00,6.25
OPE,2018-01-26 00:00:00,6.25
OPE,2018-01-27 00:00:00,6.25
OPE,2018-01-28 00:00:00,6.25
OPE,2018-01-29 00:00:00,6.25
OPE,2018-01-30 00:00:00,6.25
OPE,2018-01-31 00:00:00,6.25
OPE,2018-02-01 00:00:00,6.25
OPE,2018-02-02 00:00:00,6.25
OPE,2018-02-03 00:00:00,6.25
OPE,2018-02-04 00:00:00,6.25
OPE,2018-02-05 00:00:00,6.25
HPB,2018-01-24 00:00:00,0.89
HPB,2018-01-25 00:00:00,0.89
HPB,2018-01-26 00:00:00,0.89
HPB,2018-01-27 00:00:00,0.89
HPB,2018-01-28 00:00:00,0.89
HPB,2018-01-29 00:00:00,0.89
HPB,2018-01-30 00:00:00,0.89
HPB,2018-01-31 00:00:00,0.89
HPB,2018-02-01 00:00:00,0.89
HPB,2018-02-02 00:00:00,0.89
HPB,2018-02-03 00:00:00,0.89
HPB,2018-02-04 00:00:00,0.89
HPB,2018-02-05 00:00:00,0.89
HPB,2018-02-06 00:00:00,0.89
HPB,2018-02-07 00:00:00,0.89
TRN,2018-01-24 00:00:00,-5.27
TRN,2018-01-25 00:00:00,-5.27
TRN,2018-01-26 00:00:00,-5.27
TRN,2018-01-27 00:00:00,-5.27
TRN,2018-01-28 00:00:00,-5.27
TRN,2018-01-29 00:00:00,-5.27
TRN,2018-01-30 00:00:00,-5.27
TRN,2018-01-31 00:00:00,-5.27
TRN,2018-02-01 00:00:00,-5.27
TRN,2018-02-02 00:00:00,-5.27
TRN,2018-02-03 00:00:00,-5.27
TRN,2018-02-04 00:00:00,-5.27
TRN,2018-02-05 00:00:00,-5.27
TRN,2018-02-06 00:00:00,-5.27
TRN,2018-02-07 00:00:00,-5.27
TRN,2018-02-08 00:00:00,-5.27
SVB,2018-01-25 00:00:00,2.28
SVB,2018-01-26 00:00:00,2.28
SVB,2018-01-27 00:00:00,2.28
SVB,2018-01-28 00:00:00,2.28
SVB,2018-01-29 00:00:00,2.28
SVB,2018-01-30 00:00:00,2.28
SVB,2018-01-31 00:00:00,2.28
SVB,2018-02-01 00:00:00,2.28
SVB,2018-02-02 00:00:00,2.28
SVB,2018-02-03 00:00:00,2.28
SVB,2018-02-04 00:00:00,2.28
SVB,2018-02-05 00:00:00,2.28
SVB,2018-02-06 00:00:00,2.28
SVB,2018-02-07 00:00:00,2.28
SVB,2018-02-08 00:00:00,2.28
HTM,2018-01-26 00:00:00,0.58
HTM,2018-01-27 00:00:00,0.58
HTM,2018-01-28 00:00:00,0.58
HTM,2018-01-29 00:00:00,0.58
HTM,2018-01-30 00:00:00,0.58
HTM,2018-01-31 00:00:00,0.58
HTM,2018-02-01 00:00:00,0.58
HTM,2018-02-02 00:00:00,0.58
HTM,2018-02-03 00:00:00,0.58
HTM,2018-02-04 00:00:00,0.58
HTM,2018-02-05 00:00:00,0.58
HTM,2018-02-06 00:00:00,0.58
HTM,2018-02-07 00:00:00,0.58
HTM,2018-02-08 00:00:00,0.58
HTM,2018-02-09 00:00:00,0.58
HTM,2018-02-10 00:00:00,0.58
HTM,2018-02-11 00:00:00,0.58
HTM,2018-02-12 00:00:00,0.58
JFJ,2018-01-29 00:00:00,6.33
JFJ,2018-01-30 00:00:00,6.33
JFJ,2018-01-31 00:00:00,6.33
JFJ,2018-02-01 00:00:00,6.33
JFJ,2018-02-02 00:00:00,6.33
JFJ,2018-02-03 00:00:00,6.33
JFJ,2018-02-04 00:00:00,6.33
JFJ,2018-02-05 00:00:00,6.33
JFJ,2018-02-06 00:00:00,6.33
JFJ,2018-02-07 00:00:00,6.33
JFJ,2018-02-08 00:00:00,6.33
JFJ,2018-02-09 00:00:00,6.33
JFJ,2018-02-10 00:00:00,6.33
JFJ,2018-02-11 00:00:00,6.33
JFJ,2018-02-12 00:00:00,6.33
KRE,2018-01-31 00:00:00,-4.45
KRE,2018-02-01 00:00:00,-4.45
KRE,2018-02-02 00:00:00,-4.45
KRE,2018-02-03 00:00:00,-4.45
KRE,2018-02-04 00:00:00,-4.45
KRE,2018-02-05 00:00:00,-4.45
KRE,2018-02-06 00:00:00,-4.45
KRE,2018-02-07 00:00:00,-4.45
KRE,2018-02-08 00:00:00,-4.45
KRE,2018-02-09 00:00:00,-4.45
KRE,2018-02-10 00:00:00,-4.45
KRE,2018-02-11 00:00:00,-4.45
KRE,2018-02-12 00:00:00,-4.45
KRE,2018-02-13 00:00:00,-4.45
KRE,2018-02-14 00:00:00,-4.45
OPE,2018-02-05 00:00:00,-2.84
OPE,2018-02-06 00:00:00,-2.84
OPE,2018-02-07 00:00:00,-2.84
OPE,2018-02-08 00:00:00,-2.84
OPE,2018-02-09 00:00:00,-2.84
OPE,2018-02-10 00:00:00,-2.84
OPE,2018-02-11 00:00:00,-2.84
OPE,2018-02-12 00:00:00,-2.84
OPE,2018-02-13 00:00:00,-2.84
OPE,2018-02-14 00:00:00,-2.84
OPE,2018-02-15 00:00:00,-2.84
OPE,2018-02-16 00:00:00,-2.84
OPE,2018-02-17 00:00:00,-2.84
OPE,2018-02-18 00:00:00,-2.84
OPE,2018-02-19 00:00:00,-2.84
HPB,2018-02-07 00:00:00,-5.7
HPB,2018-02-08 00:00:00,-5.7
HPB,2018-02-09 00:00:00,-5.7
HPB,2018-02-10 00:00:00,-5.7
HPB,2018-02-11 00:00:00,-5.7
HPB,2018-02-12 00:00:00,-5.7
HPB,2018-02-13 00:00:00,-5.7
HPB,2018-02-14 00:00:00,-5.7
HPB,2018-02-15 00:00:00,-5.7
HPB,2018-02-16 00:00:00,-5.7
HPB,2018-02-17 00:00:00,-5.7
HPB,2018-02-18 00:00:00,-5.7
HPB,2018-02-19 00:00:00,-5.7
HPB,2018-02-20 00:00:00,-5.7
HPB,2018-02-21 00:00:00,-5.7
PAL,2018-02-07 00:00:00,7.15
PAL,2018-02-08 00:00:00,7.15
PAL,2018-02-09 00:00:00,7.15
PAL,2018-02-10 00:00:00,7.15
PAL,2018-02-11 00:00:00,7.15
PAL,2018-02-12 00:00:00,7.15
PAL,2018-02-13 00:00:00,7.15
PAL,2018-02-14 00:00:00,7.15
PAL,2018-02-15 00:00:00,7.15
PAL,2018-02-16 00:00:00,7.15
PAL,2018-02-17 00:00:00,7.15
PAL,2018-02-18 00:00:00,7.15
PAL,2018-02-19 00:00:00,7.15
PAL,2018-02-20 00:00:00,7.15
PAL,2018-02-21 00:00:00,7.15
PAL,2018-02-22 00:00:00,7.15
PAL,2018-02-23 00:00:00,7.15
PAL,2018-02-24 00:00:00,7.15
PAL,2018-02-25 00:00:00,7.15
PAL,2018-02-26 00:00:00,7.15
PAL,2018-02-27 00:00:00,7.15
SVB,2018-02-08 00:00:00,5.17
SVB,2018-02-09 00:00:00,5.17
SVB,2018-02-10 00:00:00,5.17
SVB,2018-02-11 00:00:00,5.17
SVB,2018-02-12 00:00:00,5.17
SVB,2018-02-13 00:00:00,5.17
SVB,2018-02-14 00:00:00,5.17
SVB,2018-02-15 00:00:00,5.17
SVB,2018-02-16 00:00:00,5.17
SVB,2018-02-17 00:00:00,5.17
SVB,2018-02-18 00:00:00,5.17
SVB,2018-02-19 00:00:00,5.17
SVB,2018-02-20 00:00:00,5.17
SVB,2018-02-21 00:00:00,5.17
SVB,2018-02-22 00:00:00,5.17
TRN,2018-02-08 00:00:00,-2.42
TRN,2018-02-09 00:00:00,-2.42
TRN,2018-02-10 00:00:00,-2.42
TRN,2018-02-11 00:00:00,-2.42
TRN,2018-02-12 00:00:00,-2.42
TRN,2018-02-13 00:00:00,-2.42
TRN,2018-02-14 00:00:00,-2.42
TRN,2018-02-15 00:00:00,-2.42
TRN,2018-02-16 00:00:00,-2.42
TRN,2018-02-17 00:00:00,-2.42
TRN,2018-02-18 00:00:00,-2.42
TRN,2018-02-19 00:00:00,-2.42
TRN,2018-02-20 00:00:00,-2.42
TRN,2018-02-21 00:00:00,-2.42
HTM,2018-02-12 00:00:00,-1.94
HTM,2018-02-13 00:00:00,-1.94
HTM,2018-02-14 00:00:00,-1.94
HTM,2018-02-15 00:00:00,-1.94
HTM,2018-02-16 00:00:00,-1.94
HTM,2018-02-17 00:00:00,-1.94
HTM,2018-02-18 00:00:00,-1.94
HTM,2018-02-19 00:00:00,-1.94
HTM,2018-02-20 00:00:00,-1.94
HTM,2018-02-21 00:00:00,-1.94
HTM,2018-02-22 00:00:00,-1.94
HTM,2018-02-23 00:00:00,-1.94
HTM,2018-02-24 00:00:00,-1.94
HTM,2018-02-25 00:00:00,-1.94
HTM,2018-02-26 00:00:00,-1.94
HTM,2018-02-27 00:00:00,-1.94
JFJ,2018-02-12 00:00:00,8.98
JFJ,2018-02-13 00:00:00,8.98
JFJ,2018-02-14 00:00:00,8.98
JFJ,2018-02-15 00:00:00,8.98
JFJ,2018-02-16 00:00:00,8.98
JFJ,2018-02-17 00:00:00,8.98
JFJ,2018-02-18 00:00:00,8.98
JFJ,2018-02-19 00:00:00,8.98
JFJ,2018-02-20 00:00:00,8.98
JFJ,2018-02-21 00:00:00,8.98
JFJ,2018-02-22 00:00:00,8.98
JFJ,2018-02-23 00:00:00,8.98
JFJ,2018-02-24 00:00:00,8.98
JFJ,2018-02-25 00:00:00,8.98
JFJ,2018-02-26 00:00:00,8.98
NOR,2018-02-13 00:00:00,2.39
NOR,2018-02-14 00:00:00,2.39
NOR,2018-02-15 00:00:00,2.39
NOR,2018-02-16 00:00:00,2.39
NOR,2018-02-17 00:00:00,2.39
NOR,2018-02-18 00:00:00,2.39
NOR,2018-02-19 00:00:00,2.39
NOR,2018-02-20 00:00:00,2.39
NOR,2018-02-21 00:00:00,2.39
NOR,2018-02-22 00:00:00,2.39
NOR,2018-02-23 00:00:00,2.39
NOR,2018-02-24 00:00:00,2.39
NOR,2018-02-25 00:00:00,2.39
NOR,2018-02-26 00:00:00,2.39
NOR,2018-02-27 00:00:00,2.39
CBW,2018-02-14 00:00:00,-16.64
CBW,2018-02-15 00:00:00,-16.64
CBW,2018-02-16 00:00:00,-16.64
CBW,2018-02-17 00:00:00,-16.64
CBW,2018-02-18 00:00:00,-16.64
CBW,2018-02-19 00:00:00,-16.64
CBW,2018-02-20 00:00:00,-16.64
CBW,2018-02-21 00:00:00,-16.64
CBW,2018-02-22 00:00:00,-16.64
CBW,2018-02-23 00:00:00,-16.64
CBW,2018-02-24 00:00:00,-16.64
CBW,2018-02-25 00:00:00,-16.64
CBW,2018-02-26 00:00:00,-16.64
CBW,2018-02-27 00:00:00,-16.64
CBW,2018-02-28 00:00:00,-16.64
CBW,2018-03-01 00:00:00,-16.64
CBW,2018-03-02 00:00:00,-16.64
CBW,2018-03-03 00:00:00,-16.64
CBW,2018-03-04 00:00:00,-16.64
CBW,2018-03-05 00:00:00,-16.64
CBW,2018-03-06 00:00:00,-16.64
CBW,2018-03-07 00:00:00,-16.64
CBW,2018-03-08 00:00:00,-16.64
CBW,2018-03-09 00:00:00,-16.64
CBW,2018-03-10 00:00:00,-16.64
CBW,2018-03-11 00:00:00,-16.64
CBW,2018-03-12 00:00:00,-16.64
CBW,2018-03-13 00:00:00,-16.64
CBW,2018-03-14 00:00:00,-16.64
CBW,2018-03-15 00:00:00,-16.64
KRE,2018-02-14 00:00:00,-5.75
KRE,2018-02-15 00:00:00,-5.75
KRE,2018-02-16 00:00:00,-5.75
KRE,2018-02-17 00:00:00,-5.75
KRE,2018-02-18 00:00:00,-5.75
KRE,2018-02-19 00:00:00,-5.75
KRE,2018-02-20 00:00:00,-5.75
KRE,2018-02-21 00:00:00,-5.75
KRE,2018-02-22 00:00:00,-5.75
KRE,2018-02-23 00:00:00,-5.75
KRE,2018-02-24 00:00:00,-5.75
KRE,2018-02-25 00:00:00,-5.75
KRE,2018-02-26 00:00:00,-5.75
KRE,2018-02-27 00:00:00,-5.75
KRE,2018-02-28 00:00:00,-5.75
OPE,2018-02-19 00:00:00,-15.14
OPE,2018-02-20 00:00:00,-15.14
OPE,2018-02-21 00:00:00,-15.14
OPE,2018-02-22 00:00:00,-15.14
OPE,2018-02-23 00:00:00,-15.14
OPE,2018-02-24 00:00:00,-15.14
OPE,2018-02-25 00:00:00,-15.14
OPE,2018-02-26 00:00:00,-15.14
OPE,2018-02-27 00:00:00,-15.14
OPE,2018-02-28 00:00:00,-15.14
OPE,2018-03-01 00:00:00,-15.14
OPE,2018-03-02 00:00:00,-15.14
OPE,2018-03-03 00:00:00,-15.14
OPE,2018-03-04 00:00:00,-15.14
OPE,2018-03-05 00:00:00,-15.14
HPB,2018-02-21 00:00:00,-5.2
HPB,2018-02-22 00:00:00,-5.2
HPB,2018-02-23 00:00:00,-5.2
HPB,2018-02-24 00:00:00,-5.2
HPB,2018-02-25 00:00:00,-5.2
HPB,2018-02-26 00:00:00,-5.2
HPB,2018-02-27 00:00:00,-5.2
HPB,2018-02-28 00:00:00,-5.2
HPB,2018-03-01 00:00:00,-5.2
HPB,2018-03-02 00:00:00,-5.2
HPB,2018-03-03 00:00:00,-5.2
HPB,2018-03-04 00:00:00,-5.2
HPB,2018-03-05 00:00:00,-5.2
HPB,2018-03-06 00:00:00,-5.2
HPB,2018-03-07 00:00:00,-5.2
TRN,2018-02-21 00:00:00,-4.46
TRN,2018-02-22 00:00:00,-4.46
TRN,2018-02-23 00:00:00,-4.46
TRN,2018-02-24 00:00:00,-4.46
TRN,2018-02-25 00:00:00,-4.46
TRN,2018-02-26 00:00:00,-4.46
TRN,2018-02-27 00:00:00,-4.46
TRN,2018-02-28 00:00:00,-4.46
TRN,2018-03-01 00:00:00,-4.46
TRN,2018-03-02 00:00:00,-4.46
TRN,2018-03-03 00:00:00,-4.46
TRN,2018-03-04 00:00:00,-4.46
TRN,2018-03-05 00:00:00,-4.46
TRN,2018-03-06 00:00:00,-4.46
TRN,2018-03-07 00:00:00,-4.46
TRN,2018-03-08 00:00:00,-4.46
TRN,2018-03-09 00:00:00,-4.46
SVB,2018-02-22 00:00:00,3.53
SVB,2018-02-23 00:00:00,3.53
SVB,2018-02-24 00:00:00,3.53
SVB,2018-02-25 00:00:00,3.53
SVB,2018-02-26 00:00:00,3.53
SVB,2018-02-27 00:00:00,3.53
SVB,2018-02-28 00:00:00,3.53
SVB,2018-03-01 00:00:00,3.53
SVB,2018-03-02 00:00:00,3.53
SVB,2018-03-03 00:00:00,3.53
SVB,2018-03-04 00:00:00,3.53
SVB,2018-03-05 00:00:00,3.53
SVB,2018-03-06 00:00:00,3.53
SVB,2018-03-07 00:00:00,3.53
SVB,2018-03-08 00:00:00,3.53
JFJ,2018-02-26 00:00:00,4.97
JFJ,2018-02-27 00:00:00,4.97
JFJ,2018-02-28 00:00:00,4.97
JFJ,2018-03-01 00:00:00,4.97
JFJ,2018-03-02 00:00:00,4.97
JFJ,2018-03-03 00:00:00,4.97
JFJ,2018-03-04 00:00:00,4.97
JFJ,2018-03-05 00:00:00,4.97
JFJ,2018-03-06 00:00:00,4.97
JFJ,2018-03-07 00:00:00,4.97
JFJ,2018-03-08 00:00:00,4.97
JFJ,2018-03-09 00:00:00,4.97
JFJ,2018-03-10 00:00:00,4.97
JFJ,2018-03-11 00:00:00,4.97
JFJ,2018-03-12 00:00:00,4.97
HTM,2018-02-27 00:00:00,0.7
HTM,2018-02-28 00:00:00,0.7
HTM,2018-03-01 00:00:00,0.7
HTM,2018-03-02 00:00:00,0.7
HTM,2018-03-03 00:00:00,0.7
HTM,2018-03-04 00:00:00,0.7
HTM,2018-03-05 00:00:00,0.7
HTM,2018-03-06 00:00:00,0.7
HTM,2018-03-07 00:00:00,0.7
HTM,2018-03-08 00:00:00,0.7
HTM,2018-03-09 00:00:00,0.7
HTM,2018-03-10 00:00:00,0.7
HTM,2018-03-11 00:00:00,0.7
HTM,2018-03-12 00:00:00,0.7
HTM,2018-03-13 00:00:00,0.7
HTM,2018-03-14 00:00:00,0.7
HTM,2018-03-15 00:00:00,0.7
NOR,2018-02-27 00:00:00,0.26
NOR,2018-02-28 00:00:00,0.26
NOR,2018-03-01 00:00:00,0.26
NOR,2018-03-02 00:00:00,0.26
NOR,2018-03-03 00:00:00,0.26
NOR,2018-03-04 00:00:00,0.26
NOR,2018-03-05 00:00:00,0.26
NOR,2018-03-06 00:00:00,0.26
NOR,2018-03-07 00:00:00,0.26
NOR,2018-03-08 00:00:00,0.26
NOR,2018-03-09 00:00:00,0.26
NOR,2018-03-10 00:00:00,0.26
NOR,2018-03-11 00:00:00,0.26
NOR,2018-03-12 00:00:00,0.26
NOR,2018-03-13 00:00:00,0.26
PAL,2018-02-27 00:00:00,1.54
PAL,2018-02-28 00:00:00,1.54
PAL,2018-03-01 00:00:00,1.54
PAL,2018-03-02 00:00:00,1.54
PAL,2018-03-03 00:00:00,1.54
PAL,2018-03-04 00:00:00,1.54
PAL,2018-03-05 00:00:00,1.54
PAL,2018-03-06 00:00:00,1.54
PAL,2018-03-07 00:00:00,1.54
PAL,2018-03-08 00:00:00,1.54
PAL,2018-03-09 00:00:00,1.54
PAL,2018-03-10 00:00:00,1.54
PAL,2018-03-11 00:00:00,1.54
PAL,2018-03-12 00:00:00,1.54
PAL,2018-03-13 00:00:00,1.54
PAL,2018-03-14 00:00:00,1.54
KRE,2018-02-28 00:00:00,-1.22
KRE,2018-03-01 00:00:00,-1.22
KRE,2018-03-02 00:00:00,-1.22
KRE,2018-03-03 00:00:00,-1.22
KRE,2018-03-04 00:00:00,-1.22
KRE,2018-03-05 00:00:00,-1.22
KRE,2018-03-06 00:00:00,-1.22
KRE,2018-03-07 00:00:00,-1.22
KRE,2018-03-08 00:00:00,-1.22
KRE,2018-03-09 00:00:00,-1.22
KRE,2018-03-10 00:00:00,-1.22
KRE,2018-03-11 00:00:00,-1.22
KRE,2018-03-12 00:00:00,-1.22
KRE,2018-03-13 00:00:00,-1.22
KRE,2018-03-14 00:00:00,-1.22
KRE,2018-03-15 00:00:00,-1.22
OPE,2018-03-05 00:00:00,2.76
OPE,2018-03-06 00:00:00,2.76
OPE,2018-03-07 00:00:00,2.76
OPE,2018-03-08 00:00:00,2.76
OPE,2018-03-09 00:00:00,2.76
OPE,2018-03-10 00:00:00,2.76
OPE,2018-03-11 00:00:00,2.76
OPE,2018-03-12 00:00:00,2.76
OPE,2018-03-13 00:00:00,2.76
OPE,2018-03-14 00:00:00,2.76
OPE,2018-03-15 00:00:00,2.76
OPE,2018-03-16 00:00:00,2.76
OPE,2018-03-17 00:00:00,2.76
OPE,2018-03-18 00:00:00,2.76
OPE,2018-03-19 00:00:00,2.76
HPB,2018-03-07 00:00:00,13.95
HPB,2018-03-08 00:00:00,13.95
HPB,2018-03-09 00:00:00,13.95
HPB,2018-03-10 00:00:00,13.95
HPB,2018-03-11 00:00:00,13.95
HPB,2018-03-12 00:00:00,13.95
HPB,2018-03-13 00:00:00,13.95
HPB,2018-03-14 00:00:00,13.95
HPB,2018-03-15 00:00:00,13.95
HPB,2018-03-16 00:00:00,13.95
HPB,2018-03-17 00:00:00,13.95
HPB,2018-03-18 00:00:00,13.95
HPB,2018-03-19 00:00:00,13.95
HPB,2018-03-20 00:00:00,13.95
HPB,2018-03-21 00:00:00,13.95
SVB,2018-03-08 00:00:00,-0.5
SVB,2018-03-09 00:00:00,-0.5
SVB,2018-03-10 00:00:00,-0.5
SVB,2018-03-11 00:00:00,-0.5
SVB,2018-03-12 00:00:00,-0.5
SVB,2018-03-13 00:00:00,-0.5
SVB,2018-03-14 00:00:00,-0.5
SVB,2018-03-15 00:00:00,-0.5
SVB,2018-03-16 00:00:00,-0.5
SVB,2018-03-17 00:00:00,-0.5
SVB,2018-03-18 00:00:00,-0.5
SVB,2018-03-19 00:00:00,-0.5
SVB,2018-03-20 00:00:00,-0.5
SVB,2018-03-21 00:00:00,-0.5
SVB,2018-03-22 00:00:00,-0.5
TRN,2018-03-09 00:00:00,1.75
TRN,2018-03-10 00:00:00,1.75
TRN,2018-03-11 00:00:00,1.75
TRN,2018-03-12 00:00:00,1.75
TRN,2018-03-13 00:00:00,1.75
TRN,2018-03-14 00:00:00,1.75
TRN,2018-03-15 00:00:00,1.75
TRN,2018-03-16 00:00:00,1.75
TRN,2018-03-17 00:00:00,1.75
TRN,2018-03-18 00:00:00,1.75
TRN,2018-03-19 00:00:00,1.75
TRN,2018-03-20 00:00:00,1.75
TRN,2018-03-21 00:00:00,1.75
TRN,2018-03-22 00:00:00,1.75
JFJ,2018-03-12 00:00:00,3.45
JFJ,2018-03-13 00:00:00,3.45
JFJ,2018-03-14 00:00:00,3.45
JFJ,2018-03-15 00:00:00,3.45
JFJ,2018-03-16 00:00:00,3.45
JFJ,2018-03-17 00:00:00,3.45
JFJ,2018-03-18 00:00:00,3.45
JFJ,2018-03-19 00:00:00,3.45
JFJ,2018-03-20 00:00:00,3.45
JFJ,2018-03-21 00:00:00,3.45
JFJ,2018-03-22 00:00:00,3.45
JFJ,2018-03-23 00:00:00,3.45
JFJ,2018-03-24 00:00:00,3.45
JFJ,2018-03-25 00:00:00,3.45
JFJ,2018-03-26 00:00:00,3.45
NOR,2018-03-13 00:00:00,2.22
NOR,2018-03-14 00:00:00,2.22
NOR,2018-03-15 00:00:00,2.22
NOR,2018-03-16 00:00:00,2.22
NOR,2018-03-17 00:00:00,2.22
NOR,2018-03-18 00:00:00,2.22
NOR,2018-03-19 00:00:00,2.22
NOR,2018-03-20 00:00:00,2.22
NOR,2018-03-21 00:00:00,2.22
NOR,2018-03-22 00:00:00,2.22
NOR,2018-03-23 00:00:00,2.22
NOR,2018-03-24 00:00:00,2.22
NOR,2018-03-25 00:00:00,2.22
NOR,2018-03-26 00:00:00,2.22
NOR,2018-03-27 00:00:00,2.22
PAL,2018-03-14 00:00:00,1.02
PAL,2018-03-15 00:00:00,1.02
PAL,2018-03-16 00:00:00,1.02
PAL,2018-03-17 00:00:00,1.02
PAL,2018-03-18 00:00:00,1.02
PAL,2018-03-19 00:00:00,1.02
PAL,2018-03-20 00:00:00,1.02
PAL,2018-03-21 00:00:00,1.02
PAL,2018-03-22 00:00:00,1.02
PAL,2018-03-23 00:00:00,1.02
PAL,2018-03-24 00:00:00,1.02
PAL,2018-03-25 00:00:00,1.02
PAL,2018-03-26 00:00:00,1.02
PAL,2018-03-27 00:00:00,1.02
PAL,2018-03-28 00:00:00,1.02
CBW,2018-03-15 00:00:00,-8.5
CBW,2018-03-16 00:00:00,-8.5
CBW,2018-03-17 00:00:00,-8.5
CBW,2018-03-18 00:00:00,-8.5
CBW,2018-03-19 00:00:00,-8.5
CBW,2018-03-20 00:00:00,-8.5
CBW,2018-03-21 00:00:00,-8.5
CBW,2018-03-22 00:00:00,-8.5
CBW,2018-03-23 00:00:00,-8.5
CBW,2018-03-24 00:00:00,-8.5
CBW,2018-03-25 00:00:00,-8.5
CBW,2018-03-26 00:00:00,-8.5
CBW,2018-03-27 00:00:00,-8.5
CBW,2018-03-28 00:00:00,-8.5
CBW,2018-03-29 00:00:00,-8.5
CBW,2018-03-30 00:00:00,-8.5
CBW,2018-03-31 00:00:00,-8.5
CBW,2018-04-01 00:00:00,-8.5
CBW,2018-04-02 00:00:00,-8.5
CBW,2018-04-03 00:00:00,-8.5
CBW,2018-04-04 00:00:00,-8.5
CBW,2018-04-05 00:00:00,-8.5
CBW,2018-04-06 00:00:00,-8.5
CBW,2018-04-07 00:00:00,-8.5
CBW,2018-04-08 00:00:00,-8.5
CBW,2018-04-09 00:00:00,-8.5
CBW,2018-04-10 00:00:00,-8.5
CBW,2018-04-11 00:00:00,-8.5
CBW,2018-04-12 00:00:00,-8.5
CBW,2018-04-13 00:00:00,-8.5
CBW,2018-04-14 00:00:00,-8.5
CBW,2018-04-15 00:00:00,-8.5
CBW,2018-04-16 00:00:00,-8.5
CBW,2018-04-17 00:00:00,-8.5
CBW,2018-04-18 00:00:00,-8.5
HTM,2018-03-15 00:00:00,1.97
HTM,2018-03-16 00:00:00,1.97
HTM,2018-03-17 00:00:00,1.97
HTM,2018-03-18 00:00:00,1.97
HTM,2018-03-19 00:00:00,1.97
HTM,2018-03-20 00:00:00,1.97
HTM,2018-03-21 00:00:00,1.97
HTM,2018-03-22 00:00:00,1.97
HTM,2018-03-23 00:00:00,1.97
HTM,2018-03-24 00:00:00,1.97
HTM,2018-03-25 00:00:00,1.97
HTM,2018-03-26 00:00:00,1.97
HTM,2018-03-27 00:00:00,1.97
KRE,2018-03-15 00:00:00,-4.05
KRE,2018-03-16 00:00:00,-4.05
KRE,2018-03-17 00:00:00,-4.05
KRE,2018-03-18 00:00:00,-4.05
KRE,2018-03-19 00:00:00,-4.05
KRE,2018-03-20 00:00:00,-4.05
KRE,2018-03-21 00:00:00,-4.05
KRE,2018-03-22 00:00:00,-4.05
KRE,2018-03-23 00:00:00,-4.05
KRE,2018-03-24 00:00:00,-4.05
KRE,2018-03-25 00:00:00,-4.05
KRE,2018-03-26 00:00:00,-4.05
KRE,2018-03-27 00:00:00,-4.05
KRE,2018-03-28 00:00:00,-4.05
LIN,2018-03-15 00:00:00,-6.92
LIN,2018-03-16 00:00:00,-6.92
LIN,2018-03-17 00:00:00,-6.92
LIN,2018-03-18 00:00:00,-6.92
LIN,2018-03-19 00:00:00,-6.92
LIN,2018-03-20 00:00:00,-6.92
LIN,2018-03-21 00:00:00,-6.92
LIN,2018-03-22 00:00:00,-6.92
LIN,2018-03-23 00:00:00,-6.92
LIN,2018-03-24 00:00:00,-6.92
LIN,2018-03-25 00:00:00,-6.92
LIN,2018-03-26 00:00:00,-6.92
LIN,2018-03-27 00:00:00,-6.92
LIN,2018-03-28 00:00:00,-6.92
OPE,2018-03-19 00:00:00,-1.55
OPE,2018-03-20 00:00:00,-1.55
OPE,2018-03-21 00:00:00,-1.55
OPE,2018-03-22 00:00:00,-1.55
OPE,2018-03-23 00:00:00,-1.55
OPE,2018-03-24 00:00:00,-1.55
OPE,2018-03-25 00:00:00,-1.55
OPE,2018-03-26 00:00:00,-1.55
OPE,2018-03-27 00:00:00,-1.55
OPE,2018-03-28 00:00:00,-1.55
OPE,2018-03-29 00:00:00,-1.55
OPE,2018-03-30 00:00:00,-1.55
OPE,2018-03-31 00:00:00,-1.55
OPE,2018-04-01 00:00:00,-1.55
OPE,2018-04-02 00:00:00,-1.55
OPE,2018-04-03 00:00:00,-1.55
HPB,2018-03-21 00:00:00,-0.68
HPB,2018-03-22 00:00:00,-0.68
HPB,2018-03-23 00:00:00,-0.68
HPB,2018-03-24 00:00:00,-0.68
HPB,2018-03-25 00:00:00,-0.68
HPB,2018-03-26 00:00:00,-0.68
HPB,2018-03-27 00:00:00,-0.68
HPB,2018-03-28 00:00:00,-0.68
HPB,2018-03-29 00:00:00,-0.68
HPB,2018-03-30 00:00:00,-0.68
HPB,2018-03-31 00:00:00,-0.68
HPB,2018-04-01 00:00:00,-0.68
HPB,2018-04-02 00:00:00,-0.68
HPB,2018-04-03 00:00:00,-0.68
HPB,2018-04-04 00:00:00,-0.68
SVB,2018-03-22 00:00:00,1.54
SVB,2018-03-23 00:00:00,1.54
SVB,2018-03-24 00:00:00,1.54
SVB,2018-03-25 00:00:00,1.54
SVB,2018-03-26 00:00:00,1.54
SVB,2018-03-27 00:00:00,1.54
SVB,2018-03-28 00:00:00,1.54
SVB,2018-03-29 00:00:00,1.54
SVB,2018-03-30 00:00:00,1.54
SVB,2018-03-31 00:00:00,1.54
SVB,2018-04-01 00:00:00,1.54
SVB,2018-04-02 00:00:00,1.54
SVB,2018-04-03 00:00:00,1.54
SVB,2018-04-04 00:00:00,1.54
SVB,2018-04-05 00:00:00,1.54
JFJ,2018-03-26 00:00:00,4.37
JFJ,2018-03-27 00:00:00,4.37
JFJ,2018-03-28 00:00:00,4.37
JFJ,2018-03-29 00:00:00,4.37
JFJ,2018-03-30 00:00:00,4.37
JFJ,2018-03-31 00:00:00,4.37
JFJ,2018-04-01 00:00:00,4.37
JFJ,2018-04-02 00:00:00,4.37
JFJ,2018-04-03 00:00:00,4.37
JFJ,2018-04-04 00:00:00,4.37
JFJ,2018-04-05 00:00:00,4.37
JFJ,2018-04-06 00:00:00,4.37
JFJ,2018-04-07 00:00:00,4.37
JFJ,2018-04-08 00:00:00,4.37
JFJ,2018-04-09 00:00:00,4.37
HTM,2018-03-27 00:00:00,0.77
HTM,2018-03-28 00:00:00,0.77
HTM,2018-03-29 00:00:00,0.77
HTM,2018-03-30 00:00:00,0.77
HTM,2018-03-31 00:00:00,0.77
HTM,2018-04-01 00:00:00,0.77
HTM,2018-04-02 00:00:00,0.77
HTM,2018-04-03 00:00:00,0.77
HTM,2018-04-04 00:00:00,0.77
HTM,2018-04-05 00:00:00,0.77
HTM,2018-04-06 00:00:00,0.77
HTM,2018-04-07 00:00:00,0.77
HTM,2018-04-08 00:00:00,0.77
HTM,2018-04-09 00:00:00,0.77
HTM,2018-04-10 00:00:00,0.77
HTM,2018-04-11 00:00:00,0.77
HTM,2018-04-12 00:00:00,0.77
NOR,2018-03-27 00:00:00,2.27
NOR,2018-03-28 00:00:00,2.27
NOR,2018-03-29 00:00:00,2.27
NOR,2018-03-30 00:00:00,2.27
NOR,2018-03-31 00:00:00,2.27
NOR,2018-04-01 00:00:00,2.27
NOR,2018-04-02 00:00:00,2.27
NOR,2018-04-03 00:00:00,2.27
NOR,2018-04-04 00:00:00,2.27
NOR,2018-04-05 00:00:00,2.27
NOR,2018-04-06 00:00:00,2.27
NOR,2018-04-07 00:00:00,2.27
NOR,2018-04-08 00:00:00,2.27
NOR,2018-04-09 00:00:00,2.27
NOR,2018-04-10 00:00:00,2.27
KRE,2018-03-28 00:00:00,-1.05
KRE,2018-03-29 00:00:00,-1.05
KRE,2018-03-30 00:00:00,-1.05
KRE,2018-03-31 00:00:00,-1.05
KRE,2018-04-01 00:00:00,-1.05
KRE,2018-04-02 00:00:00,-1.05
KRE,2018-04-03 00:00:00,-1.05
KRE,2018-04-04 00:00:00,-1.05
KRE,2018-04-05 00:00:00,-1.05
KRE,2018-04-06 00:00:00,-1.05
KRE,2018-04-07 00:00:00,-1.05
KRE,2018-04-08 00:00:00,-1.05
KRE,2018-04-09 00:00:00,-1.05
KRE,2018-04-10 00:00:00,-1.05
KRE,2018-04-11 00:00:00,-1.05
LIN,2018-03-28 00:00:00,-7.12
LIN,2018-03-29 00:00:00,-7.12
LIN,2018-03-30 00:00:00,-7.12
LIN,2018-03-31 00:00:00,-7.12
LIN,2018-04-01 00:00:00,-7.12
LIN,2018-04-02 00:00:00,-7.12
LIN,2018-04-03 00:00:00,-7.12
LIN,2018-04-04 00:00:00,-7.12
LIN,2018-04-05 00:00:00,-7.12
LIN,2018-04-06 00:00:00,-7.12
LIN,2018-04-07 00:00:00,-7.12
LIN,2018-04-08 00:00:00,-7.12
LIN,2018-04-09 00:00:00,-7.12
LIN,2018-04-10 00:00:00,-7.12
LIN,2018-04-11 00:00:00,-7.12
PAL,2018-03-28 00:00:00,2.58
PAL,2018-03-29 00:00:00,2.58
PAL,2018-03-30 00:00:00,2.58
PAL,2018-03-31 00:00:00,2.58
PAL,2018-04-01 00:00:00,2.58
PAL,2018-04-02 00:00:00,2.58
PAL,2018-04-03 00:00:00,2.58
PAL,2018-04-04 00:00:00,2.58
PAL,2018-04-05 00:00:00,2.58
PAL,2018-04-06 00:00:00,2.58
PAL,2018-04-07 00:00:00,2.58
PAL,2018-04-08 00:00:00,2.58
PAL,2018-04-09 00:00:00,2.58
PAL,2018-04-10 00:00:00,2.58
PAL,2018-04-11 00:00:00,2.58
KIT,2018-03-28 09:40:00,-10.04
KIT,2018-03-29 09:40:00,-10.04
KIT,2018-03-30 09:40:00,-10.04
KIT,2018-03-31 09:40:00,-10.04
KIT,2018-04-01 09:40:00,-10.04
KIT,2018-04-02 09:40:00,-10.04
KIT,2018-04-03 09:40:00,-10.04
KIT,2018-04-04 09:40:00,-10.04
KIT,2018-04-05 09:40:00,-10.04
KIT,2018-04-06 09:40:00,-10.04
KIT,2018-04-07 09:40:00,-10.04
KIT,2018-04-08 09:40:00,-10.04
KIT,2018-04-09 09:40:00,-10.04
KIT,2018-04-10 09:40:00,-10.04
KIT,2018-04-11 09:40:00,-10.04
OPE,2018-04-03 00:00:00,0.95
OPE,2018-04-04 00:00:00,0.95
OPE,2018-04-05 00:00:00,0.95
OPE,2018-04-06 00:00:00,0.95
OPE,2018-04-07 00:00:00,0.95
OPE,2018-04-08 00:00:00,0.95
OPE,2018-04-09 00:00:00,0.95
OPE,2018-04-10 00:00:00,0.95
OPE,2018-04-11 00:00:00,0.95
OPE,2018-04-12 00:00:00,0.95
OPE,2018-04-13 00:00:00,0.95
OPE,2018-04-14 00:00:00,0.95
OPE,2018-04-15 00:00:00,0.95
OPE,2018-04-16 00:00:00,0.95
TRN,2018-04-03 00:00:00,5.99
TRN,2018-04-04 00:00:00,5.99
TRN,2018-04-05 00:00:00,5.99
TRN,2018-04-06 00:00:00,5.99
TRN,2018-04-07 00:00:00,5.99
TRN,2018-04-08 00:00:00,5.99
TRN,2018-04-09 00:00:00,5.99
TRN,2018-04-10 00:00:00,5.99
TRN,2018-04-11 00:00:00,5.99
TRN,2018-04-12 00:00:00,5.99
TRN,2018-04-13 00:00:00,5.99
TRN,2018-04-14 00:00:00,5.99
TRN,2018-04-15 00:00:00,5.99
TRN,2018-04-16 00:00:00,5.99
TRN,2018-04-17 00:00:00,5.99
TRN,2018-04-18 00:00:00,5.99
TRN,2018-04-19 00:00:00,5.99
HPB,2018-04-04 00:00:00,-1.27
HPB,2018-04-05 00:00:00,-1.27
HPB,2018-04-06 00:00:00,-1.27
HPB,2018-04-07 00:00:00,-1.27
HPB,2018-04-08 00:00:00,-1.27
HPB,2018-04-09 00:00:00,-1.27
HPB,2018-04-10 00:00:00,-1.27
HPB,2018-04-11 00:00:00,-1.27
HPB,2018-04-12 00:00:00,-1.27
HPB,2018-04-13 00:00:00,-1.27
HPB,2018-04-14 00:00:00,-1.27
HPB,2018-04-15 00:00:00,-1.27
HPB,2018-04-16 00:00:00,-1.27
HPB,2018-04-17 00:00:00,-1.27
HPB,2018-04-18 00:00:00,-1.27
SVB,2018-04-05 00:00:00,5.33
SVB,2018-04-06 00:00:00,5.33
SVB,2018-04-07 00:00:00,5.33
SVB,2018-04-08 00:00:00,5.33
SVB,2018-04-09 00:00:00,5.33
SVB,2018-04-10 00:00:00,5.33
SVB,2018-04-11 00:00:00,5.33
SVB,2018-04-12 00:00:00,5.33
SVB,2018-04-13 00:00:00,5.33
SVB,2018-04-14 00:00:00,5.33
SVB,2018-04-15 00:00:00,5.33
SVB,2018-04-16 00:00:00,5.33
SVB,2018-04-17 00:00:00,5.33
SVB,2018-04-18 00:00:00,5.33
SVB,2018-04-19 00:00:00,5.33
JFJ,2018-04-09 00:00:00,4.63
JFJ,2018-04-10 00:00:00,4.63
JFJ,2018-04-11 00:00:00,4.63
JFJ,2018-04-12 00:00:00,4.63
JFJ,2018-04-13 00:00:00,4.63
JFJ,2018-04-14 00:00:00,4.63
JFJ,2018-04-15 00:00:00,4.63
JFJ,2018-04-16 00:00:00,4.63
JFJ,2018-04-17 00:00:00,4.63
JFJ,2018-04-18 00:00:00,4.63
JFJ,2018-04-19 00:00:00,4.63
JFJ,2018-04-20 00:00:00,4.63
JFJ,2018-04-21 00:00:00,4.63
JFJ,2018-04-22 00:00:00,4.63
JFJ,2018-04-23 00:00:00,4.63
NOR,2018-04-10 00:00:00,8.42
NOR,2018-04-11 00:00:00,8.42
NOR,2018-04-12 00:00:00,8.42
NOR,2018-04-13 00:00:00,8.42
NOR,2018-04-14 00:00:00,8.42
NOR,2018-04-15 00:00:00,8.42
NOR,2018-04-16 00:00:00,8.42
NOR,2018-04-17 00:00:00,8.42
NOR,2018-04-18 00:00:00,8.42
NOR,2018-04-19 00:00:00,8.42
NOR,2018-04-20 00:00:00,8.42
NOR,2018-04-21 00:00:00,8.42
NOR,2018-04-22 00:00:00,8.42
NOR,2018-04-23 00:00:00,8.42
NOR,2018-04-24 00:00:00,8.42
KRE,2018-04-11 00:00:00,1.18
KRE,2018-04-12 00:00:00,1.18
KRE,2018-04-13 00:00:00,1.18
KRE,2018-04-14 00:00:00,1.18
KRE,2018-04-15 00:00:00,1.18
KRE,2018-04-16 00:00:00,1.18
KRE,2018-04-17 00:00:00,1.18
KRE,2018-04-18 00:00:00,1.18
KRE,2018-04-19 00:00:00,1.18
KRE,2018-04-20 00:00:00,1.18
KRE,2018-04-21 00:00:00,1.18
KRE,2018-04-22 00:00:00,1.18
KRE,2018-04-23 00:00:00,1.18
KRE,2018-04-24 00:00:00,1.18
KRE,2018-04-25 00:00:00,1.18
LIN,2018-04-11 00:00:00,-3.21
LIN,2018-04-12 00:00:00,-3.21
LIN,2018-04-13 00:00:00,-3.21
LIN,2018-04-14 00:00:00,-3.21
LIN,2018-04-15 00:00:00,-3.21
LIN,2018-04-16 00:00:00,-3.21
LIN,2018-04-17 00:00:00,-3.21
LIN,2018-04-18 00:00:00,-3.21
LIN,2018-04-19 00:00:00,-3.21
LIN,2018-04-20 00:00:00,-3.21
LIN,2018-04-21 00:00:00,-3.21
LIN,2018-04-22 00:00:00,-3.21
LIN,2018-04-23 00:00:00,-3.21
LIN,2018-04-24 00:00:00,-3.21
LIN,2018-04-25 00:00:00,-3.21
PAL,2018-04-11 00:00:00,5.38
PAL,2018-04-12 00:00:00,5.38
PAL,2018-04-13 00:00:00,5.38
PAL,2018-04-14 00:00:00,5.38
PAL,2018-04-15 00:00:00,5.38
PAL,2018-04-16 00:00:00,5.38
PAL,2018-04-17 00:00:00,5.38
PAL,2018-04-18 00:00:00,5.38
PAL,2018-04-19 00:00:00,5.38
PAL,2018-04-20 00:00:00,5.38
PAL,2018-04-21 00:00:00,5.38
PAL,2018-04-22 00:00:00,5.38
PAL,2018-04-23 00:00:00,5.38
PAL,2018-04-24 00:00:00,5.38
PAL,2018-04-25 00:00:00,5.38
KIT,2018-04-11 13:54:00,3.81
KIT,2018-04-12 13:54:00,3.81
KIT,2018-04-13 13:54:00,3.81
KIT,2018-04-14 13:54:00,3.81
KIT,2018-04-15 13:54:00,3.81
KIT,2018-04-16 13:54:00,3.81
KIT,2018-04-17 13:54:00,3.81
KIT,2018-04-18 13:54:00,3.81
KIT,2018-04-19 13:54:00,3.81
KIT,2018-04-20 13:54:00,3.81
KIT,2018-04-21 13:54:00,3.81
KIT,2018-04-22 13:54:00,3.81
KIT,2018-04-23 13:54:00,3.81
KIT,2018-04-24 13:54:00,3.81
HTM,2018-04-12 00:00:00,-3.6
HTM,2018-04-13 00:00:00,-3.6
HTM,2018-04-14 00:00:00,-3.6
HTM,2018-04-15 00:00:00,-3.6
HTM,2018-04-16 00:00:00,-3.6
HTM,2018-04-17 00:00:00,-3.6
HTM,2018-04-18 00:00:00,-3.6
HTM,2018-04-19 00:00:00,-3.6
HTM,2018-04-20 00:00:00,-3.6
HTM,2018-04-21 00:00:00,-3.6
HTM,2018-04-22 00:00:00,-3.6
HTM,2018-04-23 00:00:00,-3.6
HTM,2018-04-24 00:00:00,-3.6
HTM,2018-04-25 00:00:00,-3.6
OPE,2018-04-16 00:00:00,7.2
OPE,2018-04-17 00:00:00,7.2
OPE,2018-04-18 00:00:00,7.2
OPE,2018-04-19 00:00:00,7.2
OPE,2018-04-20 00:00:00,7.2
OPE,2018-04-21 00:00:00,7.2
OPE,2018-04-22 00:00:00,7.2
OPE,2018-04-23 00:00:00,7.2
OPE,2018-04-24 00:00:00,7.2
OPE,2018-04-25 00:00:00,7.2
OPE,2018-04-26 00:00:00,7.2
OPE,2018-04-27 00:00:00,7.2
OPE,2018-04-28 00:00:00,7.2
OPE,2018-04-29 00:00:00,7.2
OPE,2018-04-30 00:00:00,7.2
CBW,2018-04-18 00:00:00,-4.49
CBW,2018-04-19 00:00:00,-4.49
CBW,2018-04-20 00:00:00,-4.49
CBW,2018-04-21 00:00:00,-4.49
CBW,2018-04-22 00:00:00,-4.49
CBW,2018-04-23 00:00:00,-4.49
CBW,2018-04-24 00:00:00,-4.49
CBW,2018-04-25 00:00:00,-4.49
CBW,2018-04-26 00:00:00,-4.49
CBW,2018-04-27 00:00:00,-4.49
CBW,2018-04-28 00:00:00,-4.49
CBW,2018-04-29 00:00:00,-4.49
CBW,2018-04-30 00:00:00,-4.49
CBW,2018-05-01 00:00:00,-4.49
CBW,2018-05-02 00:00:00,-4.49
CBW,2018-05-03 00:00:00,-4.49
CBW,2018-05-04 00:00:00,-4.49
CBW,2018-05-05 00:00:00,-4.49
CBW,2018-05-06 00:00:00,-4.49
CBW,2018-05-07 00:00:00,-4.49
CBW,2018-05-08 00:00:00,-4.49
CBW,2018-05-09 00:00:00,-4.49
CBW,2018-05-10 00:00:00,-4.49
CBW,2018-05-11 00:00:00,-4.49
CBW,2018-05-12 00:00:00,-4.49
CBW,2018-05-13 00:00:00,-4.49
CBW,2018-05-14 00:00:00,-4.49
CBW,2018-05-15 00:00:00,-4.49
CBW,2018-05-16 00:00:00,-4.49
HPB,2018-04-18 00:00:00,0.96
HPB,2018-04-19 00:00:00,0.96
HPB,2018-04-20 00:00:00,0.96
HPB,2018-04-21 00:00:00,0.96
HPB,2018-04-22 00:00:00,0.96
HPB,2018-04-23 00:00:00,0.96
HPB,2018-04-24 00:00:00,0.96
HPB,2018-04-25 00:00:00,0.96
HPB,2018-04-26 00:00:00,0.96
HPB,2018-04-27 00:00:00,0.96
HPB,2018-04-28 00:00:00,0.96
HPB,2018-04-29 00:00:00,0.96
HPB,2018-04-30 00:00:00,0.96
HPB,2018-05-01 00:00:00,0.96
HPB,2018-05-02 00:00:00,0.96
SVB,2018-04-19 00:00:00,5.4
SVB,2018-04-20 00:00:00,5.4
SVB,2018-04-21 00:00:00,5.4
SVB,2018-04-22 00:00:00,5.4
SVB,2018-04-23 00:00:00,5.4
SVB,2018-04-24 00:00:00,5.4
SVB,2018-04-25 00:00:00,5.4
SVB,2018-04-26 00:00:00,5.4
SVB,2018-04-27 00:00:00,5.4
SVB,2018-04-28 00:00:00,5.4
SVB,2018-04-29 00:00:00,5.4
SVB,2018-04-30 00:00:00,5.4
SVB,2018-05-01 00:00:00,5.4
SVB,2018-05-02 00:00:00,5.4
SVB,2018-05-03 00:00:00,5.4
TRN,2018-04-19 00:00:00,2.61
TRN,2018-04-20 00:00:00,2.61
TRN,2018-04-21 00:00:00,2.61
TRN,2018-04-22 00:00:00,2.61
TRN,2018-04-23 00:00:00,2.61
TRN,2018-04-24 00:00:00,2.61
TRN,2018-04-25 00:00:00,2.61
TRN,2018-04-26 00:00:00,2.61
TRN,2018-04-27 00:00:00,2.61
TRN,2018-04-28 00:00:00,2.61
TRN,2018-04-29 00:00:00,2.61
TRN,2018-04-30 00:00:00,2.61
TRN,2018-05-01 00:00:00,2.61
TRN,2018-05-02 00:00:00,2.61
JFJ,2018-04-23 00:00:00,5.0
JFJ,2018-04-24 00:00:00,5.0
JFJ,2018-04-25 00:00:00,5.0
JFJ,2018-04-26 00:00:00,5.0
JFJ,2018-04-27 00:00:00,5.0
JFJ,2018-04-28 00:00:00,5.0
JFJ,2018-04-29 00:00:00,5.0
JFJ,2018-04-30 00:00:00,5.0
JFJ,2018-05-01 00:00:00,5.0
JFJ,2018-05-02 00:00:00,5.0
JFJ,2018-05-03 00:00:00,5.0
JFJ,2018-05-04 00:00:00,5.0
JFJ,2018-05-05 00:00:00,5.0
JFJ,2018-05-06 00:00:00,5.0
JFJ,2018-05-07 00:00:00,5.0
NOR,2018-04-24 00:00:00,4.38
NOR,2018-04-25 00:00:00,4.38
NOR,2018-04-26 00:00:00,4.38
NOR,2018-04-27 00:00:00,4.38
NOR,2018-04-28 00:00:00,4.38
NOR,2018-04-29 00:00:00,4.38
NOR,2018-04-30 00:00:00,4.38
NOR,2018-05-01 00:00:00,4.38
NOR,2018-05-02 00:00:00,4.38
NOR,2018-05-03 00:00:00,4.38
NOR,2018-05-04 00:00:00,4.38
NOR,2018-05-05 00:00:00,4.38
NOR,2018-05-06 00:00:00,4.38
NOR,2018-05-07 00:00:00,4.38
NOR,2018-05-08 00:00:00,4.38
HTM,2018-04-25 00:00:00,0.32
HTM,2018-04-26 00:00:00,0.32
HTM,2018-04-27 00:00:00,0.32
HTM,2018-04-28 00:00:00,0.32
HTM,2018-04-29 00:00:00,0.32
HTM,2018-04-30 00:00:00,0.32
HTM,2018-05-01 00:00:00,0.32
HTM,2018-05-02 00:00:00,0.32
HTM,2018-05-03 00:00:00,0.32
HTM,2018-05-04 00:00:00,0.32
HTM,2018-05-05 00:00:00,0.32
HTM,2018-05-06 00:00:00,0.32
HTM,2018-05-07 00:00:00,0.32
HTM,2018-05-08 00:00:00,0.32
HTM,2018-05-09 00:00:00,0.32
KIT,2018-04-25 00:00:00,3.18
KIT,2018-04-26 00:00:00,3.18
KIT,2018-04-27 00:00:00,3.18
KIT,2018-04-28 00:00:00,3.18
KIT,2018-04-29 00:00:00,3.18
KIT,2018-04-30 00:00:00,3.18
KIT,2018-05-01 00:00:00,3.18
KIT,2018-05-02 00:00:00,3.18
KRE,2018-04-25 00:00:00,-0.41
KRE,2018-04-26 00:00:00,-0.41
KRE,2018-04-27 00:00:00,-0.41
KRE,2018-04-28 00:00:00,-0.41
KRE,2018-04-29 00:00:00,-0.41
KRE,2018-04-30 00:00:00,-0.41
KRE,2018-05-01 00:00:00,-0.41
KRE,2018-05-02 00:00:00,-0.41
KRE,2018-05-03 00:00:00,-0.41
KRE,2018-05-04 00:00:00,-0.41
KRE,2018-05-05 00:00:00,-0.41
KRE,2018-05-06 00:00:00,-0.41
KRE,2018-05-07 00:00:00,-0.41
KRE,2018-05-08 00:00:00,-0.41
KRE,2018-05-09 00:00:00,-0.41
PAL,2018-04-25 00:00:00,6.92
PAL,2018-04-26 00:00:00,6.92
PAL,2018-04-27 00:00:00,6.92
PAL,2018-04-28 00:00:00,6.92
PAL,2018-04-29 00:00:00,6.92
PAL,2018-04-30 00:00:00,6.92
PAL,2018-05-01 00:00:00,6.92
PAL,2018-05-02 00:00:00,6.92
PAL,2018-05-03 00:00:00,6.92
PAL,2018-05-04 00:00:00,6.92
PAL,2018-05-05 00:00:00,6.92
PAL,2018-05-06 00:00:00,6.92
PAL,2018-05-07 00:00:00,6.92
PAL,2018-05-08 00:00:00,6.92
PAL,2018-05-09 00:00:00,6.92
OPE,2018-04-30 00:00:00,5.43
OPE,2018-05-01 00:00:00,5.43
OPE,2018-05-02 00:00:00,5.43
OPE,2018-05-03 00:00:00,5.43
OPE,2018-05-04 00:00:00,5.43
OPE,2018-05-05 00:00:00,5.43
OPE,2018-05-06 00:00:00,5.43
OPE,2018-05-07 00:00:00,5.43
OPE,2018-05-08 00:00:00,5.43
OPE,2018-05-09 00:00:00,5.43
OPE,2018-05-10 00:00:00,5.43
OPE,2018-05-11 00:00:00,5.43
OPE,2018-05-12 00:00:00,5.43
OPE,2018-05-13 00:00:00,5.43
OPE,2018-05-14 00:00:00,5.43
HPB,2018-05-02 00:00:00,-2.01
HPB,2018-05-03 00:00:00,-2.01
HPB,2018-05-04 00:00:00,-2.01
HPB,2018-05-05 00:00:00,-2.01
HPB,2018-05-06 00:00:00,-2.01
HPB,2018-05-07 00:00:00,-2.01
HPB,2018-05-08 00:00:00,-2.01
HPB,2018-05-09 00:00:00,-2.01
HPB,2018-05-10 00:00:00,-2.01
HPB,2018-05-11 00:00:00,-2.01
HPB,2018-05-12 00:00:00,-2.01
HPB,2018-05-13 00:00:00,-2.01
HPB,2018-05-14 00:00:00,-2.01
HPB,2018-05-15 00:00:00,-2.01
HPB,2018-05-16 00:00:00,-2.01
TRN,2018-05-02 00:00:00,-1.37
TRN,2018-05-03 00:00:00,-1.37
TRN,2018-05-04 00:00:00,-1.37
TRN,2018-05-05 00:00:00,-1.37
TRN,2018-05-06 00:00:00,-1.37
TRN,2018-05-07 00:00:00,-1.37
TRN,2018-05-08 00:00:00,-1.37
TRN,2018-05-09 00:00:00,-1.37
TRN,2018-05-10 00:00:00,-1.37
TRN,2018-05-11 00:00:00,-1.37
TRN,2018-05-12 00:00:00,-1.37
TRN,2018-05-13 00:00:00,-1.37
TRN,2018-05-14 00:00:00,-1.37
TRN,2018-05-15 00:00:00,-1.37
TRN,2018-05-16 00:00:00,-1.37
TRN,2018-05-17 00:00:00,-1.37
TRN,2018-05-18 00:00:00,-1.37
TRN,2018-05-19 00:00:00,-1.37
TRN,2018-05-20 00:00:00,-1.37
TRN,2018-05-21 00:00:00,-1.37
TRN,2018-05-22 00:00:00,-1.37
TRN,2018-05-23 00:00:00,-1.37
TRN,2018-05-24 00:00:00,-1.37
SVB,2018-05-03 00:00:00,7.14
SVB,2018-05-04 00:00:00,7.14
SVB,2018-05-05 00:00:00,7.14
SVB,2018-05-06 00:00:00,7.14
SVB,2018-05-07 00:00:00,7.14
SVB,2018-05-08 00:00:00,7.14
SVB,2018-05-09 00:00:00,7.14
SVB,2018-05-10 00:00:00,7.14
SVB,2018-05-11 00:00:00,7.14
SVB,2018-05-12 00:00:00,7.14
SVB,2018-05-13 00:00:00,7.14
SVB,2018-05-14 00:00:00,7.14
SVB,2018-05-15 00:00:00,7.14
SVB,2018-05-16 00:00:00,7.14
SVB,2018-05-17 00:00:00,7.14
JFJ,2018-05-07 00:00:00,9.33
JFJ,2018-05-08 00:00:00,9.33
JFJ,2018-05-09 00:00:00,9.33
JFJ,2018-05-10 00:00:00,9.33
JFJ,2018-05-11 00:00:00,9.33
JFJ,2018-05-12 00:00:00,9.33
JFJ,2018-05-13 00:00:00,9.33
JFJ,2018-05-14 00:00:00,9.33
JFJ,2018-05-15 00:00:00,9.33
JFJ,2018-05-16 00:00:00,9.33
JFJ,2018-05-17 00:00:00,9.33
JFJ,2018-05-18 00:00:00,9.33
JFJ,2018-05-19 00:00:00,9.33
JFJ,2018-05-20 00:00:00,9.33
JFJ,2018-05-21 00:00:00,9.33
NOR,2018-05-08 00:00:00,4.34
NOR,2018-05-09 00:00:00,4.34
NOR,2018-05-10 00:00:00,4.34
NOR,2018-05-11 00:00:00,4.34
NOR,2018-05-12 00:00:00,4.34
NOR,2018-05-13 00:00:00,4.34
NOR,2018-05-14 00:00:00,4.34
NOR,2018-05-15 00:00:00,4.34
NOR,2018-05-16 00:00:00,4.34
NOR,2018-05-17 00:00:00,4.34
NOR,2018-05-18 00:00:00,4.34
NOR,2018-05-19 00:00:00,4.34
NOR,2018-05-20 00:00:00,4.34
NOR,2018-05-21 00:00:00,4.34
NOR,2018-05-22 00:00:00,4.34
HTM,2018-05-09 00:00:00,4.23
HTM,2018-05-10 00:00:00,4.23
HTM,2018-05-11 00:00:00,4.23
HTM,2018-05-12 00:00:00,4.23
HTM,2018-05-13 00:00:00,4.23
HTM,2018-05-14 00:00:00,4.23
HTM,2018-05-15 00:00:00,4.23
HTM,2018-05-16 00:00:00,4.23
HTM,2018-05-17 00:00:00,4.23
HTM,2018-05-18 00:00:00,4.23
HTM,2018-05-19 00:00:00,4.23
HTM,2018-05-20 00:00:00,4.23
HTM,2018-05-21 00:00:00,4.23
HTM,2018-05-22 00:00:00,4.23
KRE,2018-05-09 00:00:00,-1.3
KRE,2018-05-10 00:00:00,-1.3
KRE,2018-05-11 00:00:00,-1.3
KRE,2018-05-12 00:00:00,-1.3
KRE,2018-05-13 00:00:00,-1.3
KRE,2018-05-14 00:00:00,-1.3
KRE,2018-05-15 00:00:00,-1.3
KRE,2018-05-16 00:00:00,-1.3
KRE,2018-05-17 00:00:00,-1.3
KRE,2018-05-18 00:00:00,-1.3
KRE,2018-05-19 00:00:00,-1.3
KRE,2018-05-20 00:00:00,-1.3
KRE,2018-05-21 00:00:00,-1.3
PAL,2018-05-09 00:00:00,1.68
PAL,2018-05-10 00:00:00,1.68
PAL,2018-05-11 00:00:00,1.68
PAL,2018-05-12 00:00:00,1.68
PAL,2018-05-13 00:00:00,1.68
PAL,2018-05-14 00:00:00,1.68
PAL,2018-05-15 00:00:00,1.68
PAL,2018-05-16 00:00:00,1.68
PAL,2018-05-17 00:00:00,1.68
PAL,2018-05-18 00:00:00,1.68
PAL,2018-05-19 00:00:00,1.68
PAL,2018-05-20 00:00:00,1.68
PAL,2018-05-21 00:00:00,1.68
PAL,2018-05-22 00:00:00,1.68
PAL,2018-05-23 00:00:00,1.68
PAL,2018-05-24 00:00:00,1.68
SAC,2018-05-11 00:00:00,-7.09
SAC,2018-05-12 00:00:00,-7.09
SAC,2018-05-13 00:00:00,-7.09
SAC,2018-05-14 00:00:00,-7.09
SAC,2018-05-15 00:00:00,-7.09
SAC,2018-05-16 00:00:00,-7.09
SAC,2018-05-17 00:00:00,-7.09
SAC,2018-05-18 00:00:00,-7.09
SAC,2018-05-19 00:00:00,-7.09
SAC,2018-05-20 00:00:00,-7.09
SAC,2018-05-21 00:00:00,-7.09
SAC,2018-05-22 00:00:00,-7.09
SAC,2018-05-23 00:00:00,-7.09
SAC,2018-05-24 00:00:00,-7.09
SAC,2018-05-25 00:00:00,-7.09
SAC,2018-05-26 00:00:00,-7.09
SAC,2018-05-27 00:00:00,-7.09
SAC,2018-05-28 00:00:00,-7.09
OPE,2018-05-14 00:00:00,-3.0
OPE,2018-05-15 00:00:00,-3.0
OPE,2018-05-16 00:00:00,-3.0
OPE,2018-05-17 00:00:00,-3.0
OPE,2018-05-18 00:00:00,-3.0
OPE,2018-05-19 00:00:00,-3.0
OPE,2018-05-20 00:00:00,-3.0
OPE,2018-05-21 00:00:00,-3.0
OPE,2018-05-22 00:00:00,-3.0
OPE,2018-05-23 00:00:00,-3.0
OPE,2018-05-24 00:00:00,-3.0
OPE,2018-05-25 00:00:00,-3.0
OPE,2018-05-26 00:00:00,-3.0
OPE,2018-05-27 00:00:00,-3.0
OPE,2018-05-28 00:00:00,-3.0
CBW,2018-05-16 00:00:00,-1.62
CBW,2018-05-17 00:00:00,-1.62
CBW,2018-05-18 00:00:00,-1.62
CBW,2018-05-19 00:00:00,-1.62
CBW,2018-05-20 00:00:00,-1.62
CBW,2018-05-21 00:00:00,-1.62
CBW,2018-05-22 00:00:00,-1.62
CBW,2018-05-23 00:00:00,-1.62
CBW,2018-05-24 00:00:00,-1.62
CBW,2018-05-25 00:00:00,-1.62
CBW,2018-05-26 00:00:00,-1.62
CBW,2018-05-27 00:00:00,-1.62
CBW,2018-05-28 00:00:00,-1.62
CBW,2018-05-29 00:00:00,-1.62
CBW,2018-05-30 00:00:00,-1.62
CBW,2018-05-31 00:00:00,-1.62
CBW,2018-06-01 00:00:00,-1.62
CBW,2018-06-02 00:00:00,-1.62
CBW,2018-06-03 00:00:00,-1.62
CBW,2018-06-04 00:00:00,-1.62
CBW,2018-06-05 00:00:00,-1.62
CBW,2018-06-06 00:00:00,-1.62
CBW,2018-06-07 00:00:00,-1.62
CBW,2018-06-08 00:00:00,-1.62
CBW,2018-06-09 00:00:00,-1.62
CBW,2018-06-10 00:00:00,-1.62
CBW,2018-06-11 00:00:00,-1.62
CBW,2018-06-12 00:00:00,-1.62
HPB,2018-05-16 00:00:00,2.46
HPB,2018-05-17 00:00:00,2.46
HPB,2018-05-18 00:00:00,2.46
HPB,2018-05-19 00:00:00,2.46
HPB,2018-05-20 00:00:00,2.46
HPB,2018-05-21 00:00:00,2.46
HPB,2018-05-22 00:00:00,2.46
HPB,2018-05-23 00:00:00,2.46
HPB,2018-05-24 00:00:00,2.46
HPB,2018-05-25 00:00:00,2.46
HPB,2018-05-26 00:00:00,2.46
HPB,2018-05-27 00:00:00,2.46
HPB,2018-05-28 00:00:00,2.46
HPB,2018-05-29 00:00:00,2.46
HPB,2018-05-30 00:00:00,2.46
SVB,2018-05-17 00:00:00,0.9
SVB,2018-05-18 00:00:00,0.9
SVB,2018-05-19 00:00:00,0.9
SVB,2018-05-20 00:00:00,0.9
SVB,2018-05-21 00:00:00,0.9
SVB,2018-05-22 00:00:00,0.9
SVB,2018-05-23 00:00:00,0.9
SVB,2018-05-24 00:00:00,0.9
SVB,2018-05-25 00:00:00,0.9
SVB,2018-05-26 00:00:00,0.9
SVB,2018-05-27 00:00:00,0.9
SVB,2018-05-28 00:00:00,0.9
SVB,2018-05-29 00:00:00,0.9
SVB,2018-05-30 00:00:00,0.9
JFJ,2018-05-21 00:00:00,3.42
JFJ,2018-05-22 00:00:00,3.42
JFJ,2018-05-23 00:00:00,3.42
JFJ,2018-05-24 00:00:00,3.42
JFJ,2018-05-25 00:00:00,3.42
JFJ,2018-05-26 00:00:00,3.42
JFJ,2018-05-27 00:00:00,3.42
JFJ,2018-05-28 00:00:00,3.42
JFJ,2018-05-29 00:00:00,3.42
JFJ,2018-05-30 00:00:00,3.42
JFJ,2018-05-31 00:00:00,3.42
JFJ,2018-06-01 00:00:00,3.42
JFJ,2018-06-02 00:00:00,3.42
JFJ,2018-06-03 00:00:00,3.42
JFJ,2018-06-04 00:00:00,3.42
KRE,2018-05-21 00:00:00,-2.64
KRE,2018-05-22 00:00:00,-2.64
KRE,2018-05-23 00:00:00,-2.64
KRE,2018-05-24 00:00:00,-2.64
KRE,2018-05-25 00:00:00,-2.64
KRE,2018-05-26 00:00:00,-2.64
KRE,2018-05-27 00:00:00,-2.64
KRE,2018-05-28 00:00:00,-2.64
KRE,2018-05-29 00:00:00,-2.64
KRE,2018-05-30 00:00:00,-2.64
KRE,2018-05-31 00:00:00,-2.64
KRE,2018-06-01 00:00:00,-2.64
KRE,2018-06-02 00:00:00,-2.64
KRE,2018-06-03 00:00:00,-2.64
KRE,2018-06-04 00:00:00,-2.64
KRE,2018-06-05 00:00:00,-2.64
KRE,2018-06-06 00:00:00,-2.64
HTM,2018-05-22 00:00:00,3.24
HTM,2018-05-23 00:00:00,3.24
HTM,2018-05-24 00:00:00,3.24
HTM,2018-05-25 00:00:00,3.24
HTM,2018-05-26 00:00:00,3.24
HTM,2018-05-27 00:00:00,3.24
HTM,2018-05-28 00:00:00,3.24
HTM,2018-05-29 00:00:00,3.24
HTM,2018-05-30 00:00:00,3.24
HTM,2018-05-31 00:00:00,3.24
HTM,2018-06-01 00:00:00,3.24
HTM,2018-06-02 00:00:00,3.24
HTM,2018-06-03 00:00:00,3.24
HTM,2018-06-04 00:00:00,3.24
HTM,2018-06-05 00:00:00,3.24
HTM,2018-06-06 00:00:00,3.24
HTM,2018-06-07 00:00:00,3.24
HTM,2018-06-08 00:00:00,3.24
HTM,2018-06-09 00:00:00,3.24
HTM,2018-06-10 00:00:00,3.24
NOR,2018-05-22 00:00:00,8.52
NOR,2018-05-23 00:00:00,8.52
NOR,2018-05-24 00:00:00,8.52
NOR,2018-05-25 00:00:00,8.52
NOR,2018-05-26 00:00:00,8.52
NOR,2018-05-27 00:00:00,8.52
NOR,2018-05-28 00:00:00,8.52
NOR,2018-05-29 00:00:00,8.52
NOR,2018-05-30 00:00:00,8.52
NOR,2018-05-31 00:00:00,8.52
NOR,2018-06-01 00:00:00,8.52
NOR,2018-06-02 00:00:00,8.52
NOR,2018-06-03 00:00:00,8.52
NOR,2018-06-04 00:00:00,8.52
NOR,2018-06-05 00:00:00,8.52
PAL,2018-05-24 00:00:00,8.25
PAL,2018-05-25 00:00:00,8.25
PAL,2018-05-26 00:00:00,8.25
PAL,2018-05-27 00:00:00,8.25
PAL,2018-05-28 00:00:00,8.25
PAL,2018-05-29 00:00:00,8.25
PAL,2018-05-30 00:00:00,8.25
PAL,2018-05-31 00:00:00,8.25
PAL,2018-06-01 00:00:00,8.25
PAL,2018-06-02 00:00:00,8.25
PAL,2018-06-03 00:00:00,8.25
PAL,2018-06-04 00:00:00,8.25
PAL,2018-06-05 00:00:00,8.25
PAL,2018-06-06 00:00:00,8.25
TRN,2018-05-24 00:00:00,5.6
TRN,2018-05-25 00:00:00,5.6
TRN,2018-05-26 00:00:00,5.6
TRN,2018-05-27 00:00:00,5.6
TRN,2018-05-28 00:00:00,5.6
TRN,2018-05-29 00:00:00,5.6
TRN,2018-05-30 00:00:00,5.6
TRN,2018-05-31 00:00:00,5.6
TRN,2018-06-01 00:00:00,5.6
TRN,2018-06-02 00:00:00,5.6
TRN,2018-06-03 00:00:00,5.6
TRN,2018-06-04 00:00:00,5.6
TRN,2018-06-05 00:00:00,5.6
TRN,2018-06-06 00:00:00,5.6
TRN,2018-06-07 00:00:00,5.6
OPE,2018-05-28 00:00:00,-0.73
OPE,2018-05-29 00:00:00,-0.73
OPE,2018-05-30 00:00:00,-0.73
OPE,2018-05-31 00:00:00,-0.73
OPE,2018-06-01 00:00:00,-0.73
OPE,2018-06-02 00:00:00,-0.73
OPE,2018-06-03 00:00:00,-0.73
OPE,2018-06-04 00:00:00,-0.73
OPE,2018-06-05 00:00:00,-0.73
OPE,2018-06-06 00:00:00,-0.73
OPE,2018-06-07 00:00:00,-0.73
OPE,2018-06-08 00:00:00,-0.73
OPE,2018-06-09 00:00:00,-0.73
OPE,2018-06-10 00:00:00,-0.73
OPE,2018-06-11 00:00:00,-0.73
SAC,2018-05-29 00:00:00,-4.67
SAC,2018-05-30 00:00:00,-4.67
SAC,2018-05-31 00:00:00,-4.67
SAC,2018-06-01 00:00:00,-4.67
SAC,2018-06-02 00:00:00,-4.67
SAC,2018-06-03 00:00:00,-4.67
SAC,2018-06-04 00:00:00,-4.67
SAC,2018-06-05 00:00:00,-4.67
SAC,2018-06-06 00:00:00,-4.67
SAC,2018-06-07 00:00:00,-4.67
SAC,2018-06-08 00:00:00,-4.67
SAC,2018-06-09 00:00:00,-4.67
SAC,2018-06-10 00:00:00,-4.67
SAC,2018-06-11 00:00:00,-4.67
SAC,2018-06-12 00:00:00,-4.67
SAC,2018-06-13 00:00:00,-4.67
HPB,2018-05-30 00:00:00,-4.82
HPB,2018-05-31 00:00:00,-4.82
HPB,2018-06-01 00:00:00,-4.82
HPB,2018-06-02 00:00:00,-4.82
HPB,2018-06-03 00:00:00,-4.82
HPB,2018-06-04 00:00:00,-4.82
HPB,2018-06-05 00:00:00,-4.82
HPB,2018-06-06 00:00:00,-4.82
HPB,2018-06-07 00:00:00,-4.82
HPB,2018-06-08 00:00:00,-4.82
HPB,2018-06-09 00:00:00,-4.82
HPB,2018-06-10 00:00:00,-4.82
HPB,2018-06-11 00:00:00,-4.82
HPB,2018-06-12 00:00:00,-4.82
HPB,2018-06-13 00:00:00,-4.82
SVB,2018-05-30 00:00:00,2.67
SVB,2018-05-31 00:00:00,2.67
SVB,2018-06-01 00:00:00,2.67
SVB,2018-06-02 00:00:00,2.67
SVB,2018-06-03 00:00:00,2.67
SVB,2018-06-04 00:00:00,2.67
SVB,2018-06-05 00:00:00,2.67
SVB,2018-06-06 00:00:00,2.67
SVB,2018-06-07 00:00:00,2.67
SVB,2018-06-08 00:00:00,2.67
SVB,2018-06-09 00:00:00,2.67
SVB,2018-06-10 00:00:00,2.67
SVB,2018-06-11 00:00:00,2.67
SVB,2018-06-12 00:00:00,2.67
SVB,2018-06-13 00:00:00,2.67
SVB,2018-06-14 00:00:00,2.67
SVB,2018-06-15 00:00:00,2.67
JFJ,2018-06-04 00:00:00,2.95
JFJ,2018-06-05 00:00:00,2.95
JFJ,2018-06-06 00:00:00,2.95
JFJ,2018-06-07 00:00:00,2.95
JFJ,2018-06-08 00:00:00,2.95
JFJ,2018-06-09 00:00:00,2.95
JFJ,2018-06-10 00:00:00,2.95
JFJ,2018-06-11 00:00:00,2.95
JFJ,2018-06-12 00:00:00,2.95
JFJ,2018-06-13 00:00:00,2.95
JFJ,2018-06-14 00:00:00,2.95
JFJ,2018-06-15 00:00:00,2.95
JFJ,2018-06-16 00:00:00,2.95
JFJ,2018-06-17 00:00:00,2.95
JFJ,2018-06-18 00:00:00,2.95
NOR,2018-06-05 00:00:00,8.17
NOR,2018-06-06 00:00:00,8.17
NOR,2018-06-07 00:00:00,8.17
NOR,2018-06-08 00:00:00,8.17
NOR,2018-06-09 00:00:00,8.17
NOR,2018-06-10 00:00:00,8.17
NOR,2018-06-11 00:00:00,8.17
NOR,2018-06-12 00:00:00,8.17
NOR,2018-06-13 00:00:00,8.17
NOR,2018-06-14 00:00:00,8.17
NOR,2018-06-15 00:00:00,8.17
NOR,2018-06-16 00:00:00,8.17
NOR,2018-06-17 00:00:00,8.17
NOR,2018-06-18 00:00:00,8.17
NOR,2018-06-19 00:00:00,8.17
KRE,2018-06-06 00:00:00,2.56
KRE,2018-06-07 00:00:00,2.56
KRE,2018-06-08 00:00:00,2.56
KRE,2018-06-09 00:00:00,2.56
KRE,2018-06-10 00:00:00,2.56
KRE,2018-06-11 00:00:00,2.56
KRE,2018-06-12 00:00:00,2.56
KRE,2018-06-13 00:00:00,2.56
KRE,2018-06-14 00:00:00,2.56
KRE,2018-06-15 00:00:00,2.56
KRE,2018-06-16 00:00:00,2.56
KRE,2018-06-17 00:00:00,2.56
KRE,2018-06-18 00:00:00,2.56
KRE,2018-06-19 00:00:00,2.56
KRE,2018-06-20 00:00:00,2.56
PAL,2018-06-06 00:00:00,12.23
PAL,2018-06-07 00:00:00,12.23
PAL,2018-06-08 00:00:00,12.23
PAL,2018-06-09 00:00:00,12.23
PAL,2018-06-10 00:00:00,12.23
PAL,2018-06-11 00:00:00,12.23
PAL,2018-06-12 00:00:00,12.23
PAL,2018-06-13 00:00:00,12.23
PAL,2018-06-14 00:00:00,12.23
PAL,2018-06-15 00:00:00,12.23
PAL,2018-06-16 00:00:00,12.23
PAL,2018-06-17 00:00:00,12.23
PAL,2018-06-18 00:00:00,12.23
PAL,2018-06-19 00:00:00,12.23
PAL,2018-06-20 00:00:00,12.23
TRN,2018-06-07 00:00:00,6.61
TRN,2018-06-08 00:00:00,6.61
TRN,2018-06-09 00:00:00,6.61
TRN,2018-06-10 00:00:00,6.61
TRN,2018-06-11 00:00:00,6.61
TRN,2018-06-12 00:00:00,6.61
TRN,2018-06-13 00:00:00,6.61
TRN,2018-06-14 00:00:00,6.61
TRN,2018-06-15 00:00:00,6.61
TRN,2018-06-16 00:00:00,6.61
TRN,2018-06-17 00:00:00,6.61
TRN,2018-06-18 00:00:00,6.61
TRN,2018-06-19 00:00:00,6.61
TRN,2018-06-20 00:00:00,6.61
TRN,2018-06-21 00:00:00,6.61
HTM,2018-06-10 00:00:00,2.81
HTM,2018-06-11 00:00:00,2.81
HTM,2018-06-12 00:00:00,2.81
HTM,2018-06-13 00:00:00,2.81
HTM,2018-06-14 00:00:00,2.81
HTM,2018-06-15 00:00:00,2.81
HTM,2018-06-16 00:00:00,2.81
HTM,2018-06-17 00:00:00,2.81
HTM,2018-06-18 00:00:00,2.81
HTM,2018-06-19 00:00:00,2.81
HTM,2018-06-20 00:00:00,2.81
HTM,2018-06-21 00:00:00,2.81
HTM,2018-06-22 00:00:00,2.81
HTM,2018-06-23 00:00:00,2.81
HTM,2018-06-24 00:00:00,2.81
HTM,2018-06-25 00:00:00,2.81
HTM,2018-06-26 00:00:00,2.81
OPE,2018-06-11 00:00:00,2.52
OPE,2018-06-12 00:00:00,2.52
OPE,2018-06-13 00:00:00,2.52
OPE,2018-06-14 00:00:00,2.52
OPE,2018-06-15 00:00:00,2.52
OPE,2018-06-16 00:00:00,2.52
OPE,2018-06-17 00:00:00,2.52
OPE,2018-06-18 00:00:00,2.52
OPE,2018-06-19 00:00:00,2.52
OPE,2018-06-20 00:00:00,2.52
OPE,2018-06-21 00:00:00,2.52
OPE,2018-06-22 00:00:00,2.52
OPE,2018-06-23 00:00:00,2.52
OPE,2018-06-24 00:00:00,2.52
OPE,2018-06-25 00:00:00,2.52
CBW,2018-06-12 00:00:00,-0.24
CBW,2018-06-13 00:00:00,-0.24
CBW,2018-06-14 00:00:00,-0.24
CBW,2018-06-15 00:00:00,-0.24
CBW,2018-06-16 00:00:00,-0.24
CBW,2018-06-17 00:00:00,-0.24
CBW,2018-06-18 00:00:00,-0.24
CBW,2018-06-19 00:00:00,-0.24
CBW,2018-06-20 00:00:00,-0.24
CBW,2018-06-21 00:00:00,-0.24
CBW,2018-06-22 00:00:00,-0.24
CBW,2018-06-23 00:00:00,-0.24
CBW,2018-06-24 00:00:00,-0.24
CBW,2018-06-25 00:00:00,-0.24
CBW,2018-06-26 00:00:00,-0.24
CBW,2018-06-27 00:00:00,-0.24
CBW,2018-06-28 00:00:00,-0.24
CBW,2018-06-29 00:00:00,-0.24
CBW,2018-06-30 00:00:00,-0.24
CBW,2018-07-01 00:00:00,-0.24
CBW,2018-07-02 00:00:00,-0.24
CBW,2018-07-03 00:00:00,-0.24
CBW,2018-07-04 00:00:00,-0.24
CBW,2018-07-05 00:00:00,-0.24
CBW,2018-07-06 00:00:00,-0.24
CBW,2018-07-07 00:00:00,-0.24
CBW,2018-07-08 00:00:00,-0.24
CBW,2018-07-09 00:00:00,-0.24
CBW,2018-07-10 00:00:00,-0.24
CBW,2018-07-11 00:00:00,-0.24
HPB,2018-06-13 00:00:00,1.16
HPB,2018-06-14 00:00:00,1.16
HPB,2018-06-15 00:00:00,1.16
HPB,2018-06-16 00:00:00,1.16
HPB,2018-06-17 00:00:00,1.16
HPB,2018-06-18 00:00:00,1.16
HPB,2018-06-19 00:00:00,1.16
HPB,2018-06-20 00:00:00,1.16
HPB,2018-06-21 00:00:00,1.16
HPB,2018-06-22 00:00:00,1.16
HPB,2018-06-23 00:00:00,1.16
HPB,2018-06-24 00:00:00,1.16
HPB,2018-06-25 00:00:00,1.16
HPB,2018-06-26 00:00:00,1.16
HPB,2018-06-27 00:00:00,1.16
KIT,2018-06-13 09:34:00,-1.61
KIT,2018-06-14 09:34:00,-1.61
KIT,2018-06-15 09:34:00,-1.61
KIT,2018-06-16 09:34:00,-1.61
KIT,2018-06-17 09:34:00,-1.61
KIT,2018-06-18 09:34:00,-1.61
KIT,2018-06-19 09:34:00,-1.61
KIT,2018-06-20 09:34:00,-1.61
KIT,2018-06-21 09:34:00,-1.61
KIT,2018-06-22 09:34:00,-1.61
KIT,2018-06-23 09:34:00,-1.61
KIT,2018-06-24 09:34:00,-1.61
KIT,2018-06-25 09:34:00,-1.61
KIT,2018-06-26 09:34:00,-1.61
KIT,2018-06-27 09:34:00,-1.61
KIT,2018-06-28 09:34:00,-1.61
KIT,2018-06-29 09:34:00,-1.61
KIT,2018-06-30 09:34:00,-1.61
KIT,2018-07-01 09:34:00,-1.61
KIT,2018-07-02 09:34:00,-1.61
KIT,2018-07-03 09:34:00,-1.61
KIT,2018-07-04 09:34:00,-1.61
SVB,2018-06-15 00:00:00,7.81
SVB,2018-06-16 00:00:00,7.81
SVB,2018-06-17 00:00:00,7.81
SVB,2018-06-18 00:00:00,7.81
SVB,2018-06-19 00:00:00,7.81
SVB,2018-06-20 00:00:00,7.81
SVB,2018-06-21 00:00:00,7.81
SVB,2018-06-22 00:00:00,7.81
SVB,2018-06-23 00:00:00,7.81
SVB,2018-06-24 00:00:00,7.81
SVB,2018-06-25 00:00:00,7.81
SVB,2018-06-26 00:00:00,7.81
SVB,2018-06-27 00:00:00,7.81
SVB,2018-06-28 00:00:00,7.81
SVB,2018-06-29 00:00:00,7.81
SVB,2018-06-30 00:00:00,7.81
SVB,2018-07-01 00:00:00,7.81
SVB,2018-07-02 00:00:00,7.81
JFJ,2018-06-18 00:00:00,3.93
JFJ,2018-06-19 00:00:00,3.93
JFJ,2018-06-20 00:00:00,3.93
JFJ,2018-06-21 00:00:00,3.93
JFJ,2018-06-22 00:00:00,3.93
JFJ,2018-06-23 00:00:00,3.93
JFJ,2018-06-24 00:00:00,3.93
JFJ,2018-06-25 00:00:00,3.93
JFJ,2018-06-26 00:00:00,3.93
JFJ,2018-06-27 00:00:00,3.93
JFJ,2018-06-28 00:00:00,3.93
JFJ,2018-06-29 00:00:00,3.93
JFJ,2018-06-30 00:00:00,3.93
JFJ,2018-07-01 00:00:00,3.93
JFJ,2018-07-02 00:00:00,3.93
NOR,2018-06-19 00:00:00,2.73
NOR,2018-06-20 00:00:00,2.73
NOR,2018-06-21 00:00:00,2.73
NOR,2018-06-22 00:00:00,2.73
NOR,2018-06-23 00:00:00,2.73
NOR,2018-06-24 00:00:00,2.73
NOR,2018-06-25 00:00:00,2.73
NOR,2018-06-26 00:00:00,2.73
NOR,2018-06-27 00:00:00,2.73
NOR,2018-06-28 00:00:00,2.73
NOR,2018-06-29 00:00:00,2.73
NOR,2018-06-30 00:00:00,2.73
NOR,2018-07-01 00:00:00,2.73
NOR,2018-07-02 00:00:00,2.73
NOR,2018-07-03 00:00:00,2.73
KRE,2018-06-20 00:00:00,2.86
KRE,2018-06-21 00:00:00,2.86
KRE,2018-06-22 00:00:00,2.86
KRE,2018-06-23 00:00:00,2.86
KRE,2018-06-24 00:00:00,2.86
KRE,2018-06-25 00:00:00,2.86
KRE,2018-06-26 00:00:00,2.86
KRE,2018-06-27 00:00:00,2.86
KRE,2018-06-28 00:00:00,2.86
KRE,2018-06-29 00:00:00,2.86
KRE,2018-06-30 00:00:00,2.86
KRE,2018-07-01 00:00:00,2.86
KRE,2018-07-02 00:00:00,2.86
KRE,2018-07-03 00:00:00,2.86
KRE,2018-07-04 00:00:00,2.86
PAL,2018-06-20 00:00:00,6.12
PAL,2018-06-21 00:00:00,6.12
PAL,2018-06-22 00:00:00,6.12
PAL,2018-06-23 00:00:00,6.12
PAL,2018-06-24 00:00:00,6.12
PAL,2018-06-25 00:00:00,6.12
PAL,2018-06-26 00:00:00,6.12
PAL,2018-06-27 00:00:00,6.12
PAL,2018-06-28 00:00:00,6.12
PAL,2018-06-29 00:00:00,6.12
PAL,2018-06-30 00:00:00,6.12
PAL,2018-07-01 00:00:00,6.12
PAL,2018-07-02 00:00:00,6.12
PAL,2018-07-03 00:00:00,6.12
PAL,2018-07-04 00:00:00,6.12
SAC,2018-06-21 00:00:00,1.04
SAC,2018-06-22 00:00:00,1.04
SAC,2018-06-23 00:00:00,1.04
SAC,2018-06-24 00:00:00,1.04
SAC,2018-06-25 00:00:00,1.04
SAC,2018-06-26 00:00:00,1.04
SAC,2018-06-27 00:00:00,1.04
SAC,2018-06-28 00:00:00,1.04
SAC,2018-06-29 00:00:00,1.04
SAC,2018-06-30 00:00:00,1.04
SAC,2018-07-01 00:00:00,1.04
SAC,2018-07-02 00:00:00,1.04
SAC,2018-07-03 00:00:00,1.04
SAC,2018-07-04 00:00:00,1.04
SAC,2018-07-05 00:00:00,1.04
SAC,2018-07-06 00:00:00,1.04
SAC,2018-07-07 00:00:00,1.04
SAC,2018-07-08 00:00:00,1.04
SAC,2018-07-09 00:00:00,1.04
TRN,2018-06-21 00:00:00,5.8
TRN,2018-06-22 00:00:00,5.8
TRN,2018-06-23 00:00:00,5.8
TRN,2018-06-24 00:00:00,5.8
TRN,2018-06-25 00:00:00,5.8
TRN,2018-06-26 00:00:00,5.8
TRN,2018-06-27 00:00:00,5.8
TRN,2018-06-28 00:00:00,5.8
TRN,2018-06-29 00:00:00,5.8
TRN,2018-06-30 00:00:00,5.8
TRN,2018-07-01 00:00:00,5.8
TRN,2018-07-02 00:00:00,5.8
TRN,2018-07-03 00:00:00,5.8
TRN,2018-07-04 00:00:00,5.8
TRN,2018-07-05 00:00:00,5.8
TRN,2018-07-06 00:00:00,5.8
TRN,2018-07-07 00:00:00,5.8
OPE,2018-06-25 00:00:00,-1.77
OPE,2018-06-26 00:00:00,-1.77
OPE,2018-06-27 00:00:00,-1.77
OPE,2018-06-28 00:00:00,-1.77
OPE,2018-06-29 00:00:00,-1.77
OPE,2018-06-30 00:00:00,-1.77
OPE,2018-07-01 00:00:00,-1.77
OPE,2018-07-02 00:00:00,-1.77
OPE,2018-07-03 00:00:00,-1.77
OPE,2018-07-04 00:00:00,-1.77
OPE,2018-07-05 00:00:00,-1.77
OPE,2018-07-06 00:00:00,-1.77
OPE,2018-07-07 00:00:00,-1.77
OPE,2018-07-08 00:00:00,-1.77
OPE,2018-07-09 00:00:00,-1.77
HTM,2018-06-26 00:00:00,3.74
HTM,2018-06-27 00:00:00,3.74
HTM,2018-06-28 00:00:00,3.74
HTM,2018-06-29 00:00:00,3.74
HTM,2018-06-30 00:00:00,3.74
HTM,2018-07-01 00:00:00,3.74
HTM,2018-07-02 00:00:00,3.74
HTM,2018-07-03 00:00:00,3.74
HTM,2018-07-04 00:00:00,3.74
HTM,2018-07-05 00:00:00,3.74
HPB,2018-06-27 00:00:00,4.28
HPB,2018-06-28 00:00:00,4.28
HPB,2018-06-29 00:00:00,4.28
HPB,2018-06-30 00:00:00,4.28
HPB,2018-07-01 00:00:00,4.28
HPB,2018-07-02 00:00:00,4.28
HPB,2018-07-03 00:00:00,4.28
HPB,2018-07-04 00:00:00,4.28
HPB,2018-07-05 00:00:00,4.28
HPB,2018-07-06 00:00:00,4.28
HPB,2018-07-07 00:00:00,4.28
HPB,2018-07-08 00:00:00,4.28
HPB,2018-07-09 00:00:00,4.28
HPB,2018-07-10 00:00:00,4.28
HPB,2018-07-11 00:00:00,4.28
JFJ,2018-07-02 00:00:00,3.49
JFJ,2018-07-03 00:00:00,3.49
JFJ,2018-07-04 00:00:00,3.49
JFJ,2018-07-05 00:00:00,3.49
JFJ,2018-07-06 00:00:00,3.49
JFJ,2018-07-07 00:00:00,3.49
JFJ,2018-07-08 00:00:00,3.49
JFJ,2018-07-09 00:00:00,3.49
JFJ,2018-07-10 00:00:00,3.49
JFJ,2018-07-11 00:00:00,3.49
JFJ,2018-07-12 00:00:00,3.49
JFJ,2018-07-13 00:00:00,3.49
JFJ,2018-07-14 00:00:00,3.49
JFJ,2018-07-15 00:00:00,3.49
JFJ,2018-07-16 00:00:00,3.49
SVB,2018-07-02 00:00:00,0.65
SVB,2018-07-03 00:00:00,0.65
SVB,2018-07-04 00:00:00,0.65
SVB,2018-07-05 00:00:00,0.65
SVB,2018-07-06 00:00:00,0.65
SVB,2018-07-07 00:00:00,0.65
SVB,2018-07-08 00:00:00,0.65
SVB,2018-07-09 00:00:00,0.65
SVB,2018-07-10 00:00:00,0.65
SVB,2018-07-11 00:00:00,0.65
SVB,2018-07-12 00:00:00,0.65
SVB,2018-07-13 00:00:00,0.65
SVB,2018-07-14 00:00:00,0.65
SVB,2018-07-15 00:00:00,0.65
SVB,2018-07-16 00:00:00,0.65
NOR,2018-07-03 00:00:00,2.88
NOR,2018-07-04 00:00:00,2.88
NOR,2018-07-05 00:00:00,2.88
NOR,2018-07-06 00:00:00,2.88
NOR,2018-07-07 00:00:00,2.88
NOR,2018-07-08 00:00:00,2.88
NOR,2018-07-09 00:00:00,2.88
NOR,2018-07-10 00:00:00,2.88
NOR,2018-07-11 00:00:00,2.88
NOR,2018-07-12 00:00:00,2.88
NOR,2018-07-13 00:00:00,2.88
NOR,2018-07-14 00:00:00,2.88
NOR,2018-07-15 00:00:00,2.88
NOR,2018-07-16 00:00:00,2.88
NOR,2018-07-17 00:00:00,2.88
KRE,2018-07-04 00:00:00,-0.5
KRE,2018-07-05 00:00:00,-0.5
KRE,2018-07-06 00:00:00,-0.5
KRE,2018-07-07 00:00:00,-0.5
KRE,2018-07-08 00:00:00,-0.5
KRE,2018-07-09 00:00:00,-0.5
KRE,2018-07-10 00:00:00,-0.5
KRE,2018-07-11 00:00:00,-0.5
KRE,2018-07-12 00:00:00,-0.5
KRE,2018-07-13 00:00:00,-0.5
KRE,2018-07-14 00:00:00,-0.5
KRE,2018-07-15 00:00:00,-0.5
KRE,2018-07-16 00:00:00,-0.5
KRE,2018-07-17 00:00:00,-0.5
KRE,2018-07-18 00:00:00,-0.5
PAL,2018-07-04 00:00:00,4.95
PAL,2018-07-05 00:00:00,4.95
PAL,2018-07-06 00:00:00,4.95
PAL,2018-07-07 00:00:00,4.95
PAL,2018-07-08 00:00:00,4.95
PAL,2018-07-09 00:00:00,4.95
PAL,2018-07-10 00:00:00,4.95
PAL,2018-07-11 00:00:00,4.95
PAL,2018-07-12 00:00:00,4.95
PAL,2018-07-13 00:00:00,4.95
PAL,2018-07-14 00:00:00,4.95
PAL,2018-07-15 00:00:00,4.95
PAL,2018-07-16 00:00:00,4.95
PAL,2018-07-17 00:00:00,4.95
PAL,2018-07-18 00:00:00,4.95
HTM,2018-07-05 00:00:00,0.36
HTM,2018-07-06 00:00:00,0.36
HTM,2018-07-07 00:00:00,0.36
HTM,2018-07-08 00:00:00,0.36
HTM,2018-07-09 00:00:00,0.36
HTM,2018-07-10 00:00:00,0.36
HTM,2018-07-11 00:00:00,0.36
HTM,2018-07-12 00:00:00,0.36
HTM,2018-07-13 00:00:00,0.36
HTM,2018-07-14 00:00:00,0.36
HTM,2018-07-15 00:00:00,0.36
HTM,2018-07-16 00:00:00,0.36
HTM,2018-07-17 00:00:00,0.36
TRN,2018-07-07 00:00:00,10.96
TRN,2018-07-08 00:00:00,10.96
TRN,2018-07-09 00:00:00,10.96
TRN,2018-07-10 00:00:00,10.96
TRN,2018-07-11 00:00:00,10.96
TRN,2018-07-12 00:00:00,10.96
TRN,2018-07-13 00:00:00,10.96
TRN,2018-07-14 00:00:00,10.96
TRN,2018-07-15 00:00:00,10.96
TRN,2018-07-16 00:00:00,10.96
TRN,2018-07-17 00:00:00,10.96
OPE,2018-07-09 00:00:00,1.13
OPE,2018-07-10 00:00:00,1.13
OPE,2018-07-11 00:00:00,1.13
OPE,2018-07-12 00:00:00,1.13
OPE,2018-07-13 00:00:00,1.13
OPE,2018-07-14 00:00:00,1.13
OPE,2018-07-15 00:00:00,1.13
OPE,2018-07-16 00:00:00,1.13
OPE,2018-07-17 00:00:00,1.13
OPE,2018-07-18 00:00:00,1.13
OPE,2018-07-19 00:00:00,1.13
OPE,2018-07-20 00:00:00,1.13
OPE,2018-07-21 00:00:00,1.13
OPE,2018-07-22 00:00:00,1.13
OPE,2018-07-23 00:00:00,1.13
SAC,2018-07-09 00:00:00,7.65
SAC,2018-07-10 00:00:00,7.65
SAC,2018-07-11 00:00:00,7.65
SAC,2018-07-12 00:00:00,7.65
SAC,2018-07-13 00:00:00,7.65
SAC,2018-07-14 00:00:00,7.65
SAC,2018-07-15 00:00:00,7.65
SAC,2018-07-16 00:00:00,7.65
SAC,2018-07-17 00:00:00,7.65
SAC,2018-07-18 00:00:00,7.65
SAC,2018-07-19 00:00:00,7.65
SAC,2018-07-20 00:00:00,7.65
SAC,2018-07-21 00:00:00,7.65
SAC,2018-07-22 00:00:00,7.65
SAC,2018-07-23 00:00:00,7.65
SAC,2018-07-24 00:00:00,7.65
SAC,2018-07-25 00:00:00,7.65
SAC,2018-07-26 00:00:00,7.65
CBW,2018-07-11 00:00:00,-2.72
CBW,2018-07-12 00:00:00,-2.72
CBW,2018-07-13 00:00:00,-2.72
CBW,2018-07-14 00:00:00,-2.72
CBW,2018-07-15 00:00:00,-2.72
CBW,2018-07-16 00:00:00,-2.72
CBW,2018-07-17 00:00:00,-2.72
CBW,2018-07-18 00:00:00,-2.72
CBW,2018-07-19 00:00:00,-2.72
CBW,2018-07-20 00:00:00,-2.72
CBW,2018-07-21 00:00:00,-2.72
CBW,2018-07-22 00:00:00,-2.72
CBW,2018-07-23 00:00:00,-2.72
CBW,2018-07-24 00:00:00,-2.72
CBW,2018-07-25 00:00:00,-2.72
CBW,2018-07-26 00:00:00,-2.72
CBW,2018-07-27 00:00:00,-2.72
CBW,2018-07-28 00:00:00,-2.72
CBW,2018-07-29 00:00:00,-2.72
CBW,2018-07-30 00:00:00,-2.72
CBW,2018-07-31 00:00:00,-2.72
CBW,2018-08-01 00:00:00,-2.72
CBW,2018-08-02 00:00:00,-2.72
CBW,2018-08-03 00:00:00,-2.72
CBW,2018-08-04 00:00:00,-2.72
CBW,2018-08-05 00:00:00,-2.72
CBW,2018-08-06 00:00:00,-2.72
CBW,2018-08-07 00:00:00,-2.72
CBW,2018-08-08 00:00:00,-2.72
HPB,2018-07-11 00:00:00,0.38
HPB,2018-07-12 00:00:00,0.38
HPB,2018-07-13 00:00:00,0.38
HPB,2018-07-14 00:00:00,0.38
HPB,2018-07-15 00:00:00,0.38
HPB,2018-07-16 00:00:00,0.38
HPB,2018-07-17 00:00:00,0.38
HPB,2018-07-18 00:00:00,0.38
HPB,2018-07-19 00:00:00,0.38
HPB,2018-07-20 00:00:00,0.38
HPB,2018-07-21 00:00:00,0.38
HPB,2018-07-22 00:00:00,0.38
HPB,2018-07-23 00:00:00,0.38
HPB,2018-07-24 00:00:00,0.38
HPB,2018-07-25 00:00:00,0.38
JFJ,2018-07-16 00:00:00,3.5
JFJ,2018-07-17 00:00:00,3.5
JFJ,2018-07-18 00:00:00,3.5
JFJ,2018-07-19 00:00:00,3.5
JFJ,2018-07-20 00:00:00,3.5
JFJ,2018-07-21 00:00:00,3.5
JFJ,2018-07-22 00:00:00,3.5
JFJ,2018-07-23 00:00:00,3.5
JFJ,2018-07-24 00:00:00,3.5
JFJ,2018-07-25 00:00:00,3.5
JFJ,2018-07-26 00:00:00,3.5
JFJ,2018-07-27 00:00:00,3.5
JFJ,2018-07-28 00:00:00,3.5
JFJ,2018-07-29 00:00:00,3.5
JFJ,2018-07-30 00:00:00,3.5
SVB,2018-07-16 00:00:00,7.33
SVB,2018-07-17 00:00:00,7.33
SVB,2018-07-18 00:00:00,7.33
SVB,2018-07-19 00:00:00,7.33
SVB,2018-07-20 00:00:00,7.33
SVB,2018-07-21 00:00:00,7.33
SVB,2018-07-22 00:00:00,7.33
SVB,2018-07-23 00:00:00,7.33
SVB,2018-07-24 00:00:00,7.33
SVB,2018-07-25 00:00:00,7.33
SVB,2018-07-26 00:00:00,7.33
SVB,2018-07-27 00:00:00,7.33
SVB,2018-07-28 00:00:00,7.33
SVB,2018-07-29 00:00:00,7.33
SVB,2018-07-30 00:00:00,7.33
HTM,2018-07-17 00:00:00,10.24
HTM,2018-07-18 00:00:00,10.24
HTM,2018-07-19 00:00:00,10.24
HTM,2018-07-20 00:00:00,10.24
HTM,2018-07-21 00:00:00,10.24
HTM,2018-07-22 00:00:00,10.24
HTM,2018-07-23 00:00:00,10.24
HTM,2018-07-24 00:00:00,10.24
HTM,2018-07-25 00:00:00,10.24
HTM,2018-07-26 00:00:00,10.24
HTM,2018-07-27 00:00:00,10.24
HTM,2018-07-28 00:00:00,10.24
HTM,2018-07-29 00:00:00,10.24
HTM,2018-07-30 00:00:00,10.24
NOR,2018-07-17 00:00:00,11.39
NOR,2018-07-18 00:00:00,11.39
NOR,2018-07-19 00:00:00,11.39
NOR,2018-07-20 00:00:00,11.39
NOR,2018-07-21 00:00:00,11.39
NOR,2018-07-22 00:00:00,11.39
NOR,2018-07-23 00:00:00,11.39
NOR,2018-07-24 00:00:00,11.39
NOR,2018-07-25 00:00:00,11.39
NOR,2018-07-26 00:00:00,11.39
NOR,2018-07-27 00:00:00,11.39
NOR,2018-07-28 00:00:00,11.39
NOR,2018-07-29 00:00:00,11.39
NOR,2018-07-30 00:00:00,11.39
NOR,2018-07-31 00:00:00,11.39
TRN,2018-07-17 00:00:00,-15.59
TRN,2018-07-18 00:00:00,-15.59
TRN,2018-07-19 00:00:00,-15.59
TRN,2018-07-20 00:00:00,-15.59
TRN,2018-07-21 00:00:00,-15.59
TRN,2018-07-22 00:00:00,-15.59
TRN,2018-07-23 00:00:00,-15.59
TRN,2018-07-24 00:00:00,-15.59
TRN,2018-07-25 00:00:00,-15.59
TRN,2018-07-26 00:00:00,-15.59
TRN,2018-07-27 00:00:00,-15.59
TRN,2018-07-28 00:00:00,-15.59
TRN,2018-07-29 00:00:00,-15.59
TRN,2018-07-30 00:00:00,-15.59
TRN,2018-07-31 00:00:00,-15.59
TRN,2018-08-01 00:00:00,-15.59
KRE,2018-07-18 00:00:00,5.24
KRE,2018-07-19 00:00:00,5.24
KRE,2018-07-20 00:00:00,5.24
KRE,2018-07-21 00:00:00,5.24
KRE,2018-07-22 00:00:00,5.24
KRE,2018-07-23 00:00:00,5.24
KRE,2018-07-24 00:00:00,5.24
KRE,2018-07-25 00:00:00,5.24
KRE,2018-07-26 00:00:00,5.24
KRE,2018-07-27 00:00:00,5.24
KRE,2018-07-28 00:00:00,5.24
KRE,2018-07-29 00:00:00,5.24
KRE,2018-07-30 00:00:00,5.24
KRE,2018-07-31 00:00:00,5.24
KRE,2018-08-01 00:00:00,5.24
PAL,2018-07-18 00:00:00,6.83
PAL,2018-07-19 00:00:00,6.83
PAL,2018-07-20 00:00:00,6.83
PAL,2018-07-21 00:00:00,6.83
PAL,2018-07-22 00:00:00,6.83
PAL,2018-07-23 00:00:00,6.83
PAL,2018-07-24 00:00:00,6.83
PAL,2018-07-25 00:00:00,6.83
PAL,2018-07-26 00:00:00,6.83
PAL,2018-07-27 00:00:00,6.83
PAL,2018-07-28 00:00:00,6.83
PAL,2018-07-29 00:00:00,6.83
PAL,2018-07-30 00:00:00,6.83
PAL,2018-07-31 00:00:00,6.83
PAL,2018-08-01 00:00:00,6.83
KIT,2018-07-23 00:00:00,5.45
KIT,2018-07-24 00:00:00,5.45
KIT,2018-07-25 00:00:00,5.45
KIT,2018-07-26 00:00:00,5.45
KIT,2018-07-27 00:00:00,5.45
KIT,2018-07-28 00:00:00,5.45
KIT,2018-07-29 00:00:00,5.45
KIT,2018-07-30 00:00:00,5.45
OPE,2018-07-23 00:00:00,-1.68
OPE,2018-07-24 00:00:00,-1.68
OPE,2018-07-25 00:00:00,-1.68
OPE,2018-07-26 00:00:00,-1.68
OPE,2018-07-27 00:00:00,-1.68
OPE,2018-07-28 00:00:00,-1.68
OPE,2018-07-29 00:00:00,-1.68
OPE,2018-07-30 00:00:00,-1.68
OPE,2018-07-31 00:00:00,-1.68
OPE,2018-08-01 00:00:00,-1.68
OPE,2018-08-02 00:00:00,-1.68
OPE,2018-08-03 00:00:00,-1.68
OPE,2018-08-04 00:00:00,-1.68
OPE,2018-08-05 00:00:00,-1.68
OPE,2018-08-06 00:00:00,-1.68
HPB,2018-07-25 00:00:00,2.37
HPB,2018-07-26 00:00:00,2.37
HPB,2018-07-27 00:00:00,2.37
HPB,2018-07-28 00:00:00,2.37
HPB,2018-07-29 00:00:00,2.37
HPB,2018-07-30 00:00:00,2.37
HPB,2018-07-31 00:00:00,2.37
HPB,2018-08-01 00:00:00,2.37
HPB,2018-08-02 00:00:00,2.37
HPB,2018-08-03 00:00:00,2.37
HPB,2018-08-04 00:00:00,2.37
HPB,2018-08-05 00:00:00,2.37
HPB,2018-08-06 00:00:00,2.37
HPB,2018-08-07 00:00:00,2.37
HPB,2018-08-08 00:00:00,2.37
SAC,2018-07-26 00:00:00,2.8
SAC,2018-07-27 00:00:00,2.8
SAC,2018-07-28 00:00:00,2.8
SAC,2018-07-29 00:00:00,2.8
SAC,2018-07-30 00:00:00,2.8
SAC,2018-07-31 00:00:00,2.8
SAC,2018-08-01 00:00:00,2.8
SAC,2018-08-02 00:00:00,2.8
SAC,2018-08-03 00:00:00,2.8
SAC,2018-08-04 00:00:00,2.8
SAC,2018-08-05 00:00:00,2.8
SAC,2018-08-06 00:00:00,2.8
SAC,2018-08-07 00:00:00,2.8
SAC,2018-08-08 00:00:00,2.8
SAC,2018-08-09 00:00:00,2.8
SAC,2018-08-10 00:00:00,2.8
HTM,2018-07-30 00:00:00,3.85
HTM,2018-07-31 00:00:00,3.85
HTM,2018-08-01 00:00:00,3.85
HTM,2018-08-02 00:00:00,3.85
HTM,2018-08-03 00:00:00,3.85
JFJ,2018-07-30 00:00:00,5.19
JFJ,2018-07-31 00:00:00,5.19
JFJ,2018-08-01 00:00:00,5.19
JFJ,2018-08-02 00:00:00,5.19
JFJ,2018-08-03 00:00:00,5.19
JFJ,2018-08-04 00:00:00,5.19
JFJ,2018-08-05 00:00:00,5.19
JFJ,2018-08-06 00:00:00,5.19
JFJ,2018-08-07 00:00:00,5.19
JFJ,2018-08-08 00:00:00,5.19
JFJ,2018-08-09 00:00:00,5.19
JFJ,2018-08-10 00:00:00,5.19
JFJ,2018-08-11 00:00:00,5.19
JFJ,2018-08-12 00:00:00,5.19
JFJ,2018-08-13 00:00:00,5.19
SVB,2018-07-30 00:00:00,5.9
SVB,2018-07-31 00:00:00,5.9
SVB,2018-08-01 00:00:00,5.9
SVB,2018-08-02 00:00:00,5.9
SVB,2018-08-03 00:00:00,5.9
SVB,2018-08-04 00:00:00,5.9
SVB,2018-08-05 00:00:00,5.9
SVB,2018-08-06 00:00:00,5.9
SVB,2018-08-07 00:00:00,5.9
SVB,2018-08-08 00:00:00,5.9
SVB,2018-08-09 00:00:00,5.9
SVB,2018-08-10 00:00:00,5.9
SVB,2018-08-11 00:00:00,5.9
SVB,2018-08-12 00:00:00,5.9
SVB,2018-08-13 00:00:00,5.9
NOR,2018-07-31 00:00:00,5.27
NOR,2018-08-01 00:00:00,5.27
NOR,2018-08-02 00:00:00,5.27
NOR,2018-08-03 00:00:00,5.27
NOR,2018-08-04 00:00:00,5.27
NOR,2018-08-05 00:00:00,5.27
NOR,2018-08-06 00:00:00,5.27
NOR,2018-08-07 00:00:00,5.27
NOR,2018-08-08 00:00:00,5.27
NOR,2018-08-09 00:00:00,5.27
NOR,2018-08-10 00:00:00,5.27
NOR,2018-08-11 00:00:00,5.27
NOR,2018-08-12 00:00:00,5.27
NOR,2018-08-13 00:00:00,5.27
NOR,2018-08-14 00:00:00,5.27
KRE,2018-08-01 00:00:00,2.05
KRE,2018-08-02 00:00:00,2.05
KRE,2018-08-03 00:00:00,2.05
KRE,2018-08-04 00:00:00,2.05
KRE,2018-08-05 00:00:00,2.05
KRE,2018-08-06 00:00:00,2.05
KRE,2018-08-07 00:00:00,2.05
KRE,2018-08-08 00:00:00,2.05
KRE,2018-08-09 00:00:00,2.05
KRE,2018-08-10 00:00:00,2.05
KRE,2018-08-11 00:00:00,2.05
KRE,2018-08-12 00:00:00,2.05
KRE,2018-08-13 00:00:00,2.05
KRE,2018-08-14 00:00:00,2.05
KRE,2018-08-15 00:00:00,2.05
PAL,2018-08-01 00:00:00,13.01
PAL,2018-08-02 00:00:00,13.01
PAL,2018-08-03 00:00:00,13.01
PAL,2018-08-04 00:00:00,13.01
PAL,2018-08-05 00:00:00,13.01
PAL,2018-08-06 00:00:00,13.01
PAL,2018-08-07 00:00:00,13.01
PAL,2018-08-08 00:00:00,13.01
PAL,2018-08-09 00:00:00,13.01
PAL,2018-08-10 00:00:00,13.01
PAL,2018-08-11 00:00:00,13.01
PAL,2018-08-12 00:00:00,13.01
PAL,2018-08-13 00:00:00,13.01
PAL,2018-08-14 00:00:00,13.01
PAL,2018-08-15 00:00:00,13.01
TRN,2018-08-01 00:00:00,3.22
TRN,2018-08-02 00:00:00,3.22
TRN,2018-08-03 00:00:00,3.22
TRN,2018-08-04 00:00:00,3.22
TRN,2018-08-05 00:00:00,3.22
TRN,2018-08-06 00:00:00,3.22
TRN,2018-08-07 00:00:00,3.22
TRN,2018-08-08 00:00:00,3.22
TRN,2018-08-09 00:00:00,3.22
TRN,2018-08-10 00:00:00,3.22
TRN,2018-08-11 00:00:00,3.22
TRN,2018-08-12 00:00:00,3.22
TRN,2018-08-13 00:00:00,3.22
TRN,2018-08-14 00:00:00,3.22
TRN,2018-08-15 00:00:00,3.22
TRN,2018-08-16 00:00:00,3.22
TRN,2018-08-17 00:00:00,3.22
TRN,2018-08-18 00:00:00,3.22
TRN,2018-08-19 00:00:00,3.22
TRN,2018-08-20 00:00:00,3.22
TRN,2018-08-21 00:00:00,3.22
TRN,2018-08-22 00:00:00,3.22
TRN,2018-08-23 00:00:00,3.22
TRN,2018-08-24 00:00:00,3.22
HTM,2018-08-03 00:00:00,4.11
HTM,2018-08-04 00:00:00,4.11
HTM,2018-08-05 00:00:00,4.11
HTM,2018-08-06 00:00:00,4.11
HTM,2018-08-07 00:00:00,4.11
HTM,2018-08-08 00:00:00,4.11
HTM,2018-08-09 00:00:00,4.11
HTM,2018-08-10 00:00:00,4.11
HTM,2018-08-11 00:00:00,4.11
HTM,2018-08-12 00:00:00,4.11
HTM,2018-08-13 00:00:00,4.11
HTM,2018-08-14 00:00:00,4.11
HTM,2018-08-15 00:00:00,4.11
HTM,2018-08-16 00:00:00,4.11
HTM,2018-08-17 00:00:00,4.11
OPE,2018-08-06 00:00:00,8.09
OPE,2018-08-07 00:00:00,8.09
OPE,2018-08-08 00:00:00,8.09
OPE,2018-08-09 00:00:00,8.09
OPE,2018-08-10 00:00:00,8.09
OPE,2018-08-11 00:00:00,8.09
OPE,2018-08-12 00:00:00,8.09
OPE,2018-08-13 00:00:00,8.09
OPE,2018-08-14 00:00:00,8.09
OPE,2018-08-15 00:00:00,8.09
OPE,2018-08-16 00:00:00,8.09
OPE,2018-08-17 00:00:00,8.09
OPE,2018-08-18 00:00:00,8.09
OPE,2018-08-19 00:00:00,8.09
OPE,2018-08-20 00:00:00,8.09
CBW,2018-08-08 00:00:00,1.01
CBW,2018-08-09 00:00:00,1.01
CBW,2018-08-10 00:00:00,1.01
CBW,2018-08-11 00:00:00,1.01
CBW,2018-08-12 00:00:00,1.01
CBW,2018-08-13 00:00:00,1.01
CBW,2018-08-14 00:00:00,1.01
CBW,2018-08-15 00:00:00,1.01
CBW,2018-08-16 00:00:00,1.01
CBW,2018-08-17 00:00:00,1.01
CBW,2018-08-18 00:00:00,1.01
CBW,2018-08-19 00:00:00,1.01
CBW,2018-08-20 00:00:00,1.01
CBW,2018-08-21 00:00:00,1.01
CBW,2018-08-22 00:00:00,1.01
CBW,2018-08-23 00:00:00,1.01
CBW,2018-08-24 00:00:00,1.01
CBW,2018-08-25 00:00:00,1.01
CBW,2018-08-26 00:00:00,1.01
CBW,2018-08-27 00:00:00,1.01
CBW,2018-08-28 00:00:00,1.01
CBW,2018-08-29 00:00:00,1.01
CBW,2018-08-30 00:00:00,1.01
CBW,2018-08-31 00:00:00,1.01
CBW,2018-09-01 00:00:00,1.01
CBW,2018-09-02 00:00:00,1.01
CBW,2018-09-03 00:00:00,1.01
CBW,2018-09-04 00:00:00,1.01
CBW,2018-09-05 00:00:00,1.01
CBW,2018-09-06 00:00:00,1.01
CBW,2018-09-07 00:00:00,1.01
CBW,2018-09-08 00:00:00,1.01
CBW,2018-09-09 00:00:00,1.01
CBW,2018-09-10 00:00:00,1.01
CBW,2018-09-11 00:00:00,1.01
HPB,2018-08-08 00:00:00,2.03
HPB,2018-08-09 00:00:00,2.03
HPB,2018-08-10 00:00:00,2.03
HPB,2018-08-11 00:00:00,2.03
HPB,2018-08-12 00:00:00,2.03
HPB,2018-08-13 00:00:00,2.03
HPB,2018-08-14 00:00:00,2.03
HPB,2018-08-15 00:00:00,2.03
HPB,2018-08-16 00:00:00,2.03
HPB,2018-08-17 00:00:00,2.03
HPB,2018-08-18 00:00:00,2.03
HPB,2018-08-19 00:00:00,2.03
HPB,2018-08-20 00:00:00,2.03
HPB,2018-08-21 00:00:00,2.03
HPB,2018-08-22 00:00:00,2.03
SAC,2018-08-10 00:00:00,7.68
SAC,2018-08-11 00:00:00,7.68
SAC,2018-08-12 00:00:00,7.68
SAC,2018-08-13 00:00:00,7.68
SAC,2018-08-14 00:00:00,7.68
SAC,2018-08-15 00:00:00,7.68
SAC,2018-08-16 00:00:00,7.68
SAC,2018-08-17 00:00:00,7.68
SAC,2018-08-18 00:00:00,7.68
SAC,2018-08-19 00:00:00,7.68
SAC,2018-08-20 00:00:00,7.68
SAC,2018-08-21 00:00:00,7.68
SAC,2018-08-22 00:00:00,7.68
SAC,2018-08-23 00:00:00,7.68
SAC,2018-08-24 00:00:00,7.68
SAC,2018-08-25 00:00:00,7.68
SAC,2018-08-26 00:00:00,7.68
SAC,2018-08-27 00:00:00,7.68
SAC,2018-08-28 00:00:00,7.68
SAC,2018-08-29 00:00:00,7.68
JFJ,2018-08-13 00:00:00,6.59
JFJ,2018-08-14 00:00:00,6.59
JFJ,2018-08-15 00:00:00,6.59
JFJ,2018-08-16 00:00:00,6.59
JFJ,2018-08-17 00:00:00,6.59
JFJ,2018-08-18 00:00:00,6.59
JFJ,2018-08-19 00:00:00,6.59
JFJ,2018-08-20 00:00:00,6.59
JFJ,2018-08-21 00:00:00,6.59
JFJ,2018-08-22 00:00:00,6.59
JFJ,2018-08-23 00:00:00,6.59
JFJ,2018-08-24 00:00:00,6.59
JFJ,2018-08-25 00:00:00,6.59
JFJ,2018-08-26 00:00:00,6.59
JFJ,2018-08-27 00:00:00,6.59
SVB,2018-08-13 00:00:00,8.04
SVB,2018-08-14 00:00:00,8.04
SVB,2018-08-15 00:00:00,8.04
SVB,2018-08-16 00:00:00,8.04
SVB,2018-08-17 00:00:00,8.04
SVB,2018-08-18 00:00:00,8.04
SVB,2018-08-19 00:00:00,8.04
SVB,2018-08-20 00:00:00,8.04
SVB,2018-08-21 00:00:00,8.04
SVB,2018-08-22 00:00:00,8.04
SVB,2018-08-23 00:00:00,8.04
SVB,2018-08-24 00:00:00,8.04
SVB,2018-08-25 00:00:00,8.04
SVB,2018-08-26 00:00:00,8.04
SVB,2018-08-27 00:00:00,8.04
KIT,2018-08-13 11:00:00,-3.04
KIT,2018-08-14 11:00:00,-3.04
KIT,2018-08-15 11:00:00,-3.04
KIT,2018-08-16 11:00:00,-3.04
KIT,2018-08-17 11:00:00,-3.04
KIT,2018-08-18 11:00:00,-3.04
KIT,2018-08-19 11:00:00,-3.04
KIT,2018-08-20 11:00:00,-3.04
KIT,2018-08-21 11:00:00,-3.04
KIT,2018-08-22 11:00:00,-3.04
KIT,2018-08-23 11:00:00,-3.04
KIT,2018-08-24 11:00:00,-3.04
KIT,2018-08-25 11:00:00,-3.04
KIT,2018-08-26 11:00:00,-3.04
NOR,2018-08-14 00:00:00,7.03
NOR,2018-08-15 00:00:00,7.03
NOR,2018-08-16 00:00:00,7.03
NOR,2018-08-17 00:00:00,7.03
NOR,2018-08-18 00:00:00,7.03
NOR,2018-08-19 00:00:00,7.03
NOR,2018-08-20 00:00:00,7.03
NOR,2018-08-21 00:00:00,7.03
NOR,2018-08-22 00:00:00,7.03
NOR,2018-08-23 00:00:00,7.03
NOR,2018-08-24 00:00:00,7.03
NOR,2018-08-25 00:00:00,7.03
NOR,2018-08-26 00:00:00,7.03
NOR,2018-08-27 00:00:00,7.03
NOR,2018-08-28 00:00:00,7.03
KRE,2018-08-15 00:00:00,4.38
KRE,2018-08-16 00:00:00,4.38
KRE,2018-08-17 00:00:00,4.38
KRE,2018-08-18 00:00:00,4.38
KRE,2018-08-19 00:00:00,4.38
KRE,2018-08-20 00:00:00,4.38
KRE,2018-08-21 00:00:00,4.38
KRE,2018-08-22 00:00:00,4.38
KRE,2018-08-23 00:00:00,4.38
KRE,2018-08-24 00:00:00,4.38
KRE,2018-08-25 00:00:00,4.38
KRE,2018-08-26 00:00:00,4.38
KRE,2018-08-27 00:00:00,4.38
KRE,2018-08-28 00:00:00,4.38
KRE,2018-08-29 00:00:00,4.38
PAL,2018-08-15 00:00:00,5.03
PAL,2018-08-16 00:00:00,5.03
PAL,2018-08-17 00:00:00,5.03
PAL,2018-08-18 00:00:00,5.03
PAL,2018-08-19 00:00:00,5.03
PAL,2018-08-20 00:00:00,5.03
PAL,2018-08-21 00:00:00,5.03
PAL,2018-08-22 00:00:00,5.03
PAL,2018-08-23 00:00:00,5.03
PAL,2018-08-24 00:00:00,5.03
PAL,2018-08-25 00:00:00,5.03
PAL,2018-08-26 00:00:00,5.03
PAL,2018-08-27 00:00:00,5.03
PAL,2018-08-28 00:00:00,5.03
PAL,2018-08-29 00:00:00,5.03
HTM,2018-08-17 00:00:00,5.02
HTM,2018-08-18 00:00:00,5.02
HTM,2018-08-19 00:00:00,5.02
HTM,2018-08-20 00:00:00,5.02
HTM,2018-08-21 00:00:00,5.02
HTM,2018-08-22 00:00:00,5.02
HTM,2018-08-23 00:00:00,5.02
HTM,2018-08-24 00:00:00,5.02
HTM,2018-08-25 00:00:00,5.02
HTM,2018-08-26 00:00:00,5.02
HTM,2018-08-27 00:00:00,5.02
HTM,2018-08-28 00:00:00,5.02
HTM,2018-08-29 00:00:00,5.02
HTM,2018-08-30 00:00:00,5.02
HTM,2018-08-31 00:00:00,5.02
OPE,2018-08-20 00:00:00,4.83
OPE,2018-08-21 00:00:00,4.83
OPE,2018-08-22 00:00:00,4.83
OPE,2018-08-23 00:00:00,4.83
OPE,2018-08-24 00:00:00,4.83
OPE,2018-08-25 00:00:00,4.83
OPE,2018-08-26 00:00:00,4.83
OPE,2018-08-27 00:00:00,4.83
OPE,2018-08-28 00:00:00,4.83
OPE,2018-08-29 00:00:00,4.83
OPE,2018-08-30 00:00:00,4.83
OPE,2018-08-31 00:00:00,4.83
OPE,2018-09-01 00:00:00,4.83
OPE,2018-09-02 00:00:00,4.83
OPE,2018-09-03 00:00:00,4.83
HPB,2018-08-22 00:00:00,-3.69
HPB,2018-08-23 00:00:00,-3.69
HPB,2018-08-24 00:00:00,-3.69
HPB,2018-08-25 00:00:00,-3.69
HPB,2018-08-26 00:00:00,-3.69
HPB,2018-08-27 00:00:00,-3.69
HPB,2018-08-28 00:00:00,-3.69
HPB,2018-08-29 00:00:00,-3.69
HPB,2018-08-30 00:00:00,-3.69
HPB,2018-08-31 00:00:00,-3.69
HPB,2018-09-01 00:00:00,-3.69
HPB,2018-09-02 00:00:00,-3.69
HPB,2018-09-03 00:00:00,-3.69
HPB,2018-09-04 00:00:00,-3.69
HPB,2018-09-05 00:00:00,-3.69
TRN,2018-08-24 00:00:00,3.96
TRN,2018-08-25 00:00:00,3.96
TRN,2018-08-26 00:00:00,3.96
TRN,2018-08-27 00:00:00,3.96
TRN,2018-08-28 00:00:00,3.96
TRN,2018-08-29 00:00:00,3.96
TRN,2018-08-30 00:00:00,3.96
TRN,2018-08-31 00:00:00,3.96
TRN,2018-09-01 00:00:00,3.96
TRN,2018-09-02 00:00:00,3.96
TRN,2018-09-03 00:00:00,3.96
TRN,2018-09-04 00:00:00,3.96
TRN,2018-09-05 00:00:00,3.96
TRN,2018-09-06 00:00:00,3.96
JFJ,2018-08-27 00:00:00,8.22
JFJ,2018-08-28 00:00:00,8.22
JFJ,2018-08-29 00:00:00,8.22
JFJ,2018-08-30 00:00:00,8.22
JFJ,2018-08-31 00:00:00,8.22
JFJ,2018-09-01 00:00:00,8.22
JFJ,2018-09-02 00:00:00,8.22
JFJ,2018-09-03 00:00:00,8.22
JFJ,2018-09-04 00:00:00,8.22
JFJ,2018-09-05 00:00:00,8.22
JFJ,2018-09-06 00:00:00,8.22
JFJ,2018-09-07 00:00:00,8.22
JFJ,2018-09-08 00:00:00,8.22
JFJ,2018-09-09 00:00:00,8.22
JFJ,2018-09-10 00:00:00,8.22
SVB,2018-08-27 00:00:00,9.49
SVB,2018-08-28 00:00:00,9.49
SVB,2018-08-29 00:00:00,9.49
SVB,2018-08-30 00:00:00,9.49
SVB,2018-08-31 00:00:00,9.49
SVB,2018-09-01 00:00:00,9.49
SVB,2018-09-02 00:00:00,9.49
SVB,2018-09-03 00:00:00,9.49
SVB,2018-09-04 00:00:00,9.49
SVB,2018-09-05 00:00:00,9.49
SVB,2018-09-06 00:00:00,9.49
SVB,2018-09-07 00:00:00,9.49
SVB,2018-09-08 00:00:00,9.49
SVB,2018-09-09 00:00:00,9.49
SVB,2018-09-10 00:00:00,9.49
NOR,2018-08-28 00:00:00,5.16
NOR,2018-08-29 00:00:00,5.16
NOR,2018-08-30 00:00:00,5.16
NOR,2018-08-31 00:00:00,5.16
NOR,2018-09-01 00:00:00,5.16
NOR,2018-09-02 00:00:00,5.16
NOR,2018-09-03 00:00:00,5.16
NOR,2018-09-04 00:00:00,5.16
NOR,2018-09-05 00:00:00,5.16
NOR,2018-09-06 00:00:00,5.16
NOR,2018-09-07 00:00:00,5.16
NOR,2018-09-08 00:00:00,5.16
NOR,2018-09-09 00:00:00,5.16
NOR,2018-09-10 00:00:00,5.16
NOR,2018-09-11 00:00:00,5.16
KRE,2018-08-29 00:00:00,1.07
KRE,2018-08-30 00:00:00,1.07
KRE,2018-08-31 00:00:00,1.07
KRE,2018-09-01 00:00:00,1.07
KRE,2018-09-02 00:00:00,1.07
KRE,2018-09-03 00:00:00,1.07
KRE,2018-09-04 00:00:00,1.07
KRE,2018-09-05 00:00:00,1.07
KRE,2018-09-06 00:00:00,1.07
KRE,2018-09-07 00:00:00,1.07
KRE,2018-09-08 00:00:00,1.07
KRE,2018-09-09 00:00:00,1.07
KRE,2018-09-10 00:00:00,1.07
KRE,2018-09-11 00:00:00,1.07
KRE,2018-09-12 00:00:00,1.07
KRE,2018-09-13 00:00:00,1.07
KRE,2018-09-14 00:00:00,1.07
PAL,2018-08-29 00:00:00,16.28
PAL,2018-08-30 00:00:00,16.28
PAL,2018-08-31 00:00:00,16.28
PAL,2018-09-01 00:00:00,16.28
PAL,2018-09-02 00:00:00,16.28
PAL,2018-09-03 00:00:00,16.28
PAL,2018-09-04 00:00:00,16.28
PAL,2018-09-05 00:00:00,16.28
PAL,2018-09-06 00:00:00,16.28
PAL,2018-09-07 00:00:00,16.28
PAL,2018-09-08 00:00:00,16.28
PAL,2018-09-09 00:00:00,16.28
PAL,2018-09-10 00:00:00,16.28
PAL,2018-09-11 00:00:00,16.28
PAL,2018-09-12 00:00:00,16.28
SAC,2018-08-29 00:00:00,7.75
SAC,2018-08-30 00:00:00,7.75
SAC,2018-08-31 00:00:00,7.75
SAC,2018-09-01 00:00:00,7.75
SAC,2018-09-02 00:00:00,7.75
SAC,2018-09-03 00:00:00,7.75
SAC,2018-09-04 00:00:00,7.75
SAC,2018-09-05 00:00:00,7.75
SAC,2018-09-06 00:00:00,7.75
SAC,2018-09-07 00:00:00,7.75
SAC,2018-09-08 00:00:00,7.75
SAC,2018-09-09 00:00:00,7.75
SAC,2018-09-10 00:00:00,7.75
SAC,2018-09-11 00:00:00,7.75
SAC,2018-09-12 00:00:00,7.75
SAC,2018-09-13 00:00:00,7.75
SAC,2018-09-14 00:00:00,7.75
SAC,2018-09-15 00:00:00,7.75
SAC,2018-09-16 00:00:00,7.75
SAC,2018-09-17 00:00:00,7.75
HTM,2018-08-31 00:00:00,6.81
HTM,2018-09-01 00:00:00,6.81
HTM,2018-09-02 00:00:00,6.81
HTM,2018-09-03 00:00:00,6.81
HTM,2018-09-04 00:00:00,6.81
HTM,2018-09-05 00:00:00,6.81
HTM,2018-09-06 00:00:00,6.81
HTM,2018-09-07 00:00:00,6.81
HTM,2018-09-08 00:00:00,6.81
HTM,2018-09-09 00:00:00,6.81
HTM,2018-09-10 00:00:00,6.81
HTM,2018-09-11 00:00:00,6.81
HTM,2018-09-12 00:00:00,6.81
HTM,2018-09-13 00:00:00,6.81
HTM,2018-09-14 00:00:00,6.81
OPE,2018-09-03 00:00:00,4.66
OPE,2018-09-04 00:00:00,4.66
OPE,2018-09-05 00:00:00,4.66
OPE,2018-09-06 00:00:00,4.66
OPE,2018-09-07 00:00:00,4.66
OPE,2018-09-08 00:00:00,4.66
OPE,2018-09-09 00:00:00,4.66
OPE,2018-09-10 00:00:00,4.66
OPE,2018-09-11 00:00:00,4.66
OPE,2018-09-12 00:00:00,4.66
OPE,2018-09-13 00:00:00,4.66
OPE,2018-09-14 00:00:00,4.66
OPE,2018-09-15 00:00:00,4.66
OPE,2018-09-16 00:00:00,4.66
OPE,2018-09-17 00:00:00,4.66
HPB,2018-09-05 00:00:00,-0.99
HPB,2018-09-06 00:00:00,-0.99
HPB,2018-09-07 00:00:00,-0.99
HPB,2018-09-08 00:00:00,-0.99
HPB,2018-09-09 00:00:00,-0.99
HPB,2018-09-10 00:00:00,-0.99
HPB,2018-09-11 00:00:00,-0.99
HPB,2018-09-12 00:00:00,-0.99
HPB,2018-09-13 00:00:00,-0.99
HPB,2018-09-14 00:00:00,-0.99
HPB,2018-09-15 00:00:00,-0.99
HPB,2018-09-16 00:00:00,-0.99
HPB,2018-09-17 00:00:00,-0.99
HPB,2018-09-18 00:00:00,-0.99
HPB,2018-09-19 00:00:00,-0.99
TRN,2018-09-06 00:00:00,0.4
TRN,2018-09-07 00:00:00,0.4
TRN,2018-09-08 00:00:00,0.4
TRN,2018-09-09 00:00:00,0.4
TRN,2018-09-10 00:00:00,0.4
TRN,2018-09-11 00:00:00,0.4
TRN,2018-09-12 00:00:00,0.4
TRN,2018-09-13 00:00:00,0.4
TRN,2018-09-14 00:00:00,0.4
TRN,2018-09-15 00:00:00,0.4
TRN,2018-09-16 00:00:00,0.4
TRN,2018-09-17 00:00:00,0.4
TRN,2018-09-18 00:00:00,0.4
TRN,2018-09-19 00:00:00,0.4
JFJ,2018-09-10 00:00:00,1.87
JFJ,2018-09-11 00:00:00,1.87
JFJ,2018-09-12 00:00:00,1.87
JFJ,2018-09-13 00:00:00,1.87
JFJ,2018-09-14 00:00:00,1.87
JFJ,2018-09-15 00:00:00,1.87
JFJ,2018-09-16 00:00:00,1.87
JFJ,2018-09-17 00:00:00,1.87
JFJ,2018-09-18 00:00:00,1.87
JFJ,2018-09-19 00:00:00,1.87
JFJ,2018-09-20 00:00:00,1.87
JFJ,2018-09-21 00:00:00,1.87
JFJ,2018-09-22 00:00:00,1.87
JFJ,2018-09-23 00:00:00,1.87
JFJ,2018-09-24 00:00:00,1.87
SVB,2018-09-10 00:00:00,7.16
SVB,2018-09-11 00:00:00,7.16
SVB,2018-09-12 00:00:00,7.16
SVB,2018-09-13 00:00:00,7.16
SVB,2018-09-14 00:00:00,7.16
SVB,2018-09-15 00:00:00,7.16
SVB,2018-09-16 00:00:00,7.16
SVB,2018-09-17 00:00:00,7.16
SVB,2018-09-18 00:00:00,7.16
SVB,2018-09-19 00:00:00,7.16
SVB,2018-09-20 00:00:00,7.16
SVB,2018-09-21 00:00:00,7.16
SVB,2018-09-22 00:00:00,7.16
SVB,2018-09-23 00:00:00,7.16
SVB,2018-09-24 00:00:00,7.16
NOR,2018-09-11 00:00:00,7.05
NOR,2018-09-12 00:00:00,7.05
NOR,2018-09-13 00:00:00,7.05
NOR,2018-09-14 00:00:00,7.05
NOR,2018-09-15 00:00:00,7.05
NOR,2018-09-16 00:00:00,7.05
NOR,2018-09-17 00:00:00,7.05
NOR,2018-09-18 00:00:00,7.05
NOR,2018-09-19 00:00:00,7.05
NOR,2018-09-20 00:00:00,7.05
NOR,2018-09-21 00:00:00,7.05
NOR,2018-09-22 00:00:00,7.05
NOR,2018-09-23 00:00:00,7.05
NOR,2018-09-24 00:00:00,7.05
NOR,2018-09-25 00:00:00,7.05
PAL,2018-09-12 00:00:00,10.55
PAL,2018-09-13 00:00:00,10.55
PAL,2018-09-14 00:00:00,10.55
PAL,2018-09-15 00:00:00,10.55
PAL,2018-09-16 00:00:00,10.55
PAL,2018-09-17 00:00:00,10.55
PAL,2018-09-18 00:00:00,10.55
PAL,2018-09-19 00:00:00,10.55
PAL,2018-09-20 00:00:00,10.55
PAL,2018-09-21 00:00:00,10.55
PAL,2018-09-22 00:00:00,10.55
PAL,2018-09-23 00:00:00,10.55
PAL,2018-09-24 00:00:00,10.55
PAL,2018-09-25 00:00:00,10.55
PAL,2018-09-26 00:00:00,10.55
HTM,2018-09-14 00:00:00,1.58
HTM,2018-09-15 00:00:00,1.58
HTM,2018-09-16 00:00:00,1.58
HTM,2018-09-17 00:00:00,1.58
HTM,2018-09-18 00:00:00,1.58
HTM,2018-09-19 00:00:00,1.58
HTM,2018-09-20 00:00:00,1.58
HTM,2018-09-21 00:00:00,1.58
HTM,2018-09-22 00:00:00,1.58
HTM,2018-09-23 00:00:00,1.58
HTM,2018-09-24 00:00:00,1.58
HTM,2018-09-25 00:00:00,1.58
HTM,2018-09-26 00:00:00,1.58
HTM,2018-09-27 00:00:00,1.58
HTM,2018-09-28 00:00:00,1.58
KRE,2018-09-14 00:00:00,3.54
KRE,2018-09-15 00:00:00,3.54
KRE,2018-09-16 00:00:00,3.54
KRE,2018-09-17 00:00:00,3.54
KRE,2018-09-18 00:00:00,3.54
KRE,2018-09-19 00:00:00,3.54
KRE,2018-09-20 00:00:00,3.54
KRE,2018-09-21 00:00:00,3.54
KRE,2018-09-22 00:00:00,3.54
KRE,2018-09-23 00:00:00,3.54
KRE,2018-09-24 00:00:00,3.54
KRE,2018-09-25 00:00:00,3.54
KRE,2018-09-26 00:00:00,3.54
OPE,2018-09-17 00:00:00,3.93
OPE,2018-09-18 00:00:00,3.93
OPE,2018-09-19 00:00:00,3.93
OPE,2018-09-20 00:00:00,3.93
OPE,2018-09-21 00:00:00,3.93
OPE,2018-09-22 00:00:00,3.93
OPE,2018-09-23 00:00:00,3.93
OPE,2018-09-24 00:00:00,3.93
OPE,2018-09-25 00:00:00,3.93
OPE,2018-09-26 00:00:00,3.93
OPE,2018-09-27 00:00:00,3.93
OPE,2018-09-28 00:00:00,3.93
OPE,2018-09-29 00:00:00,3.93
OPE,2018-09-30 00:00:00,3.93
OPE,2018-10-01 00:00:00,3.93
SAC,2018-09-18 00:00:00,6.01
SAC,2018-09-19 00:00:00,6.01
SAC,2018-09-20 00:00:00,6.01
SAC,2018-09-21 00:00:00,6.01
SAC,2018-09-22 00:00:00,6.01
SAC,2018-09-23 00:00:00,6.01
SAC,2018-09-24 00:00:00,6.01
SAC,2018-09-25 00:00:00,6.01
SAC,2018-09-26 00:00:00,6.01
SAC,2018-09-27 00:00:00,6.01
SAC,2018-09-28 00:00:00,6.01
SAC,2018-09-29 00:00:00,6.01
SAC,2018-09-30 00:00:00,6.01
SAC,2018-10-01 00:00:00,6.01
SAC,2018-10-02 00:00:00,6.01
SAC,2018-10-03 00:00:00,6.01
SAC,2018-10-04 00:00:00,6.01
SAC,2018-10-05 00:00:00,6.01
HPB,2018-09-19 00:00:00,0.59
HPB,2018-09-20 00:00:00,0.59
HPB,2018-09-21 00:00:00,0.59
HPB,2018-09-22 00:00:00,0.59
HPB,2018-09-23 00:00:00,0.59
HPB,2018-09-24 00:00:00,0.59
HPB,2018-09-25 00:00:00,0.59
HPB,2018-09-26 00:00:00,0.59
HPB,2018-09-27 00:00:00,0.59
HPB,2018-09-28 00:00:00,0.59
HPB,2018-09-29 00:00:00,0.59
HPB,2018-09-30 00:00:00,0.59
HPB,2018-10-01 00:00:00,0.59
HPB,2018-10-02 00:00:00,0.59
HPB,2018-10-03 00:00:00,0.59
HPB,2018-10-04 00:00:00,0.59
TRN,2018-09-19 00:00:00,0.0
TRN,2018-09-20 00:00:00,0.0
TRN,2018-09-21 00:00:00,0.0
TRN,2018-09-22 00:00:00,0.0
TRN,2018-09-23 00:00:00,0.0
TRN,2018-09-24 00:00:00,0.0
TRN,2018-09-25 00:00:00,0.0
TRN,2018-09-26 00:00:00,0.0
TRN,2018-09-27 00:00:00,0.0
TRN,2018-09-28 00:00:00,0.0
TRN,2018-09-29 00:00:00,0.0
TRN,2018-09-30 00:00:00,0.0
TRN,2018-10-01 00:00:00,0.0
TRN,2018-10-02 00:00:00,0.0
TRN,2018-10-03 00:00:00,0.0
TRN,2018-10-04 00:00:00,0.0
TRN,2018-10-05 00:00:00,0.0
JFJ,2018-09-24 00:00:00,5.93
JFJ,2018-09-25 00:00:00,5.93
JFJ,2018-09-26 00:00:00,5.93
JFJ,2018-09-27 00:00:00,5.93
JFJ,2018-09-28 00:00:00,5.93
JFJ,2018-09-29 00:00:00,5.93
JFJ,2018-09-30 00:00:00,5.93
JFJ,2018-10-01 00:00:00,5.93
JFJ,2018-10-02 00:00:00,5.93
JFJ,2018-10-03 00:00:00,5.93
JFJ,2018-10-04 00:00:00,5.93
JFJ,2018-10-05 00:00:00,5.93
JFJ,2018-10-06 00:00:00,5.93
JFJ,2018-10-07 00:00:00,5.93
JFJ,2018-10-08 00:00:00,5.93
SVB,2018-09-24 00:00:00,3.78
SVB,2018-09-25 00:00:00,3.78
SVB,2018-09-26 00:00:00,3.78
SVB,2018-09-27 00:00:00,3.78
SVB,2018-09-28 00:00:00,3.78
SVB,2018-09-29 00:00:00,3.78
SVB,2018-09-30 00:00:00,3.78
SVB,2018-10-01 00:00:00,3.78
SVB,2018-10-02 00:00:00,3.78
SVB,2018-10-03 00:00:00,3.78
SVB,2018-10-04 00:00:00,3.78
SVB,2018-10-05 00:00:00,3.78
SVB,2018-10-06 00:00:00,3.78
SVB,2018-10-07 00:00:00,3.78
SVB,2018-10-08 00:00:00,3.78
NOR,2018-09-25 00:00:00,5.72
NOR,2018-09-26 00:00:00,5.72
NOR,2018-09-27 00:00:00,5.72
NOR,2018-09-28 00:00:00,5.72
NOR,2018-09-29 00:00:00,5.72
NOR,2018-09-30 00:00:00,5.72
NOR,2018-10-01 00:00:00,5.72
NOR,2018-10-02 00:00:00,5.72
NOR,2018-10-03 00:00:00,5.72
NOR,2018-10-04 00:00:00,5.72
NOR,2018-10-05 00:00:00,5.72
NOR,2018-10-06 00:00:00,5.72
NOR,2018-10-07 00:00:00,5.72
NOR,2018-10-08 00:00:00,5.72
NOR,2018-10-09 00:00:00,5.72
KRE,2018-09-26 00:00:00,-1.02
KRE,2018-09-27 00:00:00,-1.02
KRE,2018-09-28 00:00:00,-1.02
KRE,2018-09-29 00:00:00,-1.02
KRE,2018-09-30 00:00:00,-1.02
KRE,2018-10-01 00:00:00,-1.02
KRE,2018-10-02 00:00:00,-1.02
KRE,2018-10-03 00:00:00,-1.02
KRE,2018-10-04 00:00:00,-1.02
KRE,2018-10-05 00:00:00,-1.02
KRE,2018-10-06 00:00:00,-1.02
KRE,2018-10-07 00:00:00,-1.02
KRE,2018-10-08 00:00:00,-1.02
KRE,2018-10-09 00:00:00,-1.02
KRE,2018-10-10 00:00:00,-1.02
PAL,2018-09-26 00:00:00,9.66
PAL,2018-09-27 00:00:00,9.66
PAL,2018-09-28 00:00:00,9.66
PAL,2018-09-29 00:00:00,9.66
PAL,2018-09-30 00:00:00,9.66
PAL,2018-10-01 00:00:00,9.66
PAL,2018-10-02 00:00:00,9.66
PAL,2018-10-03 00:00:00,9.66
PAL,2018-10-04 00:00:00,9.66
PAL,2018-10-05 00:00:00,9.66
PAL,2018-10-06 00:00:00,9.66
PAL,2018-10-07 00:00:00,9.66
PAL,2018-10-08 00:00:00,9.66
PAL,2018-10-09 00:00:00,9.66
PAL,2018-10-10 00:00:00,9.66
HTM,2018-09-28 00:00:00,1.07
HTM,2018-09-29 00:00:00,1.07
HTM,2018-09-30 00:00:00,1.07
HTM,2018-10-01 00:00:00,1.07
HTM,2018-10-02 00:00:00,1.07
HTM,2018-10-03 00:00:00,1.07
HTM,2018-10-04 00:00:00,1.07
HTM,2018-10-05 00:00:00,1.07
HTM,2018-10-06 00:00:00,1.07
HTM,2018-10-07 00:00:00,1.07
HTM,2018-10-08 00:00:00,1.07
HTM,2018-10-09 00:00:00,1.07
HTM,2018-10-10 00:00:00,1.07
HTM,2018-10-11 00:00:00,1.07
OPE,2018-10-01 00:00:00,-1.33
OPE,2018-10-02 00:00:00,-1.33
OPE,2018-10-03 00:00:00,-1.33
OPE,2018-10-04 00:00:00,-1.33
OPE,2018-10-05 00:00:00,-1.33
OPE,2018-10-06 00:00:00,-1.33
OPE,2018-10-07 00:00:00,-1.33
OPE,2018-10-08 00:00:00,-1.33
OPE,2018-10-09 00:00:00,-1.33
OPE,2018-10-10 00:00:00,-1.33
OPE,2018-10-11 00:00:00,-1.33
OPE,2018-10-12 00:00:00,-1.33
OPE,2018-10-13 00:00:00,-1.33
OPE,2018-10-14 00:00:00,-1.33
OPE,2018-10-15 00:00:00,-1.33
KIT,2018-10-01 09:11:00,-6.85
KIT,2018-10-02 09:11:00,-6.85
KIT,2018-10-03 09:11:00,-6.85
KIT,2018-10-04 09:11:00,-6.85
KIT,2018-10-05 09:11:00,-6.85
KIT,2018-10-06 09:11:00,-6.85
KIT,2018-10-07 09:11:00,-6.85
HPB,2018-10-04 00:00:00,2.94
HPB,2018-10-05 00:00:00,2.94
HPB,2018-10-06 00:00:00,2.94
HPB,2018-10-07 00:00:00,2.94
HPB,2018-10-08 00:00:00,2.94
HPB,2018-10-09 00:00:00,2.94
HPB,2018-10-10 00:00:00,2.94
HPB,2018-10-11 00:00:00,2.94
HPB,2018-10-12 00:00:00,2.94
HPB,2018-10-13 00:00:00,2.94
HPB,2018-10-14 00:00:00,2.94
HPB,2018-10-15 00:00:00,2.94
HPB,2018-10-16 00:00:00,2.94
HPB,2018-10-17 00:00:00,2.94
SAC,2018-10-05 00:00:00,-2.96
SAC,2018-10-06 00:00:00,-2.96
SAC,2018-10-07 00:00:00,-2.96
SAC,2018-10-08 00:00:00,-2.96
SAC,2018-10-09 00:00:00,-2.96
SAC,2018-10-10 00:00:00,-2.96
SAC,2018-10-11 00:00:00,-2.96
SAC,2018-10-12 00:00:00,-2.96
SAC,2018-10-13 00:00:00,-2.96
SAC,2018-10-14 00:00:00,-2.96
SAC,2018-10-15 00:00:00,-2.96
SAC,2018-10-16 00:00:00,-2.96
SAC,2018-10-17 00:00:00,-2.96
SAC,2018-10-18 00:00:00,-2.96
SAC,2018-10-19 00:00:00,-2.96
SAC,2018-10-20 00:00:00,-2.96
SAC,2018-10-21 00:00:00,-2.96
SAC,2018-10-22 00:00:00,-2.96
TRN,2018-10-05 00:00:00,-0.37
TRN,2018-10-06 00:00:00,-0.37
TRN,2018-10-07 00:00:00,-0.37
TRN,2018-10-08 00:00:00,-0.37
TRN,2018-10-09 00:00:00,-0.37
TRN,2018-10-10 00:00:00,-0.37
TRN,2018-10-11 00:00:00,-0.37
TRN,2018-10-12 00:00:00,-0.37
TRN,2018-10-13 00:00:00,-0.37
TRN,2018-10-14 00:00:00,-0.37
TRN,2018-10-15 00:00:00,-0.37
TRN,2018-10-16 00:00:00,-0.37
TRN,2018-10-17 00:00:00,-0.37
TRN,2018-10-18 00:00:00,-0.37
TRN,2018-10-19 00:00:00,-0.37
SVB,2018-10-08 00:00:00,6.6
SVB,2018-10-09 00:00:00,6.6
SVB,2018-10-10 00:00:00,6.6
SVB,2018-10-11 00:00:00,6.6
SVB,2018-10-12 00:00:00,6.6
SVB,2018-10-13 00:00:00,6.6
SVB,2018-10-14 00:00:00,6.6
SVB,2018-10-15 00:00:00,6.6
SVB,2018-10-16 00:00:00,6.6
SVB,2018-10-17 00:00:00,6.6
SVB,2018-10-18 00:00:00,6.6
SVB,2018-10-19 00:00:00,6.6
SVB,2018-10-20 00:00:00,6.6
SVB,2018-10-21 00:00:00,6.6
SVB,2018-10-22 00:00:00,6.6
NOR,2018-10-09 00:00:00,-1.39
NOR,2018-10-10 00:00:00,-1.39
NOR,2018-10-11 00:00:00,-1.39
NOR,2018-10-12 00:00:00,-1.39
NOR,2018-10-13 00:00:00,-1.39
NOR,2018-10-14 00:00:00,-1.39
NOR,2018-10-15 00:00:00,-1.39
NOR,2018-10-16 00:00:00,-1.39
NOR,2018-10-17 00:00:00,-1.39
NOR,2018-10-18 00:00:00,-1.39
NOR,2018-10-19 00:00:00,-1.39
NOR,2018-10-20 00:00:00,-1.39
NOR,2018-10-21 00:00:00,-1.39
NOR,2018-10-22 00:00:00,-1.39
NOR,2018-10-23 00:00:00,-1.39
KRE,2018-10-10 00:00:00,-0.19
KRE,2018-10-11 00:00:00,-0.19
KRE,2018-10-12 00:00:00,-0.19
KRE,2018-10-13 00:00:00,-0.19
KRE,2018-10-14 00:00:00,-0.19
KRE,2018-10-15 00:00:00,-0.19
KRE,2018-10-16 00:00:00,-0.19
KRE,2018-10-17 00:00:00,-0.19
KRE,2018-10-18 00:00:00,-0.19
KRE,2018-10-19 00:00:00,-0.19
KRE,2018-10-20 00:00:00,-0.19
KRE,2018-10-21 00:00:00,-0.19
KRE,2018-10-22 00:00:00,-0.19
KRE,2018-10-23 00:00:00,-0.19
KRE,2018-10-24 00:00:00,-0.19
PAL,2018-10-10 00:00:00,6.03
PAL,2018-10-11 00:00:00,6.03
PAL,2018-10-12 00:00:00,6.03
PAL,2018-10-13 00:00:00,6.03
PAL,2018-10-14 00:00:00,6.03
PAL,2018-10-15 00:00:00,6.03
PAL,2018-10-16 00:00:00,6.03
PAL,2018-10-17 00:00:00,6.03
PAL,2018-10-18 00:00:00,6.03
PAL,2018-10-19 00:00:00,6.03
PAL,2018-10-20 00:00:00,6.03
PAL,2018-10-21 00:00:00,6.03
PAL,2018-10-22 00:00:00,6.03
PAL,2018-10-23 00:00:00,6.03
PAL,2018-10-24 00:00:00,6.03
CBW,2018-10-11 00:00:00,-0.85
CBW,2018-10-12 00:00:00,-0.85
CBW,2018-10-13 00:00:00,-0.85
CBW,2018-10-14 00:00:00,-0.85
CBW,2018-10-15 00:00:00,-0.85
CBW,2018-10-16 00:00:00,-0.85
CBW,2018-10-17 00:00:00,-0.85
CBW,2018-10-18 00:00:00,-0.85
CBW,2018-10-19 00:00:00,-0.85
CBW,2018-10-20 00:00:00,-0.85
CBW,2018-10-21 00:00:00,-0.85
CBW,2018-10-22 00:00:00,-0.85
CBW,2018-10-23 00:00:00,-0.85
CBW,2018-10-24 00:00:00,-0.85
CBW,2018-10-25 00:00:00,-0.85
CBW,2018-10-26 00:00:00,-0.85
CBW,2018-10-27 00:00:00,-0.85
CBW,2018-10-28 00:00:00,-0.85
CBW,2018-10-29 00:00:00,-0.85
CBW,2018-10-30 00:00:00,-0.85
CBW,2018-10-31 00:00:00,-0.85
CBW,2018-11-01 00:00:00,-0.85
CBW,2018-11-02 00:00:00,-0.85
CBW,2018-11-03 00:00:00,-0.85
CBW,2018-11-04 00:00:00,-0.85
CBW,2018-11-05 00:00:00,-0.85
CBW,2018-11-06 00:00:00,-0.85
CBW,2018-11-07 00:00:00,-0.85
HTM,2018-10-11 00:00:00,1.29
HTM,2018-10-12 00:00:00,1.29
HTM,2018-10-13 00:00:00,1.29
HTM,2018-10-14 00:00:00,1.29
HTM,2018-10-15 00:00:00,1.29
HTM,2018-10-16 00:00:00,1.29
HTM,2018-10-17 00:00:00,1.29
HTM,2018-10-18 00:00:00,1.29
HTM,2018-10-19 00:00:00,1.29
HTM,2018-10-20 00:00:00,1.29
HTM,2018-10-21 00:00:00,1.29
HTM,2018-10-22 00:00:00,1.29
HTM,2018-10-23 00:00:00,1.29
HTM,2018-10-24 00:00:00,1.29
HTM,2018-10-25 00:00:00,1.29
OPE,2018-10-15 00:00:00,-0.94
OPE,2018-10-16 00:00:00,-0.94
OPE,2018-10-17 00:00:00,-0.94
OPE,2018-10-18 00:00:00,-0.94
OPE,2018-10-19 00:00:00,-0.94
OPE,2018-10-20 00:00:00,-0.94
OPE,2018-10-21 00:00:00,-0.94
OPE,2018-10-22 00:00:00,-0.94
OPE,2018-10-23 00:00:00,-0.94
OPE,2018-10-24 00:00:00,-0.94
OPE,2018-10-25 00:00:00,-0.94
OPE,2018-10-26 00:00:00,-0.94
OPE,2018-10-27 00:00:00,-0.94
OPE,2018-10-28 00:00:00,-0.94
OPE,2018-10-29 00:00:00,-0.94
HPB,2018-10-17 09:04:00,-1.29
HPB,2018-10-18 09:04:00,-1.29
HPB,2018-10-19 09:04:00,-1.29
HPB,2018-10-20 09:04:00,-1.29
HPB,2018-10-21 09:04:00,-1.29
HPB,2018-10-22 09:04:00,-1.29
HPB,2018-10-23 09:04:00,-1.29
HPB,2018-10-24 09:04:00,-1.29
HPB,2018-10-25 09:04:00,-1.29
HPB,2018-10-26 09:04:00,-1.29
HPB,2018-10-27 09:04:00,-1.29
HPB,2018-10-28 09:04:00,-1.29
HPB,2018-10-29 09:04:00,-1.29
HPB,2018-10-30 09:04:00,-1.29
HPB,2018-10-31 09:04:00,-1.29
TRN,2018-10-19 00:00:00,-7.42
TRN,2018-10-20 00:00:00,-7.42
TRN,2018-10-21 00:00:00,-7.42
TRN,2018-10-22 00:00:00,-7.42
TRN,2018-10-23 00:00:00,-7.42
TRN,2018-10-24 00:00:00,-7.42
TRN,2018-10-25 00:00:00,-7.42
TRN,2018-10-26 00:00:00,-7.42
TRN,2018-10-27 00:00:00,-7.42
TRN,2018-10-28 00:00:00,-7.42
TRN,2018-10-29 00:00:00,-7.42
TRN,2018-10-30 00:00:00,-7.42
TRN,2018-10-31 00:00:00,-7.42
JFJ,2018-10-22 00:00:00,4.29
JFJ,2018-10-23 00:00:00,4.29
JFJ,2018-10-24 00:00:00,4.29
JFJ,2018-10-25 00:00:00,4.29
JFJ,2018-10-26 00:00:00,4.29
JFJ,2018-10-27 00:00:00,4.29
JFJ,2018-10-28 00:00:00,4.29
JFJ,2018-10-29 00:00:00,4.29
JFJ,2018-10-30 00:00:00,4.29
JFJ,2018-10-31 00:00:00,4.29
JFJ,2018-11-01 00:00:00,4.29
JFJ,2018-11-02 00:00:00,4.29
JFJ,2018-11-03 00:00:00,4.29
JFJ,2018-11-04 00:00:00,4.29
JFJ,2018-11-05 00:00:00,4.29
SVB,2018-10-22 00:00:00,5.5
SVB,2018-10-23 00:00:00,5.5
SVB,2018-10-24 00:00:00,5.5
SVB,2018-10-25 00:00:00,5.5
SVB,2018-10-26 00:00:00,5.5
SVB,2018-10-27 00:00:00,5.5
SVB,2018-10-28 00:00:00,5.5
SVB,2018-10-29 00:00:00,5.5
SVB,2018-10-30 00:00:00,5.5
SVB,2018-10-31 00:00:00,5.5
SVB,2018-11-01 00:00:00,5.5
SVB,2018-11-02 00:00:00,5.5
SVB,2018-11-03 00:00:00,5.5
SVB,2018-11-04 00:00:00,5.5
SVB,2018-11-05 00:00:00,5.5
NOR,2018-10-23 00:00:00,2.56
NOR,2018-10-24 00:00:00,2.56
NOR,2018-10-25 00:00:00,2.56
NOR,2018-10-26 00:00:00,2.56
NOR,2018-10-27 00:00:00,2.56
NOR,2018-10-28 00:00:00,2.56
NOR,2018-10-29 00:00:00,2.56
NOR,2018-10-30 00:00:00,2.56
NOR,2018-10-31 00:00:00,2.56
NOR,2018-11-01 00:00:00,2.56
NOR,2018-11-02 00:00:00,2.56
NOR,2018-11-03 00:00:00,2.56
NOR,2018-11-04 00:00:00,2.56
NOR,2018-11-05 00:00:00,2.56
NOR,2018-11-06 00:00:00,2.56
SAC,2018-10-23 00:00:00,-0.48
SAC,2018-10-24 00:00:00,-0.48
SAC,2018-10-25 00:00:00,-0.48
SAC,2018-10-26 00:00:00,-0.48
SAC,2018-10-27 00:00:00,-0.48
SAC,2018-10-28 00:00:00,-0.48
SAC,2018-10-29 00:00:00,-0.48
SAC,2018-10-30 00:00:00,-0.48
SAC,2018-10-31 00:00:00,-0.48
SAC,2018-11-01 00:00:00,-0.48
SAC,2018-11-02 00:00:00,-0.48
SAC,2018-11-03 00:00:00,-0.48
SAC,2018-11-04 00:00:00,-0.48
SAC,2018-11-05 00:00:00,-0.48
SAC,2018-11-06 00:00:00,-0.48
SAC,2018-11-07 00:00:00,-0.48
SAC,2018-11-08 00:00:00,-0.48
SAC,2018-11-09 00:00:00,-0.48
KRE,2018-10-24 00:00:00,-5.03
KRE,2018-10-25 00:00:00,-5.03
KRE,2018-10-26 00:00:00,-5.03
KRE,2018-10-27 00:00:00,-5.03
KRE,2018-10-28 00:00:00,-5.03
KRE,2018-10-29 00:00:00,-5.03
KRE,2018-10-30 00:00:00,-5.03
KRE,2018-10-31 00:00:00,-5.03
KRE,2018-11-01 00:00:00,-5.03
KRE,2018-11-02 00:00:00,-5.03
KRE,2018-11-03 00:00:00,-5.03
KRE,2018-11-04 00:00:00,-5.03
KRE,2018-11-05 00:00:00,-5.03
KRE,2018-11-06 00:00:00,-5.03
KRE,2018-11-07 00:00:00,-5.03
KRE,2018-11-08 00:00:00,-5.03
PAL,2018-10-24 00:00:00,8.54
PAL,2018-10-25 00:00:00,8.54
PAL,2018-10-26 00:00:00,8.54
PAL,2018-10-27 00:00:00,8.54
PAL,2018-10-28 00:00:00,8.54
PAL,2018-10-29 00:00:00,8.54
PAL,2018-10-30 00:00:00,8.54
PAL,2018-10-31 00:00:00,8.54
PAL,2018-11-01 00:00:00,8.54
PAL,2018-11-02 00:00:00,8.54
PAL,2018-11-03 00:00:00,8.54
PAL,2018-11-04 00:00:00,8.54
PAL,2018-11-05 00:00:00,8.54
PAL,2018-11-06 00:00:00,8.54
PAL,2018-11-07 00:00:00,8.54
HTM,2018-10-25 00:00:00,3.51
HTM,2018-10-26 00:00:00,3.51
HTM,2018-10-27 00:00:00,3.51
HTM,2018-10-28 00:00:00,3.51
HTM,2018-10-29 00:00:00,3.51
HTM,2018-10-30 00:00:00,3.51
HTM,2018-10-31 00:00:00,3.51
HTM,2018-11-01 00:00:00,3.51
HTM,2018-11-02 00:00:00,3.51
HTM,2018-11-03 00:00:00,3.51
HTM,2018-11-04 00:00:00,3.51
HTM,2018-11-05 00:00:00,3.51
HTM,2018-11-06 00:00:00,3.51
HTM,2018-11-07 00:00:00,3.51
HTM,2018-11-08 00:00:00,3.51
OPE,2018-10-29 00:00:00,-1.37
OPE,2018-10-30 00:00:00,-1.37
OPE,2018-10-31 00:00:00,-1.37
OPE,2018-11-01 00:00:00,-1.37
OPE,2018-11-02 00:00:00,-1.37
OPE,2018-11-03 00:00:00,-1.37
OPE,2018-11-04 00:00:00,-1.37
OPE,2018-11-05 00:00:00,-1.37
OPE,2018-11-06 00:00:00,-1.37
OPE,2018-11-07 00:00:00,-1.37
OPE,2018-11-08 00:00:00,-1.37
OPE,2018-11-09 00:00:00,-1.37
OPE,2018-11-10 00:00:00,-1.37
OPE,2018-11-11 00:00:00,-1.37
OPE,2018-11-12 00:00:00,-1.37
TRN,2018-10-31 00:00:00,2.34
TRN,2018-11-01 00:00:00,2.34
TRN,2018-11-02 00:00:00,2.34
TRN,2018-11-03 00:00:00,2.34
TRN,2018-11-04 00:00:00,2.34
TRN,2018-11-05 00:00:00,2.34
TRN,2018-11-06 00:00:00,2.34
TRN,2018-11-07 00:00:00,2.34
TRN,2018-11-08 00:00:00,2.34
TRN,2018-11-09 00:00:00,2.34
TRN,2018-11-10 00:00:00,2.34
TRN,2018-11-11 00:00:00,2.34
TRN,2018-11-12 00:00:00,2.34
TRN,2018-11-13 00:00:00,2.34
TRN,2018-11-14 00:00:00,2.34
HPB,2018-10-31 10:52:00,-4.23
HPB,2018-11-01 10:52:00,-4.23
HPB,2018-11-02 10:52:00,-4.23
HPB,2018-11-03 10:52:00,-4.23
HPB,2018-11-04 10:52:00,-4.23
HPB,2018-11-05 10:52:00,-4.23
HPB,2018-11-06 10:52:00,-4.23
HPB,2018-11-07 10:52:00,-4.23
HPB,2018-11-08 10:52:00,-4.23
HPB,2018-11-09 10:52:00,-4.23
HPB,2018-11-10 10:52:00,-4.23
HPB,2018-11-11 10:52:00,-4.23
HPB,2018-11-12 10:52:00,-4.23
HPB,2018-11-13 10:52:00,-4.23
HPB,2018-11-14 10:52:00,-4.23
SVB,2018-11-05 00:00:00,-0.56
SVB,2018-11-06 00:00:00,-0.56
SVB,2018-11-07 00:00:00,-0.56
SVB,2018-11-08 00:00:00,-0.56
SVB,2018-11-09 00:00:00,-0.56
SVB,2018-11-10 00:00:00,-0.56
SVB,2018-11-11 00:00:00,-0.56
SVB,2018-11-12 00:00:00,-0.56
SVB,2018-11-13 00:00:00,-0.56
SVB,2018-11-14 00:00:00,-0.56
SVB,2018-11-15 00:00:00,-0.56
SVB,2018-11-16 00:00:00,-0.56
SVB,2018-11-17 00:00:00,-0.56
SVB,2018-11-18 00:00:00,-0.56
SVB,2018-11-19 00:00:00,-0.56
NOR,2018-11-06 00:00:00,-0.22
NOR,2018-11-07 00:00:00,-0.22
NOR,2018-11-08 00:00:00,-0.22
NOR,2018-11-09 00:00:00,-0.22
NOR,2018-11-10 00:00:00,-0.22
NOR,2018-11-11 00:00:00,-0.22
NOR,2018-11-12 00:00:00,-0.22
NOR,2018-11-13 00:00:00,-0.22
NOR,2018-11-14 00:00:00,-0.22
NOR,2018-11-15 00:00:00,-0.22
NOR,2018-11-16 00:00:00,-0.22
NOR,2018-11-17 00:00:00,-0.22
NOR,2018-11-18 00:00:00,-0.22
NOR,2018-11-19 00:00:00,-0.22
NOR,2018-11-20 00:00:00,-0.22
CBW,2018-11-07 00:00:00,-7.47
CBW,2018-11-08 00:00:00,-7.47
CBW,2018-11-09 00:00:00,-7.47
CBW,2018-11-10 00:00:00,-7.47
CBW,2018-11-11 00:00:00,-7.47
CBW,2018-11-12 00:00:00,-7.47
CBW,2018-11-13 00:00:00,-7.47
CBW,2018-11-14 00:00:00,-7.47
CBW,2018-11-15 00:00:00,-7.47
CBW,2018-11-16 00:00:00,-7.47
CBW,2018-11-17 00:00:00,-7.47
CBW,2018-11-18 00:00:00,-7.47
CBW,2018-11-19 00:00:00,-7.47
CBW,2018-11-20 00:00:00,-7.47
CBW,2018-11-21 00:00:00,-7.47
CBW,2018-11-22 00:00:00,-7.47
CBW,2018-11-23 00:00:00,-7.47
CBW,2018-11-24 00:00:00,-7.47
CBW,2018-11-25 00:00:00,-7.47
CBW,2018-11-26 00:00:00,-7.47
CBW,2018-11-27 00:00:00,-7.47
CBW,2018-11-28 00:00:00,-7.47
CBW,2018-11-29 00:00:00,-7.47
CBW,2018-11-30 00:00:00,-7.47
CBW,2018-12-01 00:00:00,-7.47
CBW,2018-12-02 00:00:00,-7.47
CBW,2018-12-03 00:00:00,-7.47
CBW,2018-12-04 00:00:00,-7.47
CBW,2018-12-05 00:00:00,-7.47
CBW,2018-12-06 00:00:00,-7.47
CBW,2018-12-07 00:00:00,-7.47
CBW,2018-12-08 00:00:00,-7.47
CBW,2018-12-09 00:00:00,-7.47
CBW,2018-12-10 00:00:00,-7.47
CBW,2018-12-11 00:00:00,-7.47
CBW,2018-12-12 00:00:00,-7.47
CBW,2018-12-13 00:00:00,-7.47
PAL,2018-11-07 00:00:00,2.05
PAL,2018-11-08 00:00:00,2.05
PAL,2018-11-09 00:00:00,2.05
PAL,2018-11-10 00:00:00,2.05
PAL,2018-11-11 00:00:00,2.05
PAL,2018-11-12 00:00:00,2.05
PAL,2018-11-13 00:00:00,2.05
PAL,2018-11-14 00:00:00,2.05
PAL,2018-11-15 00:00:00,2.05
PAL,2018-11-16 00:00:00,2.05
PAL,2018-11-17 00:00:00,2.05
PAL,2018-11-18 00:00:00,2.05
PAL,2018-11-19 00:00:00,2.05
PAL,2018-11-20 00:00:00,2.05
PAL,2018-11-21 00:00:00,2.05
HTM,2018-11-08 00:00:00,0.5
HTM,2018-11-09 00:00:00,0.5
HTM,2018-11-10 00:00:00,0.5
HTM,2018-11-11 00:00:00,0.5
HTM,2018-11-12 00:00:00,0.5
HTM,2018-11-13 00:00:00,0.5
HTM,2018-11-14 00:00:00,0.5
HTM,2018-11-15 00:00:00,0.5
HTM,2018-11-16 00:00:00,0.5
HTM,2018-11-17 00:00:00,0.5
HTM,2018-11-18 00:00:00,0.5
HTM,2018-11-19 00:00:00,0.5
HTM,2018-11-20 00:00:00,0.5
HTM,2018-11-21 00:00:00,0.5
HTM,2018-11-22 00:00:00,0.5
HTM,2018-11-23 00:00:00,0.5
KRE,2018-11-08 00:00:00,-1.21
KRE,2018-11-09 00:00:00,-1.21
KRE,2018-11-10 00:00:00,-1.21
KRE,2018-11-11 00:00:00,-1.21
KRE,2018-11-12 00:00:00,-1.21
KRE,2018-11-13 00:00:00,-1.21
KRE,2018-11-14 00:00:00,-1.21
KRE,2018-11-15 00:00:00,-1.21
KRE,2018-11-16 00:00:00,-1.21
KRE,2018-11-17 00:00:00,-1.21
KRE,2018-11-18 00:00:00,-1.21
KRE,2018-11-19 00:00:00,-1.21
KRE,2018-11-20 00:00:00,-1.21
KRE,2018-11-21 00:00:00,-1.21
SAC,2018-11-09 00:00:00,-6.93
SAC,2018-11-10 00:00:00,-6.93
SAC,2018-11-11 00:00:00,-6.93
SAC,2018-11-12 00:00:00,-6.93
SAC,2018-11-13 00:00:00,-6.93
SAC,2018-11-14 00:00:00,-6.93
SAC,2018-11-15 00:00:00,-6.93
SAC,2018-11-16 00:00:00,-6.93
SAC,2018-11-17 00:00:00,-6.93
SAC,2018-11-18 00:00:00,-6.93
SAC,2018-11-19 00:00:00,-6.93
SAC,2018-11-20 00:00:00,-6.93
SAC,2018-11-21 00:00:00,-6.93
SAC,2018-11-22 00:00:00,-6.93
SAC,2018-11-23 00:00:00,-6.93
SAC,2018-11-24 00:00:00,-6.93
SAC,2018-11-25 00:00:00,-6.93
SAC,2018-11-26 00:00:00,-6.93
SAC,2018-11-27 00:00:00,-6.93
OPE,2018-11-12 00:00:00,-5.64
OPE,2018-11-13 00:00:00,-5.64
OPE,2018-11-14 00:00:00,-5.64
OPE,2018-11-15 00:00:00,-5.64
OPE,2018-11-16 00:00:00,-5.64
OPE,2018-11-17 00:00:00,-5.64
OPE,2018-11-18 00:00:00,-5.64
OPE,2018-11-19 00:00:00,-5.64
OPE,2018-11-20 00:00:00,-5.64
OPE,2018-11-21 00:00:00,-5.64
OPE,2018-11-22 00:00:00,-5.64
OPE,2018-11-23 00:00:00,-5.64
OPE,2018-11-24 00:00:00,-5.64
OPE,2018-11-25 00:00:00,-5.64
OPE,2018-11-26 00:00:00,-5.64
TRN,2018-11-14 00:00:00,3.27
TRN,2018-11-15 00:00:00,3.27
TRN,2018-11-16 00:00:00,3.27
TRN,2018-11-17 00:00:00,3.27
TRN,2018-11-18 00:00:00,3.27
TRN,2018-11-19 00:00:00,3.27
TRN,2018-11-20 00:00:00,3.27
TRN,2018-11-21 00:00:00,3.27
TRN,2018-11-22 00:00:00,3.27
TRN,2018-11-23 00:00:00,3.27
TRN,2018-11-24 00:00:00,3.27
TRN,2018-11-25 00:00:00,3.27
TRN,2018-11-26 00:00:00,3.27
TRN,2018-11-27 00:00:00,3.27
TRN,2018-11-28 00:00:00,3.27
TRN,2018-11-29 00:00:00,3.27
TRN,2018-11-30 00:00:00,3.27
TRN,2018-12-01 00:00:00,3.27
TRN,2018-12-02 00:00:00,3.27
TRN,2018-12-03 00:00:00,3.27
TRN,2018-12-04 00:00:00,3.27
TRN,2018-12-05 00:00:00,3.27
HPB,2018-11-14 12:55:00,-5.93
HPB,2018-11-15 12:55:00,-5.93
HPB,2018-11-16 12:55:00,-5.93
HPB,2018-11-17 12:55:00,-5.93
HPB,2018-11-18 12:55:00,-5.93
HPB,2018-11-19 12:55:00,-5.93
HPB,2018-11-20 12:55:00,-5.93
HPB,2018-11-21 12:55:00,-5.93
HPB,2018-11-22 12:55:00,-5.93
HPB,2018-11-23 12:55:00,-5.93
HPB,2018-11-24 12:55:00,-5.93
HPB,2018-11-25 12:55:00,-5.93
HPB,2018-11-26 12:55:00,-5.93
HPB,2018-11-27 12:55:00,-5.93
JFJ,2018-11-19 00:00:00,3.91
JFJ,2018-11-20 00:00:00,3.91
JFJ,2018-11-21 00:00:00,3.91
JFJ,2018-11-22 00:00:00,3.91
JFJ,2018-11-23 00:00:00,3.91
JFJ,2018-11-24 00:00:00,3.91
JFJ,2018-11-25 00:00:00,3.91
JFJ,2018-11-26 00:00:00,3.91
JFJ,2018-11-27 00:00:00,3.91
JFJ,2018-11-28 00:00:00,3.91
JFJ,2018-11-29 00:00:00,3.91
JFJ,2018-11-30 00:00:00,3.91
JFJ,2018-12-01 00:00:00,3.91
JFJ,2018-12-02 00:00:00,3.91
JFJ,2018-12-03 00:00:00,3.91
SVB,2018-11-19 00:00:00,0.18
SVB,2018-11-20 00:00:00,0.18
SVB,2018-11-21 00:00:00,0.18
SVB,2018-11-22 00:00:00,0.18
SVB,2018-11-23 00:00:00,0.18
SVB,2018-11-24 00:00:00,0.18
SVB,2018-11-25 00:00:00,0.18
SVB,2018-11-26 00:00:00,0.18
SVB,2018-11-27 00:00:00,0.18
SVB,2018-11-28 00:00:00,0.18
SVB,2018-11-29 00:00:00,0.18
SVB,2018-11-30 00:00:00,0.18
SVB,2018-12-01 00:00:00,0.18
SVB,2018-12-02 00:00:00,0.18
SVB,2018-12-03 00:00:00,0.18
NOR,2018-11-20 00:00:00,1.44
NOR,2018-11-21 00:00:00,1.44
NOR,2018-11-22 00:00:00,1.44
NOR,2018-11-23 00:00:00,1.44
NOR,2018-11-24 00:00:00,1.44
NOR,2018-11-25 00:00:00,1.44
NOR,2018-11-26 00:00:00,1.44
NOR,2018-11-27 00:00:00,1.44
NOR,2018-11-28 00:00:00,1.44
NOR,2018-11-29 00:00:00,1.44
NOR,2018-11-30 00:00:00,1.44
NOR,2018-12-01 00:00:00,1.44
NOR,2018-12-02 00:00:00,1.44
NOR,2018-12-03 00:00:00,1.44
NOR,2018-12-04 00:00:00,1.44
KRE,2018-11-21 00:00:00,-3.54
KRE,2018-11-22 00:00:00,-3.54
KRE,2018-11-23 00:00:00,-3.54
KRE,2018-11-24 00:00:00,-3.54
KRE,2018-11-25 00:00:00,-3.54
KRE,2018-11-26 00:00:00,-3.54
KRE,2018-11-27 00:00:00,-3.54
KRE,2018-11-28 00:00:00,-3.54
KRE,2018-11-29 00:00:00,-3.54
KRE,2018-11-30 00:00:00,-3.54
KRE,2018-12-01 00:00:00,-3.54
KRE,2018-12-02 00:00:00,-3.54
KRE,2018-12-03 00:00:00,-3.54
KRE,2018-12-04 00:00:00,-3.54
KRE,2018-12-05 00:00:00,-3.54
PAL,2018-11-21 00:00:00,5.08
PAL,2018-11-22 00:00:00,5.08
PAL,2018-11-23 00:00:00,5.08
PAL,2018-11-24 00:00:00,5.08
PAL,2018-11-25 00:00:00,5.08
PAL,2018-11-26 00:00:00,5.08
PAL,2018-11-27 00:00:00,5.08
PAL,2018-11-28 00:00:00,5.08
PAL,2018-11-29 00:00:00,5.08
PAL,2018-11-30 00:00:00,5.08
PAL,2018-12-01 00:00:00,5.08
PAL,2018-12-02 00:00:00,5.08
PAL,2018-12-03 00:00:00,5.08
PAL,2018-12-04 00:00:00,5.08
PAL,2018-12-05 00:00:00,5.08
HTM,2018-11-23 00:00:00,-0.87
HTM,2018-11-24 00:00:00,-0.87
HTM,2018-11-25 00:00:00,-0.87
HTM,2018-11-26 00:00:00,-0.87
HTM,2018-11-27 00:00:00,-0.87
HTM,2018-11-28 00:00:00,-0.87
HTM,2018-11-29 00:00:00,-0.87
HTM,2018-11-30 00:00:00,-0.87
HTM,2018-12-01 00:00:00,-0.87
HTM,2018-12-02 00:00:00,-0.87
HTM,2018-12-03 00:00:00,-0.87
HTM,2018-12-04 00:00:00,-0.87
HTM,2018-12-05 00:00:00,-0.87
HTM,2018-12-06 00:00:00,-0.87
OPE,2018-11-26 00:00:00,-1.41
OPE,2018-11-27 00:00:00,-1.41
OPE,2018-11-28 00:00:00,-1.41
OPE,2018-11-29 00:00:00,-1.41
OPE,2018-11-30 00:00:00,-1.41
OPE,2018-12-01 00:00:00,-1.41
OPE,2018-12-02 00:00:00,-1.41
OPE,2018-12-03 00:00:00,-1.41
OPE,2018-12-04 00:00:00,-1.41
OPE,2018-12-05 00:00:00,-1.41
OPE,2018-12-06 00:00:00,-1.41
OPE,2018-12-07 00:00:00,-1.41
OPE,2018-12-08 00:00:00,-1.41
OPE,2018-12-09 00:00:00,-1.41
OPE,2018-12-10 00:00:00,-1.41
SAC,2018-11-27 00:00:00,1.16
SAC,2018-11-28 00:00:00,1.16
SAC,2018-11-29 00:00:00,1.16
SAC,2018-11-30 00:00:00,1.16
SAC,2018-12-01 00:00:00,1.16
SAC,2018-12-02 00:00:00,1.16
SAC,2018-12-03 00:00:00,1.16
SAC,2018-12-04 00:00:00,1.16
SAC,2018-12-05 00:00:00,1.16
SAC,2018-12-06 00:00:00,1.16
SAC,2018-12-07 00:00:00,1.16
SAC,2018-12-08 00:00:00,1.16
SAC,2018-12-09 00:00:00,1.16
SAC,2018-12-10 00:00:00,1.16
HPB,2018-11-28 10:27:00,0.77
HPB,2018-11-29 10:27:00,0.77
HPB,2018-11-30 10:27:00,0.77
HPB,2018-12-01 10:27:00,0.77
HPB,2018-12-02 10:27:00,0.77
HPB,2018-12-03 10:27:00,0.77
HPB,2018-12-04 10:27:00,0.77
HPB,2018-12-05 10:27:00,0.77
HPB,2018-12-06 10:27:00,0.77
HPB,2018-12-07 10:27:00,0.77
HPB,2018-12-08 10:27:00,0.77
HPB,2018-12-09 10:27:00,0.77
HPB,2018-12-10 10:27:00,0.77
HPB,2018-12-11 10:27:00,0.77
SVB,2018-12-03 00:00:00,3.44
SVB,2018-12-04 00:00:00,3.44
SVB,2018-12-05 00:00:00,3.44
SVB,2018-12-06 00:00:00,3.44
SVB,2018-12-07 00:00:00,3.44
SVB,2018-12-08 00:00:00,3.44
SVB,2018-12-09 00:00:00,3.44
SVB,2018-12-10 00:00:00,3.44
SVB,2018-12-11 00:00:00,3.44
SVB,2018-12-12 00:00:00,3.44
SVB,2018-12-13 00:00:00,3.44
SVB,2018-12-14 00:00:00,3.44
SVB,2018-12-15 00:00:00,3.44
SVB,2018-12-16 00:00:00,3.44
SVB,2018-12-17 00:00:00,3.44
NOR,2018-12-04 00:00:00,5.12
NOR,2018-12-05 00:00:00,5.12
NOR,2018-12-06 00:00:00,5.12
NOR,2018-12-07 00:00:00,5.12
NOR,2018-12-08 00:00:00,5.12
NOR,2018-12-09 00:00:00,5.12
NOR,2018-12-10 00:00:00,5.12
NOR,2018-12-11 00:00:00,5.12
NOR,2018-12-12 00:00:00,5.12
NOR,2018-12-13 00:00:00,5.12
NOR,2018-12-14 00:00:00,5.12
NOR,2018-12-15 00:00:00,5.12
NOR,2018-12-16 00:00:00,5.12
NOR,2018-12-17 00:00:00,5.12
NOR,2018-12-18 00:00:00,5.12
KRE,2018-12-05 00:00:00,-2.42
KRE,2018-12-06 00:00:00,-2.42
KRE,2018-12-07 00:00:00,-2.42
KRE,2018-12-08 00:00:00,-2.42
KRE,2018-12-09 00:00:00,-2.42
KRE,2018-12-10 00:00:00,-2.42
KRE,2018-12-11 00:00:00,-2.42
KRE,2018-12-12 00:00:00,-2.42
KRE,2018-12-13 00:00:00,-2.42
KRE,2018-12-14 00:00:00,-2.42
KRE,2018-12-15 00:00:00,-2.42
KRE,2018-12-16 00:00:00,-2.42
KRE,2018-12-17 00:00:00,-2.42
KRE,2018-12-18 00:00:00,-2.42
KRE,2018-12-19 00:00:00,-2.42
PAL,2018-12-05 00:00:00,5.24
PAL,2018-12-06 00:00:00,5.24
PAL,2018-12-07 00:00:00,5.24
PAL,2018-12-08 00:00:00,5.24
PAL,2018-12-09 00:00:00,5.24
PAL,2018-12-10 00:00:00,5.24
PAL,2018-12-11 00:00:00,5.24
PAL,2018-12-12 00:00:00,5.24
PAL,2018-12-13 00:00:00,5.24
PAL,2018-12-14 00:00:00,5.24
PAL,2018-12-15 00:00:00,5.24
PAL,2018-12-16 00:00:00,5.24
PAL,2018-12-17 00:00:00,5.24
PAL,2018-12-18 00:00:00,5.24
PAL,2018-12-19 00:00:00,5.24
TRN,2018-12-05 00:00:00,-1.33
TRN,2018-12-06 00:00:00,-1.33
TRN,2018-12-07 00:00:00,-1.33
TRN,2018-12-08 00:00:00,-1.33
TRN,2018-12-09 00:00:00,-1.33
TRN,2018-12-10 00:00:00,-1.33
TRN,2018-12-11 00:00:00,-1.33
TRN,2018-12-12 00:00:00,-1.33
TRN,2018-12-13 00:00:00,-1.33
TRN,2018-12-14 00:00:00,-1.33
TRN,2018-12-15 00:00:00,-1.33
TRN,2018-12-16 00:00:00,-1.33
TRN,2018-12-17 00:00:00,-1.33
TRN,2018-12-18 00:00:00,-1.33
TRN,2018-12-19 00:00:00,-1.33
TRN,2018-12-20 00:00:00,-1.33
TRN,2018-12-21 00:00:00,-1.33
TRN,2018-12-22 00:00:00,-1.33
TRN,2018-12-23 00:00:00,-1.33
TRN,2018-12-24 00:00:00,-1.33
TRN,2018-12-25 00:00:00,-1.33
TRN,2018-12-26 00:00:00,-1.33
TRN,2018-12-27 00:00:00,-1.33
TRN,2018-12-28 00:00:00,-1.33
TRN,2018-12-29 00:00:00,-1.33
TRN,2018-12-30 00:00:00,-1.33
TRN,2018-12-31 00:00:00,-1.33
TRN,2019-01-01 00:00:00,-1.33
TRN,2019-01-02 00:00:00,-1.33
TRN,2019-01-03 00:00:00,-1.33
TRN,2019-01-04 00:00:00,-1.33
TRN,2019-01-05 00:00:00,-1.33
TRN,2019-01-06 00:00:00,-1.33
TRN,2019-01-07 00:00:00,-1.33
TRN,2019-01-08 00:00:00,-1.33
TRN,2019-01-09 00:00:00,-1.33
TRN,2019-01-10 00:00:00,-1.33
HTM,2018-12-06 00:00:00,1.89
HTM,2018-12-07 00:00:00,1.89
HTM,2018-12-08 00:00:00,1.89
HTM,2018-12-09 00:00:00,1.89
HTM,2018-12-10 00:00:00,1.89
HTM,2018-12-11 00:00:00,1.89
HTM,2018-12-12 00:00:00,1.89
HTM,2018-12-13 00:00:00,1.89
HTM,2018-12-14 00:00:00,1.89
HTM,2018-12-15 00:00:00,1.89
HTM,2018-12-16 00:00:00,1.89
HTM,2018-12-17 00:00:00,1.89
HTM,2018-12-18 00:00:00,1.89
HTM,2018-12-19 00:00:00,1.89
HTM,2018-12-20 00:00:00,1.89
OPE,2018-12-10 00:00:00,-4.86
OPE,2018-12-11 00:00:00,-4.86
OPE,2018-12-12 00:00:00,-4.86
OPE,2018-12-13 00:00:00,-4.86
OPE,2018-12-14 00:00:00,-4.86
OPE,2018-12-15 00:00:00,-4.86
OPE,2018-12-16 00:00:00,-4.86
OPE,2018-12-17 00:00:00,-4.86
OPE,2018-12-18 00:00:00,-4.86
OPE,2018-12-19 00:00:00,-4.86
OPE,2018-12-20 00:00:00,-4.86
OPE,2018-12-21 00:00:00,-4.86
SAC,2018-12-10 00:00:00,-10.08
SAC,2018-12-11 00:00:00,-10.08
SAC,2018-12-12 00:00:00,-10.08
SAC,2018-12-13 00:00:00,-10.08
SAC,2018-12-14 00:00:00,-10.08
SAC,2018-12-15 00:00:00,-10.08
SAC,2018-12-16 00:00:00,-10.08
SAC,2018-12-17 00:00:00,-10.08
SAC,2018-12-18 00:00:00,-10.08
SAC,2018-12-19 00:00:00,-10.08
SAC,2018-12-20 00:00:00,-10.08
SAC,2018-12-21 00:00:00,-10.08
HPB,2018-12-12 10:34:00,-7.5
HPB,2018-12-13 10:34:00,-7.5
HPB,2018-12-14 10:34:00,-7.5
HPB,2018-12-15 10:34:00,-7.5
HPB,2018-12-16 10:34:00,-7.5
HPB,2018-12-17 10:34:00,-7.5
HPB,2018-12-18 10:34:00,-7.5
HPB,2018-12-19 10:34:00,-7.5
HPB,2018-12-20 10:34:00,-7.5
HPB,2018-12-21 10:34:00,-7.5
HPB,2018-12-22 10:34:00,-7.5
HPB,2018-12-23 10:34:00,-7.5
HPB,2018-12-24 10:34:00,-7.5
HPB,2018-12-25 10:34:00,-7.5
HPB,2018-12-26 10:34:00,-7.5
CBW,2018-12-13 00:00:00,-12.69
CBW,2018-12-14 00:00:00,-12.69
CBW,2018-12-15 00:00:00,-12.69
CBW,2018-12-16 00:00:00,-12.69
CBW,2018-12-17 00:00:00,-12.69
CBW,2018-12-18 00:00:00,-12.69
CBW,2018-12-19 00:00:00,-12.69
CBW,2018-12-20 00:00:00,-12.69
CBW,2018-12-21 00:00:00,-12.69
CBW,2018-12-22 00:00:00,-12.69
CBW,2018-12-23 00:00:00,-12.69
CBW,2018-12-24 00:00:00,-12.69
CBW,2018-12-25 00:00:00,-12.69
CBW,2018-12-26 00:00:00,-12.69
CBW,2018-12-27 00:00:00,-12.69
CBW,2018-12-28 00:00:00,-12.69
CBW,2018-12-29 00:00:00,-12.69
CBW,2018-12-30 00:00:00,-12.69
CBW,2018-12-31 00:00:00,-12.69
CBW,2019-01-01 00:00:00,-12.69
CBW,2019-01-02 00:00:00,-12.69
CBW,2019-01-03 00:00:00,-12.69
CBW,2019-01-04 00:00:00,-12.69
CBW,2019-01-05 00:00:00,-12.69
CBW,2019-01-06 00:00:00,-12.69
CBW,2019-01-07 00:00:00,-12.69
CBW,2019-01-08 00:00:00,-12.69
CBW,2019-01-09 00:00:00,-12.69
JFJ,2018-12-17 00:00:00,1.05
JFJ,2018-12-18 00:00:00,1.05
JFJ,2018-12-19 00:00:00,1.05
JFJ,2018-12-20 00:00:00,1.05
JFJ,2018-12-21 00:00:00,1.05
JFJ,2018-12-22 00:00:00,1.05
JFJ,2018-12-23 00:00:00,1.05
JFJ,2018-12-24 00:00:00,1.05
JFJ,2018-12-25 00:00:00,1.05
JFJ,2018-12-26 00:00:00,1.05
JFJ,2018-12-27 00:00:00,1.05
JFJ,2018-12-28 00:00:00,1.05
JFJ,2018-12-29 00:00:00,1.05
JFJ,2018-12-30 00:00:00,1.05
JFJ,2018-12-31 00:00:00,1.05
SVB,2018-12-17 00:00:00,-0.23
SVB,2018-12-18 00:00:00,-0.23
SVB,2018-12-19 00:00:00,-0.23
SVB,2018-12-20 00:00:00,-0.23
SVB,2018-12-21 00:00:00,-0.23
SVB,2018-12-22 00:00:00,-0.23
SVB,2018-12-23 00:00:00,-0.23
SVB,2018-12-24 00:00:00,-0.23
SVB,2018-12-25 00:00:00,-0.23
SVB,2018-12-26 00:00:00,-0.23
SVB,2018-12-27 00:00:00,-0.23
SVB,2018-12-28 00:00:00,-0.23
SVB,2018-12-29 00:00:00,-0.23
SVB,2018-12-30 00:00:00,-0.23
SVB,2018-12-31 00:00:00,-0.23
SVB,2019-01-01 00:00:00,-0.23
SVB,2019-01-02 00:00:00,-0.23
SVB,2019-01-03 00:00:00,-0.23
SVB,2019-01-04 00:00:00,-0.23
NOR,2018-12-18 00:00:00,3.04
NOR,2018-12-19 00:00:00,3.04
NOR,2018-12-20 00:00:00,3.04
NOR,2018-12-21 00:00:00,3.04
NOR,2018-12-22 00:00:00,3.04
NOR,2018-12-23 00:00:00,3.04
NOR,2018-12-24 00:00:00,3.04
NOR,2018-12-25 00:00:00,3.04
NOR,2018-12-26 00:00:00,3.04
NOR,2018-12-27 00:00:00,3.04
NOR,2018-12-28 00:00:00,3.04
NOR,2018-12-29 00:00:00,3.04
NOR,2018-12-30 00:00:00,3.04
NOR,2018-12-31 00:00:00,3.04
NOR,2019-01-01 00:00:00,3.04
KRE,2018-12-19 00:00:00,-2.38
KRE,2018-12-20 00:00:00,-2.38
KRE,2018-12-21 00:00:00,-2.38
KRE,2018-12-22 00:00:00,-2.38
KRE,2018-12-23 00:00:00,-2.38
KRE,2018-12-24 00:00:00,-2.38
KRE,2018-12-25 00:00:00,-2.38
KRE,2018-12-26 00:00:00,-2.38
KRE,2018-12-27 00:00:00,-2.38
KRE,2018-12-28 00:00:00,-2.38
KRE,2018-12-29 00:00:00,-2.38
KRE,2018-12-30 00:00:00,-2.38
KRE,2018-12-31 00:00:00,-2.38
KRE,2019-01-01 00:00:00,-2.38
KRE,2019-01-02 00:00:00,-2.38
KRE,2019-01-03 00:00:00,-2.38
HTM,2018-12-20 00:00:00,-0.61
HTM,2018-12-21 00:00:00,-0.61
HTM,2018-12-22 00:00:00,-0.61
HTM,2018-12-23 00:00:00,-0.61
HTM,2018-12-24 00:00:00,-0.61
HTM,2018-12-25 00:00:00,-0.61
HTM,2018-12-26 00:00:00,-0.61
HTM,2018-12-27 00:00:00,-0.61
HTM,2018-12-28 00:00:00,-0.61
HTM,2018-12-29 00:00:00,-0.61
HTM,2018-12-30 00:00:00,-0.61
HTM,2018-12-31 00:00:00,-0.61
HTM,2019-01-01 00:00:00,-0.61
HTM,2019-01-02 00:00:00,-0.61
HTM,2019-01-03 00:00:00,-0.61
OPE,2018-12-21 00:00:00,0.66
OPE,2018-12-22 00:00:00,0.66
OPE,2018-12-23 00:00:00,0.66
OPE,2018-12-24 00:00:00,0.66
OPE,2018-12-25 00:00:00,0.66
OPE,2018-12-26 00:00:00,0.66
OPE,2018-12-27 00:00:00,0.66
OPE,2018-12-28 00:00:00,0.66
OPE,2018-12-29 00:00:00,0.66
OPE,2018-12-30 00:00:00,0.66
OPE,2018-12-31 00:00:00,0.66
OPE,2019-01-01 00:00:00,0.66
OPE,2019-01-02 00:00:00,0.66
OPE,2019-01-03 00:00:00,0.66
OPE,2019-01-04 00:00:00,0.66
OPE,2019-01-05 00:00:00,0.66
OPE,2019-01-06 00:00:00,0.66
OPE,2019-01-07 00:00:00,0.66
SAC,2018-12-21 00:00:00,-10.15
SAC,2018-12-22 00:00:00,-10.15
SAC,2018-12-23 00:00:00,-10.15
SAC,2018-12-24 00:00:00,-10.15
SAC,2018-12-25 00:00:00,-10.15
SAC,2018-12-26 00:00:00,-10.15
SAC,2018-12-27 00:00:00,-10.15
SAC,2018-12-28 00:00:00,-10.15
SAC,2018-12-29 00:00:00,-10.15
SAC,2018-12-30 00:00:00,-10.15
SAC,2018-12-31 00:00:00,-10.15
SAC,2019-01-01 00:00:00,-10.15
SAC,2019-01-02 00:00:00,-10.15
SAC,2019-01-03 00:00:00,-10.15
SAC,2019-01-04 00:00:00,-10.15
SAC,2019-01-05 00:00:00,-10.15
SAC,2019-01-06 00:00:00,-10.15
SAC,2019-01-07 00:00:00,-10.15
HPB,2018-12-27 10:36:00,-6.44
HPB,2018-12-28 10:36:00,-6.44
HPB,2018-12-29 10:36:00,-6.44
HPB,2018-12-30 10:36:00,-6.44
HPB,2018-12-31 10:36:00,-6.44
HPB,2019-01-01 10:36:00,-6.44
HPB,2019-01-02 10:36:00,-6.44
HPB,2019-01-03 10:36:00,-6.44
HPB,2019-01-04 10:36:00,-6.44
HPB,2019-01-05 10:36:00,-6.44
HPB,2019-01-06 10:36:00,-6.44
HPB,2019-01-07 10:36:00,-6.44
HPB,2019-01-08 10:36:00,-6.44
